"Description: ","Monthly number of days when precipitation >= 10 mm"
"Station: ","final_1971_2005_Paris_rcp45"
"Latitude: ","48.85"
"Longitude: ","2.35"
"Climpact_version: ","3.1.6"
"Date_of_calculation: ","2024-01-01"
time, r10mm, normalised (all years)
1971-01, 2, 0.311702858278307
1971-02, 0, -1.1269257183908
1971-03, 0, -1.1269257183908
1971-04, 2, 0.311702858278307
1971-05, 2, 0.311702858278307
1971-06, 0, -1.1269257183908
1971-07, 1, -0.407611430056248
1971-08, 1, -0.407611430056248
1971-09, 4, 1.75033143494742
1971-10, 0, -1.1269257183908
1971-11, 1, -0.407611430056248
1971-12, 2, 0.311702858278307
1972-01, 1, -0.407611430056248
1972-02, 1, -0.407611430056248
1972-03, 3, 1.03101714661286
1972-04, 1, -0.407611430056248
1972-05, 2, 0.311702858278307
1972-06, 2, 0.311702858278307
1972-07, 1, -0.407611430056248
1972-08, 2, 0.311702858278307
1972-09, 0, -1.1269257183908
1972-10, 1, -0.407611430056248
1972-11, 0, -1.1269257183908
1972-12, 1, -0.407611430056248
1973-01, 0, -1.1269257183908
1973-02, 0, -1.1269257183908
1973-03, 3, 1.03101714661286
1973-04, 0, -1.1269257183908
1973-05, 0, -1.1269257183908
1973-06, 1, -0.407611430056248
1973-07, 1, -0.407611430056248
1973-08, 1, -0.407611430056248
1973-09, 4, 1.75033143494742
1973-10, 3, 1.03101714661286
1973-11, 2, 0.311702858278307
1973-12, 1, -0.407611430056248
1974-01, 0, -1.1269257183908
1974-02, 0, -1.1269257183908
1974-03, 1, -0.407611430056248
1974-04, 0, -1.1269257183908
1974-05, 2, 0.311702858278307
1974-06, 0, -1.1269257183908
1974-07, 2, 0.311702858278307
1974-08, 2, 0.311702858278307
1974-09, 6, 3.18896001161653
1974-10, 2, 0.311702858278307
1974-11, 3, 1.03101714661286
1974-12, 0, -1.1269257183908
1975-01, 3, 1.03101714661286
1975-02, 0, -1.1269257183908
1975-03, 2, 0.311702858278307
1975-04, 2, 0.311702858278307
1975-05, 0, -1.1269257183908
1975-06, 1, -0.407611430056248
1975-07, 1, -0.407611430056248
1975-08, 3, 1.03101714661286
1975-09, 6, 3.18896001161653
1975-10, 2, 0.311702858278307
1975-11, 0, -1.1269257183908
1975-12, 2, 0.311702858278307
1976-01, 1, -0.407611430056248
1976-02, 0, -1.1269257183908
1976-03, 1, -0.407611430056248
1976-04, 1, -0.407611430056248
1976-05, 1, -0.407611430056248
1976-06, 0, -1.1269257183908
1976-07, 4, 1.75033143494742
1976-08, 0, -1.1269257183908
1976-09, 1, -0.407611430056248
1976-10, 2, 0.311702858278307
1976-11, 2, 0.311702858278307
1976-12, 2, 0.311702858278307
1977-01, 1, -0.407611430056248
1977-02, 0, -1.1269257183908
1977-03, 0, -1.1269257183908
1977-04, 3, 1.03101714661286
1977-05, 3, 1.03101714661286
1977-06, 2, 0.311702858278307
1977-07, 3, 1.03101714661286
1977-08, 1, -0.407611430056248
1977-09, 1, -0.407611430056248
1977-10, 2, 0.311702858278307
1977-11, 3, 1.03101714661286
1977-12, 0, -1.1269257183908
1978-01, 2, 0.311702858278307
1978-02, 1, -0.407611430056248
1978-03, 1, -0.407611430056248
1978-04, 1, -0.407611430056248
1978-05, 3, 1.03101714661286
1978-06, 1, -0.407611430056248
1978-07, 1, -0.407611430056248
1978-08, 0, -1.1269257183908
1978-09, 0, -1.1269257183908
1978-10, 2, 0.311702858278307
1978-11, 2, 0.311702858278307
1978-12, 0, -1.1269257183908
1979-01, 3, 1.03101714661286
1979-02, 0, -1.1269257183908
1979-03, 0, -1.1269257183908
1979-04, 0, -1.1269257183908
1979-05, 2, 0.311702858278307
1979-06, 3, 1.03101714661286
1979-07, 2, 0.311702858278307
1979-08, 1, -0.407611430056248
1979-09, 1, -0.407611430056248
1979-10, 4, 1.75033143494742
1979-11, 1, -0.407611430056248
1979-12, 3, 1.03101714661286
1980-01, 0, -1.1269257183908
1980-02, 0, -1.1269257183908
1980-03, 0, -1.1269257183908
1980-04, 0, -1.1269257183908
1980-05, 2, 0.311702858278307
1980-06, 2, 0.311702858278307
1980-07, 4, 1.75033143494742
1980-08, 5, 2.46964572328197
1980-09, 2, 0.311702858278307
1980-10, 1, -0.407611430056248
1980-11, 2, 0.311702858278307
1980-12, 4, 1.75033143494742
1981-01, 1, -0.407611430056248
1981-02, 2, 0.311702858278307
1981-03, 0, -1.1269257183908
1981-04, 2, 0.311702858278307
1981-05, 0, -1.1269257183908
1981-06, 0, -1.1269257183908
1981-07, 1, -0.407611430056248
1981-08, 1, -0.407611430056248
1981-09, 1, -0.407611430056248
1981-10, 1, -0.407611430056248
1981-11, 0, -1.1269257183908
1981-12, 0, -1.1269257183908
1982-01, 2, 0.311702858278307
1982-02, 0, -1.1269257183908
1982-03, 1, -0.407611430056248
1982-04, 2, 0.311702858278307
1982-05, 6, 3.18896001161653
1982-06, 0, -1.1269257183908
1982-07, 4, 1.75033143494742
1982-08, 0, -1.1269257183908
1982-09, 0, -1.1269257183908
1982-10, 3, 1.03101714661286
1982-11, 0, -1.1269257183908
1982-12, 2, 0.311702858278307
1983-01, 1, -0.407611430056248
1983-02, 2, 0.311702858278307
1983-03, 0, -1.1269257183908
1983-04, 4, 1.75033143494742
1983-05, 1, -0.407611430056248
1983-06, 2, 0.311702858278307
1983-07, 5, 2.46964572328197
1983-08, 5, 2.46964572328197
1983-09, 1, -0.407611430056248
1983-10, 0, -1.1269257183908
1983-11, 1, -0.407611430056248
1983-12, 2, 0.311702858278307
1984-01, 2, 0.311702858278307
1984-02, 4, 1.75033143494742
1984-03, 0, -1.1269257183908
1984-04, 1, -0.407611430056248
1984-05, 2, 0.311702858278307
1984-06, 0, -1.1269257183908
1984-07, 5, 2.46964572328197
1984-08, 0, -1.1269257183908
1984-09, 0, -1.1269257183908
1984-10, 1, -0.407611430056248
1984-11, 1, -0.407611430056248
1984-12, 1, -0.407611430056248
1985-01, 0, -1.1269257183908
1985-02, 0, -1.1269257183908
1985-03, 0, -1.1269257183908
1985-04, 0, -1.1269257183908
1985-05, 1, -0.407611430056248
1985-06, 0, -1.1269257183908
1985-07, 2, 0.311702858278307
1985-08, 1, -0.407611430056248
1985-09, 2, 0.311702858278307
1985-10, 2, 0.311702858278307
1985-11, 0, -1.1269257183908
1985-12, 0, -1.1269257183908
1986-01, 1, -0.407611430056248
1986-02, 2, 0.311702858278307
1986-03, 1, -0.407611430056248
1986-04, 0, -1.1269257183908
1986-05, 2, 0.311702858278307
1986-06, 2, 0.311702858278307
1986-07, 3, 1.03101714661286
1986-08, 2, 0.311702858278307
1986-09, 3, 1.03101714661286
1986-10, 0, -1.1269257183908
1986-11, 3, 1.03101714661286
1986-12, 4, 1.75033143494742
1987-01, 0, -1.1269257183908
1987-02, 0, -1.1269257183908
1987-03, 1, -0.407611430056248
1987-04, 2, 0.311702858278307
1987-05, 0, -1.1269257183908
1987-06, 1, -0.407611430056248
1987-07, 2, 0.311702858278307
1987-08, 3, 1.03101714661286
1987-09, 0, -1.1269257183908
1987-10, 4, 1.75033143494742
1987-11, 2, 0.311702858278307
1987-12, 2, 0.311702858278307
1988-01, 0, -1.1269257183908
1988-02, 2, 0.311702858278307
1988-03, 1, -0.407611430056248
1988-04, 0, -1.1269257183908
1988-05, 2, 0.311702858278307
1988-06, 1, -0.407611430056248
1988-07, 2, 0.311702858278307
1988-08, 2, 0.311702858278307
1988-09, 0, -1.1269257183908
1988-10, 3, 1.03101714661286
1988-11, 0, -1.1269257183908
1988-12, 0, -1.1269257183908
1989-01, 4, 1.75033143494742
1989-02, 1, -0.407611430056248
1989-03, 0, -1.1269257183908
1989-04, 1, -0.407611430056248
1989-05, 3, 1.03101714661286
1989-06, 1, -0.407611430056248
1989-07, 2, 0.311702858278307
1989-08, 2, 0.311702858278307
1989-09, 3, 1.03101714661286
1989-10, 2, 0.311702858278307
1989-11, 6, 3.18896001161653
1989-12, 1, -0.407611430056248
1990-01, 1, -0.407611430056248
1990-02, 0, -1.1269257183908
1990-03, 0, -1.1269257183908
1990-04, 1, -0.407611430056248
1990-05, 4, 1.75033143494742
1990-06, 0, -1.1269257183908
1990-07, 4, 1.75033143494742
1990-08, 2, 0.311702858278307
1990-09, 1, -0.407611430056248
1990-10, 2, 0.311702858278307
1990-11, 1, -0.407611430056248
1990-12, 4, 1.75033143494742
1991-01, 2, 0.311702858278307
1991-02, 2, 0.311702858278307
1991-03, 2, 0.311702858278307
1991-04, 3, 1.03101714661286
1991-05, 0, -1.1269257183908
1991-06, 2, 0.311702858278307
1991-07, 3, 1.03101714661286
1991-08, 1, -0.407611430056248
1991-09, 0, -1.1269257183908
1991-10, 2, 0.311702858278307
1991-11, 1, -0.407611430056248
1991-12, 3, 1.03101714661286
1992-01, 1, -0.407611430056248
1992-02, 2, 0.311702858278307
1992-03, 1, -0.407611430056248
1992-04, 1, -0.407611430056248
1992-05, 2, 0.311702858278307
1992-06, 2, 0.311702858278307
1992-07, 2, 0.311702858278307
1992-08, 2, 0.311702858278307
1992-09, 1, -0.407611430056248
1992-10, 3, 1.03101714661286
1992-11, 2, 0.311702858278307
1992-12, 1, -0.407611430056248
1993-01, 1, -0.407611430056248
1993-02, 1, -0.407611430056248
1993-03, 1, -0.407611430056248
1993-04, 2, 0.311702858278307
1993-05, 2, 0.311702858278307
1993-06, 1, -0.407611430056248
1993-07, 0, -1.1269257183908
1993-08, 1, -0.407611430056248
1993-09, 1, -0.407611430056248
1993-10, 1, -0.407611430056248
1993-11, 2, 0.311702858278307
1993-12, 1, -0.407611430056248
1994-01, 3, 1.03101714661286
1994-02, 1, -0.407611430056248
1994-03, 1, -0.407611430056248
1994-04, 1, -0.407611430056248
1994-05, 4, 1.75033143494742
1994-06, 1, -0.407611430056248
1994-07, 2, 0.311702858278307
1994-08, 4, 1.75033143494742
1994-09, 2, 0.311702858278307
1994-10, 3, 1.03101714661286
1994-11, 2, 0.311702858278307
1994-12, 2, 0.311702858278307
1995-01, 0, -1.1269257183908
1995-02, 0, -1.1269257183908
1995-03, 1, -0.407611430056248
1995-04, 1, -0.407611430056248
1995-05, 1, -0.407611430056248
1995-06, 4, 1.75033143494742
1995-07, 2, 0.311702858278307
1995-08, 1, -0.407611430056248
1995-09, 1, -0.407611430056248
1995-10, 2, 0.311702858278307
1995-11, 0, -1.1269257183908
1995-12, 3, 1.03101714661286
1996-01, 0, -1.1269257183908
1996-02, 2, 0.311702858278307
1996-03, 1, -0.407611430056248
1996-04, 1, -0.407611430056248
1996-05, 1, -0.407611430056248
1996-06, 1, -0.407611430056248
1996-07, 6, 3.18896001161653
1996-08, 0, -1.1269257183908
1996-09, 4, 1.75033143494742
1996-10, 0, -1.1269257183908
1996-11, 1, -0.407611430056248
1996-12, 5, 2.46964572328197
1997-01, 0, -1.1269257183908
1997-02, 0, -1.1269257183908
1997-03, 0, -1.1269257183908
1997-04, 3, 1.03101714661286
1997-05, 1, -0.407611430056248
1997-06, 1, -0.407611430056248
1997-07, 3, 1.03101714661286
1997-08, 3, 1.03101714661286
1997-09, 1, -0.407611430056248
1997-10, 2, 0.311702858278307
1997-11, 1, -0.407611430056248
1997-12, 3, 1.03101714661286
1998-01, 0, -1.1269257183908
1998-02, 1, -0.407611430056248
1998-03, 0, -1.1269257183908
1998-04, 0, -1.1269257183908
1998-05, 4, 1.75033143494742
1998-06, 2, 0.311702858278307
1998-07, 2, 0.311702858278307
1998-08, 2, 0.311702858278307
1998-09, 2, 0.311702858278307
1998-10, 2, 0.311702858278307
1998-11, 1, -0.407611430056248
1998-12, 1, -0.407611430056248
1999-01, 0, -1.1269257183908
1999-02, 1, -0.407611430056248
1999-03, 2, 0.311702858278307
1999-04, 2, 0.311702858278307
1999-05, 0, -1.1269257183908
1999-06, 3, 1.03101714661286
1999-07, 0, -1.1269257183908
1999-08, 1, -0.407611430056248
1999-09, 1, -0.407611430056248
1999-10, 5, 2.46964572328197
1999-11, 3, 1.03101714661286
1999-12, 0, -1.1269257183908
2000-01, 1, -0.407611430056248
2000-02, 2, 0.311702858278307
2000-03, 1, -0.407611430056248
2000-04, 1, -0.407611430056248
2000-05, 1, -0.407611430056248
2000-06, 1, -0.407611430056248
2000-07, 1, -0.407611430056248
2000-08, 1, -0.407611430056248
2000-09, 1, -0.407611430056248
2000-10, 3, 1.03101714661286
2000-11, 0, -1.1269257183908
2000-12, 2, 0.311702858278307
2001-01, 0, -1.1269257183908
2001-02, 2, 0.311702858278307
2001-03, 1, -0.407611430056248
2001-04, 3, 1.03101714661286
2001-05, 2, 0.311702858278307
2001-06, 1, -0.407611430056248
2001-07, 1, -0.407611430056248
2001-08, 5, 2.46964572328197
2001-09, 1, -0.407611430056248
2001-10, 1, -0.407611430056248
2001-11, 2, 0.311702858278307
2001-12, 2, 0.311702858278307
2002-01, 2, 0.311702858278307
2002-02, 2, 0.311702858278307
2002-03, 0, -1.1269257183908
2002-04, 0, -1.1269257183908
2002-05, 1, -0.407611430056248
2002-06, 1, -0.407611430056248
2002-07, 1, -0.407611430056248
2002-08, 1, -0.407611430056248
2002-09, 3, 1.03101714661286
2002-10, 2, 0.311702858278307
2002-11, 1, -0.407611430056248
2002-12, 3, 1.03101714661286
2003-01, 0, -1.1269257183908
2003-02, 0, -1.1269257183908
2003-03, 0, -1.1269257183908
2003-04, 2, 0.311702858278307
2003-05, 2, 0.311702858278307
2003-06, 1, -0.407611430056248
2003-07, 3, 1.03101714661286
2003-08, 3, 1.03101714661286
2003-09, 0, -1.1269257183908
2003-10, 2, 0.311702858278307
2003-11, 3, 1.03101714661286
2003-12, 1, -0.407611430056248
2004-01, 1, -0.407611430056248
2004-02, 1, -0.407611430056248
2004-03, 1, -0.407611430056248
2004-04, 1, -0.407611430056248
2004-05, 4, 1.75033143494742
2004-06, 1, -0.407611430056248
2004-07, 0, -1.1269257183908
2004-08, 0, -1.1269257183908
2004-09, 3, 1.03101714661286
2004-10, 0, -1.1269257183908
2004-11, 0, -1.1269257183908
2004-12, 0, -1.1269257183908
2005-01, 0, -1.1269257183908
2005-02, 1, -0.407611430056248
2005-03, 0, -1.1269257183908
2005-04, 3, 1.03101714661286
2005-05, 2, 0.311702858278307
2005-06, 0, -1.1269257183908
2005-07, 0, -1.1269257183908
2005-08, 1, -0.407611430056248
2005-09, 1, -0.407611430056248
2005-10, 0, -1.1269257183908
2005-11, 0, -1.1269257183908
2005-12, 1, -0.407611430056248
2006-01, 0, -1.1269257183908
2006-02, 4, 1.75033143494742
2006-03, 1, -0.407611430056248
2006-04, 0, -1.1269257183908
2006-05, 1, -0.407611430056248
2006-06, 2, 0.311702858278307
2006-07, 1, -0.407611430056248
2006-08, 2, 0.311702858278307
2006-09, 2, 0.311702858278307
2006-10, 0, -1.1269257183908
2006-11, 0, -1.1269257183908
2006-12, 2, 0.311702858278307
2007-01, 0, -1.1269257183908
2007-02, 1, -0.407611430056248
2007-03, 0, -1.1269257183908
2007-04, 0, -1.1269257183908
2007-05, 2, 0.311702858278307
2007-06, 3, 1.03101714661286
2007-07, 2, 0.311702858278307
2007-08, 2, 0.311702858278307
2007-09, 1, -0.407611430056248
2007-10, 0, -1.1269257183908
2007-11, 4, 1.75033143494742
2007-12, 0, -1.1269257183908
2008-01, 3, 1.03101714661286
2008-02, 0, -1.1269257183908
2008-03, 2, 0.311702858278307
2008-04, 2, 0.311702858278307
2008-05, 1, -0.407611430056248
2008-06, 1, -0.407611430056248
2008-07, 1, -0.407611430056248
2008-08, 1, -0.407611430056248
2008-09, 1, -0.407611430056248
2008-10, 1, -0.407611430056248
2008-11, 0, -1.1269257183908
2008-12, 1, -0.407611430056248
2009-01, 0, -1.1269257183908
2009-02, 0, -1.1269257183908
2009-03, 3, 1.03101714661286
2009-04, 1, -0.407611430056248
2009-05, 0, -1.1269257183908
2009-06, 6, 3.18896001161653
2009-07, 0, -1.1269257183908
2009-08, 2, 0.311702858278307
2009-09, 0, -1.1269257183908
2009-10, 3, 1.03101714661286
2009-11, 0, -1.1269257183908
2009-12, 1, -0.407611430056248
2010-01, 3, 1.03101714661286
2010-02, 2, 0.311702858278307
2010-03, 1, -0.407611430056248
2010-04, 0, -1.1269257183908
2010-05, 2, 0.311702858278307
2010-06, 1, -0.407611430056248
2010-07, 6, 3.18896001161653
2010-08, 1, -0.407611430056248
2010-09, 5, 2.46964572328197
2010-10, 1, -0.407611430056248
2010-11, 0, -1.1269257183908
2010-12, 3, 1.03101714661286
2011-01, 3, 1.03101714661286
2011-02, 4, 1.75033143494742
2011-03, 0, -1.1269257183908
2011-04, 2, 0.311702858278307
2011-05, 3, 1.03101714661286
2011-06, 2, 0.311702858278307
2011-07, 5, 2.46964572328197
2011-08, 3, 1.03101714661286
2011-09, 1, -0.407611430056248
2011-10, 0, -1.1269257183908
2011-11, 0, -1.1269257183908
2011-12, 0, -1.1269257183908
2012-01, 2, 0.311702858278307
2012-02, 1, -0.407611430056248
2012-03, 0, -1.1269257183908
2012-04, 2, 0.311702858278307
2012-05, 1, -0.407611430056248
2012-06, 1, -0.407611430056248
2012-07, 1, -0.407611430056248
2012-08, 1, -0.407611430056248
2012-09, 3, 1.03101714661286
2012-10, 3, 1.03101714661286
2012-11, 5, 2.46964572328197
2012-12, 2, 0.311702858278307
2013-01, 0, -1.1269257183908
2013-02, 0, -1.1269257183908
2013-03, 2, 0.311702858278307
2013-04, 2, 0.311702858278307
2013-05, 2, 0.311702858278307
2013-06, 2, 0.311702858278307
2013-07, 2, 0.311702858278307
2013-08, 0, -1.1269257183908
2013-09, 0, -1.1269257183908
2013-10, 1, -0.407611430056248
2013-11, 5, 2.46964572328197
2013-12, 2, 0.311702858278307
2014-01, 0, -1.1269257183908
2014-02, 1, -0.407611430056248
2014-03, 1, -0.407611430056248
2014-04, 2, 0.311702858278307
2014-05, 3, 1.03101714661286
2014-06, 0, -1.1269257183908
2014-07, 1, -0.407611430056248
2014-08, 2, 0.311702858278307
2014-09, 2, 0.311702858278307
2014-10, 2, 0.311702858278307
2014-11, 1, -0.407611430056248
2014-12, 1, -0.407611430056248
2015-01, 1, -0.407611430056248
2015-02, 1, -0.407611430056248
2015-03, 1, -0.407611430056248
2015-04, 0, -1.1269257183908
2015-05, 1, -0.407611430056248
2015-06, 1, -0.407611430056248
2015-07, 2, 0.311702858278307
2015-08, 4, 1.75033143494742
2015-09, 1, -0.407611430056248
2015-10, 0, -1.1269257183908
2015-11, 0, -1.1269257183908
2015-12, 2, 0.311702858278307
2016-01, 0, -1.1269257183908
2016-02, 0, -1.1269257183908
2016-03, 2, 0.311702858278307
2016-04, 1, -0.407611430056248
2016-05, 2, 0.311702858278307
2016-06, 1, -0.407611430056248
2016-07, 6, 3.18896001161653
2016-08, 1, -0.407611430056248
2016-09, 1, -0.407611430056248
2016-10, 2, 0.311702858278307
2016-11, 4, 1.75033143494742
2016-12, 2, 0.311702858278307
2017-01, 4, 1.75033143494742
2017-02, 2, 0.311702858278307
2017-03, 0, -1.1269257183908
2017-04, 0, -1.1269257183908
2017-05, 1, -0.407611430056248
2017-06, 1, -0.407611430056248
2017-07, 4, 1.75033143494742
2017-08, 0, -1.1269257183908
2017-09, 1, -0.407611430056248
2017-10, 2, 0.311702858278307
2017-11, 2, 0.311702858278307
2017-12, 3, 1.03101714661286
2018-01, 2, 0.311702858278307
2018-02, 1, -0.407611430056248
2018-03, 0, -1.1269257183908
2018-04, 7, 3.90827429995108
2018-05, 1, -0.407611430056248
2018-06, 1, -0.407611430056248
2018-07, 3, 1.03101714661286
2018-08, 1, -0.407611430056248
2018-09, 2, 0.311702858278307
2018-10, 1, -0.407611430056248
2018-11, 4, 1.75033143494742
2018-12, 2, 0.311702858278307
2019-01, 1, -0.407611430056248
2019-02, 0, -1.1269257183908
2019-03, 3, 1.03101714661286
2019-04, 2, 0.311702858278307
2019-05, 1, -0.407611430056248
2019-06, 0, -1.1269257183908
2019-07, 2, 0.311702858278307
2019-08, 0, -1.1269257183908
2019-09, 1, -0.407611430056248
2019-10, 2, 0.311702858278307
2019-11, 0, -1.1269257183908
2019-12, 6, 3.18896001161653
2020-01, 1, -0.407611430056248
2020-02, 0, -1.1269257183908
2020-03, 3, 1.03101714661286
2020-04, 4, 1.75033143494742
2020-05, 3, 1.03101714661286
2020-06, 3, 1.03101714661286
2020-07, 0, -1.1269257183908
2020-08, 1, -0.407611430056248
2020-09, 3, 1.03101714661286
2020-10, 0, -1.1269257183908
2020-11, 0, -1.1269257183908
2020-12, 2, 0.311702858278307
2021-01, 2, 0.311702858278307
2021-02, 1, -0.407611430056248
2021-03, 0, -1.1269257183908
2021-04, 0, -1.1269257183908
2021-05, 1, -0.407611430056248
2021-06, 3, 1.03101714661286
2021-07, 0, -1.1269257183908
2021-08, 1, -0.407611430056248
2021-09, 0, -1.1269257183908
2021-10, 6, 3.18896001161653
2021-11, 2, 0.311702858278307
2021-12, 2, 0.311702858278307
2022-01, 2, 0.311702858278307
2022-02, 2, 0.311702858278307
2022-03, 1, -0.407611430056248
2022-04, 1, -0.407611430056248
2022-05, 1, -0.407611430056248
2022-06, 2, 0.311702858278307
2022-07, 4, 1.75033143494742
2022-08, 2, 0.311702858278307
2022-09, 2, 0.311702858278307
2022-10, 3, 1.03101714661286
2022-11, 0, -1.1269257183908
2022-12, 0, -1.1269257183908
2023-01, 0, -1.1269257183908
2023-02, 2, 0.311702858278307
2023-03, 1, -0.407611430056248
2023-04, 0, -1.1269257183908
2023-05, 2, 0.311702858278307
2023-06, 0, -1.1269257183908
2023-07, 1, -0.407611430056248
2023-08, 0, -1.1269257183908
2023-09, 0, -1.1269257183908
2023-10, 4, 1.75033143494742
2023-11, 0, -1.1269257183908
2023-12, 1, -0.407611430056248
2024-01, 1, -0.407611430056248
2024-02, 1, -0.407611430056248
2024-03, 0, -1.1269257183908
2024-04, 1, -0.407611430056248
2024-05, 2, 0.311702858278307
2024-06, 2, 0.311702858278307
2024-07, 4, 1.75033143494742
2024-08, 1, -0.407611430056248
2024-09, 2, 0.311702858278307
2024-10, 1, -0.407611430056248
2024-11, 0, -1.1269257183908
2024-12, 2, 0.311702858278307
2025-01, 1, -0.407611430056248
2025-02, 1, -0.407611430056248
2025-03, 2, 0.311702858278307
2025-04, 3, 1.03101714661286
2025-05, 2, 0.311702858278307
2025-06, 4, 1.75033143494742
2025-07, 6, 3.18896001161653
2025-08, 1, -0.407611430056248
2025-09, 0, -1.1269257183908
2025-10, 3, 1.03101714661286
2025-11, 1, -0.407611430056248
2025-12, 3, 1.03101714661286
2026-01, 1, -0.407611430056248
2026-02, 0, -1.1269257183908
2026-03, 1, -0.407611430056248
2026-04, 1, -0.407611430056248
2026-05, 3, 1.03101714661286
2026-06, 3, 1.03101714661286
2026-07, 3, 1.03101714661286
2026-08, 2, 0.311702858278307
2026-09, 1, -0.407611430056248
2026-10, 3, 1.03101714661286
2026-11, 0, -1.1269257183908
2026-12, 0, -1.1269257183908
2027-01, 1, -0.407611430056248
2027-02, 1, -0.407611430056248
2027-03, 2, 0.311702858278307
2027-04, 5, 2.46964572328197
2027-05, 2, 0.311702858278307
2027-06, 0, -1.1269257183908
2027-07, 2, 0.311702858278307
2027-08, 3, 1.03101714661286
2027-09, 5, 2.46964572328197
2027-10, 2, 0.311702858278307
2027-11, 1, -0.407611430056248
2027-12, 3, 1.03101714661286
2028-01, 1, -0.407611430056248
2028-02, 2, 0.311702858278307
2028-03, 2, 0.311702858278307
2028-04, 1, -0.407611430056248
2028-05, 4, 1.75033143494742
2028-06, 1, -0.407611430056248
2028-07, 3, 1.03101714661286
2028-08, 1, -0.407611430056248
2028-09, 1, -0.407611430056248
2028-10, 2, 0.311702858278307
2028-11, 4, 1.75033143494742
2028-12, 2, 0.311702858278307
2029-01, 2, 0.311702858278307
2029-02, 0, -1.1269257183908
2029-03, 3, 1.03101714661286
2029-04, 1, -0.407611430056248
2029-05, 0, -1.1269257183908
2029-06, 0, -1.1269257183908
2029-07, 1, -0.407611430056248
2029-08, 3, 1.03101714661286
2029-09, 1, -0.407611430056248
2029-10, 1, -0.407611430056248
2029-11, 2, 0.311702858278307
2029-12, 2, 0.311702858278307
2030-01, 1, -0.407611430056248
2030-02, 1, -0.407611430056248
2030-03, 3, 1.03101714661286
2030-04, 0, -1.1269257183908
2030-05, 2, 0.311702858278307
2030-06, 2, 0.311702858278307
2030-07, 0, -1.1269257183908
2030-08, 0, -1.1269257183908
2030-09, 4, 1.75033143494742
2030-10, 3, 1.03101714661286
2030-11, 2, 0.311702858278307
2030-12, 0, -1.1269257183908
2031-01, 0, -1.1269257183908
2031-02, 0, -1.1269257183908
2031-03, 6, 3.18896001161653
2031-04, 2, 0.311702858278307
2031-05, 2, 0.311702858278307
2031-06, 2, 0.311702858278307
2031-07, 2, 0.311702858278307
2031-08, 0, -1.1269257183908
2031-09, 2, 0.311702858278307
2031-10, 2, 0.311702858278307
2031-11, 0, -1.1269257183908
2031-12, 0, -1.1269257183908
2032-01, 2, 0.311702858278307
2032-02, 0, -1.1269257183908
2032-03, 1, -0.407611430056248
2032-04, 3, 1.03101714661286
2032-05, 2, 0.311702858278307
2032-06, 1, -0.407611430056248
2032-07, 4, 1.75033143494742
2032-08, 1, -0.407611430056248
2032-09, 0, -1.1269257183908
2032-10, 2, 0.311702858278307
2032-11, 1, -0.407611430056248
2032-12, 1, -0.407611430056248
2033-01, 2, 0.311702858278307
2033-02, 2, 0.311702858278307
2033-03, 0, -1.1269257183908
2033-04, 2, 0.311702858278307
2033-05, 1, -0.407611430056248
2033-06, 1, -0.407611430056248
2033-07, 7, 3.90827429995108
2033-08, 2, 0.311702858278307
2033-09, 1, -0.407611430056248
2033-10, 2, 0.311702858278307
2033-11, 1, -0.407611430056248
2033-12, 0, -1.1269257183908
2034-01, 1, -0.407611430056248
2034-02, 0, -1.1269257183908
2034-03, 0, -1.1269257183908
2034-04, 3, 1.03101714661286
2034-05, 2, 0.311702858278307
2034-06, 3, 1.03101714661286
2034-07, 2, 0.311702858278307
2034-08, 2, 0.311702858278307
2034-09, 2, 0.311702858278307
2034-10, 4, 1.75033143494742
2034-11, 1, -0.407611430056248
2034-12, 4, 1.75033143494742
2035-01, 1, -0.407611430056248
2035-02, 1, -0.407611430056248
2035-03, 0, -1.1269257183908
2035-04, 0, -1.1269257183908
2035-05, 2, 0.311702858278307
2035-06, 3, 1.03101714661286
2035-07, 5, 2.46964572328197
2035-08, 1, -0.407611430056248
2035-09, 2, 0.311702858278307
2035-10, 8, 4.62758858828564
2035-11, 2, 0.311702858278307
2035-12, 3, 1.03101714661286
2036-01, 2, 0.311702858278307
2036-02, 2, 0.311702858278307
2036-03, 1, -0.407611430056248
2036-04, 1, -0.407611430056248
2036-05, 3, 1.03101714661286
2036-06, 1, -0.407611430056248
2036-07, 0, -1.1269257183908
2036-08, 1, -0.407611430056248
2036-09, 2, 0.311702858278307
2036-10, 3, 1.03101714661286
2036-11, 3, 1.03101714661286
2036-12, 1, -0.407611430056248
2037-01, 2, 0.311702858278307
2037-02, 3, 1.03101714661286
2037-03, 1, -0.407611430056248
2037-04, 4, 1.75033143494742
2037-05, 1, -0.407611430056248
2037-06, 3, 1.03101714661286
2037-07, 1, -0.407611430056248
2037-08, 0, -1.1269257183908
2037-09, 0, -1.1269257183908
2037-10, 5, 2.46964572328197
2037-11, 2, 0.311702858278307
2037-12, 2, 0.311702858278307
2038-01, 1, -0.407611430056248
2038-02, 1, -0.407611430056248
2038-03, 2, 0.311702858278307
2038-04, 2, 0.311702858278307
2038-05, 4, 1.75033143494742
2038-06, 1, -0.407611430056248
2038-07, 2, 0.311702858278307
2038-08, 0, -1.1269257183908
2038-09, 2, 0.311702858278307
2038-10, 0, -1.1269257183908
2038-11, 1, -0.407611430056248
2038-12, 7, 3.90827429995108
2039-01, 1, -0.407611430056248
2039-02, 0, -1.1269257183908
2039-03, 0, -1.1269257183908
2039-04, 1, -0.407611430056248
2039-05, 1, -0.407611430056248
2039-06, 1, -0.407611430056248
2039-07, 1, -0.407611430056248
2039-08, 1, -0.407611430056248
2039-09, 2, 0.311702858278307
2039-10, 4, 1.75033143494742
2039-11, 1, -0.407611430056248
2039-12, 1, -0.407611430056248
2040-01, 1, -0.407611430056248
2040-02, 0, -1.1269257183908
2040-03, 1, -0.407611430056248
2040-04, 5, 2.46964572328197
2040-05, 2, 0.311702858278307
2040-06, 0, -1.1269257183908
2040-07, 2, 0.311702858278307
2040-08, 1, -0.407611430056248
2040-09, 2, 0.311702858278307
2040-10, 2, 0.311702858278307
2040-11, 1, -0.407611430056248
2040-12, 0, -1.1269257183908
2041-01, 3, 1.03101714661286
2041-02, 1, -0.407611430056248
2041-03, 1, -0.407611430056248
2041-04, 2, 0.311702858278307
2041-05, 2, 0.311702858278307
2041-06, 2, 0.311702858278307
2041-07, 5, 2.46964572328197
2041-08, 2, 0.311702858278307
2041-09, 0, -1.1269257183908
2041-10, 1, -0.407611430056248
2041-11, 2, 0.311702858278307
2041-12, 1, -0.407611430056248
2042-01, 1, -0.407611430056248
2042-02, 1, -0.407611430056248
2042-03, 2, 0.311702858278307
2042-04, 1, -0.407611430056248
2042-05, 1, -0.407611430056248
2042-06, 1, -0.407611430056248
2042-07, 0, -1.1269257183908
2042-08, 2, 0.311702858278307
2042-09, 2, 0.311702858278307
2042-10, 2, 0.311702858278307
2042-11, 2, 0.311702858278307
2042-12, 1, -0.407611430056248
2043-01, 0, -1.1269257183908
2043-02, 0, -1.1269257183908
2043-03, 1, -0.407611430056248
2043-04, 3, 1.03101714661286
2043-05, 0, -1.1269257183908
2043-06, 1, -0.407611430056248
2043-07, 5, 2.46964572328197
2043-08, 1, -0.407611430056248
2043-09, 2, 0.311702858278307
2043-10, 2, 0.311702858278307
2043-11, 1, -0.407611430056248
2043-12, 0, -1.1269257183908
2044-01, 2, 0.311702858278307
2044-02, 2, 0.311702858278307
2044-03, 2, 0.311702858278307
2044-04, 0, -1.1269257183908
2044-05, 2, 0.311702858278307
2044-06, 6, 3.18896001161653
2044-07, 3, 1.03101714661286
2044-08, 0, -1.1269257183908
2044-09, 2, 0.311702858278307
2044-10, 1, -0.407611430056248
2044-11, 1, -0.407611430056248
2044-12, 2, 0.311702858278307
2045-01, 2, 0.311702858278307
2045-02, 1, -0.407611430056248
2045-03, 0, -1.1269257183908
2045-04, 0, -1.1269257183908
2045-05, 2, 0.311702858278307
2045-06, 0, -1.1269257183908
2045-07, 4, 1.75033143494742
2045-08, 0, -1.1269257183908
2045-09, 1, -0.407611430056248
2045-10, 3, 1.03101714661286
2045-11, 1, -0.407611430056248
2045-12, 2, 0.311702858278307
2046-01, 2, 0.311702858278307
2046-02, 2, 0.311702858278307
2046-03, 0, -1.1269257183908
2046-04, 2, 0.311702858278307
2046-05, 1, -0.407611430056248
2046-06, 1, -0.407611430056248
2046-07, 0, -1.1269257183908
2046-08, 1, -0.407611430056248
2046-09, 3, 1.03101714661286
2046-10, 0, -1.1269257183908
2046-11, 0, -1.1269257183908
2046-12, 3, 1.03101714661286
2047-01, 0, -1.1269257183908
2047-02, 0, -1.1269257183908
2047-03, 1, -0.407611430056248
2047-04, 0, -1.1269257183908
2047-05, 4, 1.75033143494742
2047-06, 0, -1.1269257183908
2047-07, 0, -1.1269257183908
2047-08, 1, -0.407611430056248
2047-09, 0, -1.1269257183908
2047-10, 3, 1.03101714661286
2047-11, 1, -0.407611430056248
2047-12, 0, -1.1269257183908
2048-01, 1, -0.407611430056248
2048-02, 1, -0.407611430056248
2048-03, 2, 0.311702858278307
2048-04, 2, 0.311702858278307
2048-05, 2, 0.311702858278307
2048-06, 1, -0.407611430056248
2048-07, 4, 1.75033143494742
2048-08, 1, -0.407611430056248
2048-09, 0, -1.1269257183908
2048-10, 2, 0.311702858278307
2048-11, 0, -1.1269257183908
2048-12, 2, 0.311702858278307
2049-01, 0, -1.1269257183908
2049-02, 4, 1.75033143494742
2049-03, 3, 1.03101714661286
2049-04, 5, 2.46964572328197
2049-05, 1, -0.407611430056248
2049-06, 4, 1.75033143494742
2049-07, 0, -1.1269257183908
2049-08, 2, 0.311702858278307
2049-09, 2, 0.311702858278307
2049-10, 2, 0.311702858278307
2049-11, 1, -0.407611430056248
2049-12, 3, 1.03101714661286
2050-01, 2, 0.311702858278307
2050-02, 0, -1.1269257183908
2050-03, 0, -1.1269257183908
2050-04, 3, 1.03101714661286
2050-05, 3, 1.03101714661286
2050-06, 1, -0.407611430056248
2050-07, 1, -0.407611430056248
2050-08, 0, -1.1269257183908
2050-09, 1, -0.407611430056248
2050-10, 5, 2.46964572328197
2050-11, 1, -0.407611430056248
2050-12, 0, -1.1269257183908
2051-01, 1, -0.407611430056248
2051-02, 0, -1.1269257183908
2051-03, 0, -1.1269257183908
2051-04, 2, 0.311702858278307
2051-05, 2, 0.311702858278307
2051-06, 2, 0.311702858278307
2051-07, 0, -1.1269257183908
2051-08, 1, -0.407611430056248
2051-09, 3, 1.03101714661286
2051-10, 1, -0.407611430056248
2051-11, 3, 1.03101714661286
2051-12, 3, 1.03101714661286
2052-01, 1, -0.407611430056248
2052-02, 0, -1.1269257183908
2052-03, 1, -0.407611430056248
2052-04, 1, -0.407611430056248
2052-05, 0, -1.1269257183908
2052-06, 1, -0.407611430056248
2052-07, 3, 1.03101714661286
2052-08, 3, 1.03101714661286
2052-09, 1, -0.407611430056248
2052-10, 4, 1.75033143494742
2052-11, 6, 3.18896001161653
2052-12, 2, 0.311702858278307
2053-01, 0, -1.1269257183908
2053-02, 1, -0.407611430056248
2053-03, 3, 1.03101714661286
2053-04, 3, 1.03101714661286
2053-05, 1, -0.407611430056248
2053-06, 1, -0.407611430056248
2053-07, 3, 1.03101714661286
2053-08, 0, -1.1269257183908
2053-09, 4, 1.75033143494742
2053-10, 4, 1.75033143494742
2053-11, 2, 0.311702858278307
2053-12, 2, 0.311702858278307
2054-01, 1, -0.407611430056248
2054-02, 3, 1.03101714661286
2054-03, 2, 0.311702858278307
2054-04, 1, -0.407611430056248
2054-05, 2, 0.311702858278307
2054-06, 0, -1.1269257183908
2054-07, 1, -0.407611430056248
2054-08, 0, -1.1269257183908
2054-09, 4, 1.75033143494742
2054-10, 2, 0.311702858278307
2054-11, 1, -0.407611430056248
2054-12, 1, -0.407611430056248
2055-01, 3, 1.03101714661286
2055-02, 0, -1.1269257183908
2055-03, 1, -0.407611430056248
2055-04, 1, -0.407611430056248
2055-05, 1, -0.407611430056248
2055-06, 3, 1.03101714661286
2055-07, 1, -0.407611430056248
2055-08, 0, -1.1269257183908
2055-09, 1, -0.407611430056248
2055-10, 5, 2.46964572328197
2055-11, 2, 0.311702858278307
2055-12, 3, 1.03101714661286
2056-01, 1, -0.407611430056248
2056-02, 0, -1.1269257183908
2056-03, 1, -0.407611430056248
2056-04, 1, -0.407611430056248
2056-05, 1, -0.407611430056248
2056-06, 5, 2.46964572328197
2056-07, 4, 1.75033143494742
2056-08, 1, -0.407611430056248
2056-09, 0, -1.1269257183908
2056-10, 1, -0.407611430056248
2056-11, 1, -0.407611430056248
2056-12, 1, -0.407611430056248
2057-01, 3, 1.03101714661286
2057-02, 1, -0.407611430056248
2057-03, 2, 0.311702858278307
2057-04, 0, -1.1269257183908
2057-05, 1, -0.407611430056248
2057-06, 1, -0.407611430056248
2057-07, 2, 0.311702858278307
2057-08, 0, -1.1269257183908
2057-09, 1, -0.407611430056248
2057-10, 2, 0.311702858278307
2057-11, 0, -1.1269257183908
2057-12, 0, -1.1269257183908
2058-01, 3, 1.03101714661286
2058-02, 1, -0.407611430056248
2058-03, 2, 0.311702858278307
2058-04, 3, 1.03101714661286
2058-05, 2, 0.311702858278307
2058-06, 2, 0.311702858278307
2058-07, 3, 1.03101714661286
2058-08, 0, -1.1269257183908
2058-09, 3, 1.03101714661286
2058-10, 3, 1.03101714661286
2058-11, 5, 2.46964572328197
2058-12, 6, 3.18896001161653
2059-01, 0, -1.1269257183908
2059-02, 0, -1.1269257183908
2059-03, 1, -0.407611430056248
2059-04, 2, 0.311702858278307
2059-05, 1, -0.407611430056248
2059-06, 1, -0.407611430056248
2059-07, 2, 0.311702858278307
2059-08, 0, -1.1269257183908
2059-09, 0, -1.1269257183908
2059-10, 1, -0.407611430056248
2059-11, 2, 0.311702858278307
2059-12, 7, 3.90827429995108
2060-01, 1, -0.407611430056248
2060-02, 2, 0.311702858278307
2060-03, 1, -0.407611430056248
2060-04, 4, 1.75033143494742
2060-05, 0, -1.1269257183908
2060-06, 0, -1.1269257183908
2060-07, 0, -1.1269257183908
2060-08, 2, 0.311702858278307
2060-09, 2, 0.311702858278307
2060-10, 2, 0.311702858278307
2060-11, 3, 1.03101714661286
2060-12, 2, 0.311702858278307
2061-01, 1, -0.407611430056248
2061-02, 2, 0.311702858278307
2061-03, 0, -1.1269257183908
2061-04, 1, -0.407611430056248
2061-05, 2, 0.311702858278307
2061-06, 1, -0.407611430056248
2061-07, 3, 1.03101714661286
2061-08, 1, -0.407611430056248
2061-09, 0, -1.1269257183908
2061-10, 2, 0.311702858278307
2061-11, 0, -1.1269257183908
2061-12, 2, 0.311702858278307
2062-01, 0, -1.1269257183908
2062-02, 0, -1.1269257183908
2062-03, 0, -1.1269257183908
2062-04, 3, 1.03101714661286
2062-05, 1, -0.407611430056248
2062-06, 1, -0.407611430056248
2062-07, 3, 1.03101714661286
2062-08, 1, -0.407611430056248
2062-09, 1, -0.407611430056248
2062-10, 2, 0.311702858278307
2062-11, 2, 0.311702858278307
2062-12, 2, 0.311702858278307
2063-01, 1, -0.407611430056248
2063-02, 0, -1.1269257183908
2063-03, 1, -0.407611430056248
2063-04, 0, -1.1269257183908
2063-05, 0, -1.1269257183908
2063-06, 0, -1.1269257183908
2063-07, 4, 1.75033143494742
2063-08, 2, 0.311702858278307
2063-09, 1, -0.407611430056248
2063-10, 2, 0.311702858278307
2063-11, 2, 0.311702858278307
2063-12, 1, -0.407611430056248
2064-01, 0, -1.1269257183908
2064-02, 3, 1.03101714661286
2064-03, 1, -0.407611430056248
2064-04, 2, 0.311702858278307
2064-05, 1, -0.407611430056248
2064-06, 4, 1.75033143494742
2064-07, 1, -0.407611430056248
2064-08, 2, 0.311702858278307
2064-09, 2, 0.311702858278307
2064-10, 2, 0.311702858278307
2064-11, 2, 0.311702858278307
2064-12, 0, -1.1269257183908
2065-01, 0, -1.1269257183908
2065-02, 1, -0.407611430056248
2065-03, 1, -0.407611430056248
2065-04, 4, 1.75033143494742
2065-05, 1, -0.407611430056248
2065-06, 0, -1.1269257183908
2065-07, 2, 0.311702858278307
2065-08, 4, 1.75033143494742
2065-09, 0, -1.1269257183908
2065-10, 5, 2.46964572328197
2065-11, 7, 3.90827429995108
2065-12, 2, 0.311702858278307
2066-01, 0, -1.1269257183908
2066-02, 1, -0.407611430056248
2066-03, 1, -0.407611430056248
2066-04, 1, -0.407611430056248
2066-05, 1, -0.407611430056248
2066-06, 1, -0.407611430056248
2066-07, 1, -0.407611430056248
2066-08, 3, 1.03101714661286
2066-09, 1, -0.407611430056248
2066-10, 6, 3.18896001161653
2066-11, 2, 0.311702858278307
2066-12, 0, -1.1269257183908
2067-01, 3, 1.03101714661286
2067-02, 0, -1.1269257183908
2067-03, 0, -1.1269257183908
2067-04, 3, 1.03101714661286
2067-05, 0, -1.1269257183908
2067-06, 1, -0.407611430056248
2067-07, 3, 1.03101714661286
2067-08, 1, -0.407611430056248
2067-09, 0, -1.1269257183908
2067-10, 4, 1.75033143494742
2067-11, 1, -0.407611430056248
2067-12, 2, 0.311702858278307
2068-01, 2, 0.311702858278307
2068-02, 0, -1.1269257183908
2068-03, 2, 0.311702858278307
2068-04, 2, 0.311702858278307
2068-05, 2, 0.311702858278307
2068-06, 0, -1.1269257183908
2068-07, 1, -0.407611430056248
2068-08, 0, -1.1269257183908
2068-09, 1, -0.407611430056248
2068-10, 0, -1.1269257183908
2068-11, 3, 1.03101714661286
2068-12, 0, -1.1269257183908
2069-01, 0, -1.1269257183908
2069-02, 0, -1.1269257183908
2069-03, 1, -0.407611430056248
2069-04, 4, 1.75033143494742
2069-05, 1, -0.407611430056248
2069-06, 3, 1.03101714661286
2069-07, 3, 1.03101714661286
2069-08, 1, -0.407611430056248
2069-09, 2, 0.311702858278307
2069-10, 1, -0.407611430056248
2069-11, 0, -1.1269257183908
2069-12, 4, 1.75033143494742
2070-01, 1, -0.407611430056248
2070-02, 1, -0.407611430056248
2070-03, 3, 1.03101714661286
2070-04, 5, 2.46964572328197
2070-05, 0, -1.1269257183908
2070-06, 3, 1.03101714661286
2070-07, 4, 1.75033143494742
2070-08, 1, -0.407611430056248
2070-09, 1, -0.407611430056248
2070-10, 3, 1.03101714661286
2070-11, 1, -0.407611430056248
2070-12, 2, 0.311702858278307
2071-01, 1, -0.407611430056248
2071-02, 1, -0.407611430056248
2071-03, 1, -0.407611430056248
2071-04, 0, -1.1269257183908
2071-05, 1, -0.407611430056248
2071-06, 3, 1.03101714661286
2071-07, 3, 1.03101714661286
2071-08, 0, -1.1269257183908
2071-09, 2, 0.311702858278307
2071-10, 3, 1.03101714661286
2071-11, 3, 1.03101714661286
2071-12, 0, -1.1269257183908
2072-01, 3, 1.03101714661286
2072-02, 0, -1.1269257183908
2072-03, 2, 0.311702858278307
2072-04, 0, -1.1269257183908
2072-05, 2, 0.311702858278307
2072-06, 1, -0.407611430056248
2072-07, 2, 0.311702858278307
2072-08, 0, -1.1269257183908
2072-09, 2, 0.311702858278307
2072-10, 4, 1.75033143494742
2072-11, 3, 1.03101714661286
2072-12, 0, -1.1269257183908
2073-01, 0, -1.1269257183908
2073-02, 0, -1.1269257183908
2073-03, 2, 0.311702858278307
2073-04, 3, 1.03101714661286
2073-05, 1, -0.407611430056248
2073-06, 1, -0.407611430056248
2073-07, 4, 1.75033143494742
2073-08, 1, -0.407611430056248
2073-09, 3, 1.03101714661286
2073-10, 3, 1.03101714661286
2073-11, 4, 1.75033143494742
2073-12, 1, -0.407611430056248
2074-01, 1, -0.407611430056248
2074-02, 2, 0.311702858278307
2074-03, 3, 1.03101714661286
2074-04, 1, -0.407611430056248
2074-05, 4, 1.75033143494742
2074-06, 4, 1.75033143494742
2074-07, 0, -1.1269257183908
2074-08, 2, 0.311702858278307
2074-09, 0, -1.1269257183908
2074-10, 1, -0.407611430056248
2074-11, 4, 1.75033143494742
2074-12, 0, -1.1269257183908
2075-01, 2, 0.311702858278307
2075-02, 2, 0.311702858278307
2075-03, 1, -0.407611430056248
2075-04, 1, -0.407611430056248
2075-05, 2, 0.311702858278307
2075-06, 2, 0.311702858278307
2075-07, 1, -0.407611430056248
2075-08, 0, -1.1269257183908
2075-09, 3, 1.03101714661286
2075-10, 3, 1.03101714661286
2075-11, 0, -1.1269257183908
2075-12, 1, -0.407611430056248
2076-01, 2, 0.311702858278307
2076-02, 1, -0.407611430056248
2076-03, 0, -1.1269257183908
2076-04, 0, -1.1269257183908
2076-05, 0, -1.1269257183908
2076-06, 1, -0.407611430056248
2076-07, 1, -0.407611430056248
2076-08, 0, -1.1269257183908
2076-09, 1, -0.407611430056248
2076-10, 1, -0.407611430056248
2076-11, 3, 1.03101714661286
2076-12, 1, -0.407611430056248
2077-01, 1, -0.407611430056248
2077-02, 0, -1.1269257183908
2077-03, 0, -1.1269257183908
2077-04, 0, -1.1269257183908
2077-05, 5, 2.46964572328197
2077-06, 2, 0.311702858278307
2077-07, 2, 0.311702858278307
2077-08, 4, 1.75033143494742
2077-09, 1, -0.407611430056248
2077-10, 2, 0.311702858278307
2077-11, 1, -0.407611430056248
2077-12, 2, 0.311702858278307
2078-01, 2, 0.311702858278307
2078-02, 0, -1.1269257183908
2078-03, 0, -1.1269257183908
2078-04, 2, 0.311702858278307
2078-05, 1, -0.407611430056248
2078-06, 2, 0.311702858278307
2078-07, 0, -1.1269257183908
2078-08, 0, -1.1269257183908
2078-09, 0, -1.1269257183908
2078-10, 1, -0.407611430056248
2078-11, 0, -1.1269257183908
2078-12, 1, -0.407611430056248
2079-01, 1, -0.407611430056248
2079-02, 2, 0.311702858278307
2079-03, 2, 0.311702858278307
2079-04, 2, 0.311702858278307
2079-05, 2, 0.311702858278307
2079-06, 3, 1.03101714661286
2079-07, 3, 1.03101714661286
2079-08, 1, -0.407611430056248
2079-09, 1, -0.407611430056248
2079-10, 0, -1.1269257183908
2079-11, 4, 1.75033143494742
2079-12, 1, -0.407611430056248
2080-01, 0, -1.1269257183908
2080-02, 1, -0.407611430056248
2080-03, 3, 1.03101714661286
2080-04, 1, -0.407611430056248
2080-05, 2, 0.311702858278307
2080-06, 2, 0.311702858278307
2080-07, 2, 0.311702858278307
2080-08, 0, -1.1269257183908
2080-09, 0, -1.1269257183908
2080-10, 2, 0.311702858278307
2080-11, 3, 1.03101714661286
2080-12, 2, 0.311702858278307
2081-01, 3, 1.03101714661286
2081-02, 1, -0.407611430056248
2081-03, 1, -0.407611430056248
2081-04, 0, -1.1269257183908
2081-05, 1, -0.407611430056248
2081-06, 3, 1.03101714661286
2081-07, 1, -0.407611430056248
2081-08, 0, -1.1269257183908
2081-09, 3, 1.03101714661286
2081-10, 5, 2.46964572328197
2081-11, 5, 2.46964572328197
2081-12, 1, -0.407611430056248
2082-01, 0, -1.1269257183908
2082-02, 1, -0.407611430056248
2082-03, 1, -0.407611430056248
2082-04, 1, -0.407611430056248
2082-05, 3, 1.03101714661286
2082-06, 2, 0.311702858278307
2082-07, 0, -1.1269257183908
2082-08, 3, 1.03101714661286
2082-09, 0, -1.1269257183908
2082-10, 2, 0.311702858278307
2082-11, 3, 1.03101714661286
2082-12, 3, 1.03101714661286
2083-01, 3, 1.03101714661286
2083-02, 1, -0.407611430056248
2083-03, 0, -1.1269257183908
2083-04, 0, -1.1269257183908
2083-05, 1, -0.407611430056248
2083-06, 0, -1.1269257183908
2083-07, 4, 1.75033143494742
2083-08, 4, 1.75033143494742
2083-09, 2, 0.311702858278307
2083-10, 3, 1.03101714661286
2083-11, 1, -0.407611430056248
2083-12, 3, 1.03101714661286
2084-01, 4, 1.75033143494742
2084-02, 1, -0.407611430056248
2084-03, 3, 1.03101714661286
2084-04, 3, 1.03101714661286
2084-05, 3, 1.03101714661286
2084-06, 2, 0.311702858278307
2084-07, 0, -1.1269257183908
2084-08, 1, -0.407611430056248
2084-09, 0, -1.1269257183908
2084-10, 1, -0.407611430056248
2084-11, 5, 2.46964572328197
2084-12, 1, -0.407611430056248
2085-01, 3, 1.03101714661286
2085-02, 6, 3.18896001161653
2085-03, 0, -1.1269257183908
2085-04, 4, 1.75033143494742
2085-05, 1, -0.407611430056248
2085-06, 4, 1.75033143494742
2085-07, 1, -0.407611430056248
2085-08, 2, 0.311702858278307
2085-09, 1, -0.407611430056248
2085-10, 3, 1.03101714661286
2085-11, 0, -1.1269257183908
2085-12, 0, -1.1269257183908
2086-01, 3, 1.03101714661286
2086-02, 1, -0.407611430056248
2086-03, 1, -0.407611430056248
2086-04, 0, -1.1269257183908
2086-05, 2, 0.311702858278307
2086-06, 2, 0.311702858278307
2086-07, 1, -0.407611430056248
2086-08, 4, 1.75033143494742
2086-09, 0, -1.1269257183908
2086-10, 3, 1.03101714661286
2086-11, 3, 1.03101714661286
2086-12, 1, -0.407611430056248
2087-01, 2, 0.311702858278307
2087-02, 0, -1.1269257183908
2087-03, 1, -0.407611430056248
2087-04, 3, 1.03101714661286
2087-05, 3, 1.03101714661286
2087-06, 0, -1.1269257183908
2087-07, 1, -0.407611430056248
2087-08, 2, 0.311702858278307
2087-09, 0, -1.1269257183908
2087-10, 1, -0.407611430056248
2087-11, 0, -1.1269257183908
2087-12, 1, -0.407611430056248
2088-01, 0, -1.1269257183908
2088-02, 0, -1.1269257183908
2088-03, 1, -0.407611430056248
2088-04, 0, -1.1269257183908
2088-05, 3, 1.03101714661286
2088-06, 2, 0.311702858278307
2088-07, 3, 1.03101714661286
2088-08, 0, -1.1269257183908
2088-09, 2, 0.311702858278307
2088-10, 1, -0.407611430056248
2088-11, 0, -1.1269257183908
2088-12, 2, 0.311702858278307
2089-01, 3, 1.03101714661286
2089-02, 3, 1.03101714661286
2089-03, 3, 1.03101714661286
2089-04, 1, -0.407611430056248
2089-05, 1, -0.407611430056248
2089-06, 0, -1.1269257183908
2089-07, 3, 1.03101714661286
2089-08, 4, 1.75033143494742
2089-09, 4, 1.75033143494742
2089-10, 0, -1.1269257183908
2089-11, 1, -0.407611430056248
2089-12, 6, 3.18896001161653
2090-01, 2, 0.311702858278307
2090-02, 0, -1.1269257183908
2090-03, 3, 1.03101714661286
2090-04, 0, -1.1269257183908
2090-05, 1, -0.407611430056248
2090-06, 1, -0.407611430056248
2090-07, 1, -0.407611430056248
2090-08, 0, -1.1269257183908
2090-09, 3, 1.03101714661286
2090-10, 1, -0.407611430056248
2090-11, 3, 1.03101714661286
2090-12, 1, -0.407611430056248
2091-01, 2, 0.311702858278307
2091-02, 2, 0.311702858278307
2091-03, 3, 1.03101714661286
2091-04, 3, 1.03101714661286
2091-05, 4, 1.75033143494742
2091-06, 1, -0.407611430056248
2091-07, 0, -1.1269257183908
2091-08, 0, -1.1269257183908
2091-09, 5, 2.46964572328197
2091-10, 2, 0.311702858278307
2091-11, 0, -1.1269257183908
2091-12, 0, -1.1269257183908
2092-01, 0, -1.1269257183908
2092-02, 0, -1.1269257183908
2092-03, 3, 1.03101714661286
2092-04, 1, -0.407611430056248
2092-05, 1, -0.407611430056248
2092-06, 0, -1.1269257183908
2092-07, 1, -0.407611430056248
2092-08, 1, -0.407611430056248
2092-09, 2, 0.311702858278307
2092-10, 2, 0.311702858278307
2092-11, 1, -0.407611430056248
2092-12, 1, -0.407611430056248
2093-01, 1, -0.407611430056248
2093-02, 1, -0.407611430056248
2093-03, 3, 1.03101714661286
2093-04, 0, -1.1269257183908
2093-05, 3, 1.03101714661286
2093-06, 4, 1.75033143494742
2093-07, 1, -0.407611430056248
2093-08, 3, 1.03101714661286
2093-09, 6, 3.18896001161653
2093-10, 2, 0.311702858278307
2093-11, 3, 1.03101714661286
2093-12, 1, -0.407611430056248
2094-01, 0, -1.1269257183908
2094-02, 0, -1.1269257183908
2094-03, 0, -1.1269257183908
2094-04, 1, -0.407611430056248
2094-05, 2, 0.311702858278307
2094-06, 1, -0.407611430056248
2094-07, 0, -1.1269257183908
2094-08, 1, -0.407611430056248
2094-09, 1, -0.407611430056248
2094-10, 0, -1.1269257183908
2094-11, 4, 1.75033143494742
2094-12, 1, -0.407611430056248
2095-01, 2, 0.311702858278307
2095-02, 2, 0.311702858278307
2095-03, 1, -0.407611430056248
2095-04, 7, 3.90827429995108
2095-05, 1, -0.407611430056248
2095-06, 1, -0.407611430056248
2095-07, 2, 0.311702858278307
2095-08, 1, -0.407611430056248
2095-09, 0, -1.1269257183908
2095-10, 1, -0.407611430056248
2095-11, 1, -0.407611430056248
2095-12, 0, -1.1269257183908
2096-01, 1, -0.407611430056248
2096-02, 0, -1.1269257183908
2096-03, 0, -1.1269257183908
2096-04, 3, 1.03101714661286
2096-05, 5, 2.46964572328197
2096-06, 3, 1.03101714661286
2096-07, 1, -0.407611430056248
2096-08, 3, 1.03101714661286
2096-09, 1, -0.407611430056248
2096-10, 1, -0.407611430056248
2096-11, 3, 1.03101714661286
2096-12, 2, 0.311702858278307
2097-01, 0, -1.1269257183908
2097-02, 0, -1.1269257183908
2097-03, 2, 0.311702858278307
2097-04, 0, -1.1269257183908
2097-05, 1, -0.407611430056248
2097-06, 1, -0.407611430056248
2097-07, 3, 1.03101714661286
2097-08, 2, 0.311702858278307
2097-09, 1, -0.407611430056248
2097-10, 2, 0.311702858278307
2097-11, 2, 0.311702858278307
2097-12, 2, 0.311702858278307
2098-01, 1, -0.407611430056248
2098-02, 2, 0.311702858278307
2098-03, 1, -0.407611430056248
2098-04, 2, 0.311702858278307
2098-05, 2, 0.311702858278307
2098-06, 2, 0.311702858278307
2098-07, 0, -1.1269257183908
2098-08, 0, -1.1269257183908
2098-09, 0, -1.1269257183908
2098-10, 4, 1.75033143494742
2098-11, 3, 1.03101714661286
2098-12, 1, -0.407611430056248
2099-01, 1, -0.407611430056248
2099-02, 2, 0.311702858278307
2099-03, 2, 0.311702858278307
2099-04, 3, 1.03101714661286
2099-05, 2, 0.311702858278307
2099-06, 1, -0.407611430056248
2099-07, 1, -0.407611430056248
2099-08, 1, -0.407611430056248
2099-09, 0, -1.1269257183908
2099-10, 0, -1.1269257183908
2099-11, 3, 1.03101714661286
2099-12, 0, -1.1269257183908
2100-01, 1, -0.407611430056248
2100-02, 0, -1.1269257183908
2100-03, 2, 0.311702858278307
2100-04, 0, -1.1269257183908
2100-05, 0, -1.1269257183908
2100-06, 3, 1.03101714661286
2100-07, 1, -0.407611430056248
2100-08, 4, 1.75033143494742
2100-09, 1, -0.407611430056248
2100-10, 1, -0.407611430056248
2100-11, 4, 1.75033143494742
2100-12, 2, 0.311702858278307
