"Description: ","Monthly number of days when precipitation >= 20 mm"
"Station: ","final_1971_2005_Berlin_rcp85"
"Latitude: ","52.51"
"Longitude: ","13.4"
"Climpact_version: ","3.1.6"
"Date_of_calculation: ","2024-01-01"
time, r20mm, normalised (all years)
1971-01, 0, -0.584196011508198
1971-02, 1, 0.778054777658901
1971-03, 0, -0.584196011508198
1971-04, 0, -0.584196011508198
1971-05, 0, -0.584196011508198
1971-06, 2, 2.140305566826
1971-07, 2, 2.140305566826
1971-08, 0, -0.584196011508198
1971-09, 0, -0.584196011508198
1971-10, 0, -0.584196011508198
1971-11, 0, -0.584196011508198
1971-12, 0, -0.584196011508198
1972-01, 0, -0.584196011508198
1972-02, 0, -0.584196011508198
1972-03, 1, 0.778054777658901
1972-04, 2, 2.140305566826
1972-05, 2, 2.140305566826
1972-06, 0, -0.584196011508198
1972-07, 0, -0.584196011508198
1972-08, 0, -0.584196011508198
1972-09, 1, 0.778054777658901
1972-10, 0, -0.584196011508198
1972-11, 0, -0.584196011508198
1972-12, 0, -0.584196011508198
1973-01, 0, -0.584196011508198
1973-02, 0, -0.584196011508198
1973-03, 1, 0.778054777658901
1973-04, 0, -0.584196011508198
1973-05, 0, -0.584196011508198
1973-06, 0, -0.584196011508198
1973-07, 0, -0.584196011508198
1973-08, 1, 0.778054777658901
1973-09, 1, 0.778054777658901
1973-10, 0, -0.584196011508198
1973-11, 0, -0.584196011508198
1973-12, 0, -0.584196011508198
1974-01, 0, -0.584196011508198
1974-02, 2, 2.140305566826
1974-03, 0, -0.584196011508198
1974-04, 1, 0.778054777658901
1974-05, 0, -0.584196011508198
1974-06, 0, -0.584196011508198
1974-07, 3, 3.5025563559931
1974-08, 0, -0.584196011508198
1974-09, 1, 0.778054777658901
1974-10, 0, -0.584196011508198
1974-11, 0, -0.584196011508198
1974-12, 0, -0.584196011508198
1975-01, 0, -0.584196011508198
1975-02, 1, 0.778054777658901
1975-03, 0, -0.584196011508198
1975-04, 0, -0.584196011508198
1975-05, 0, -0.584196011508198
1975-06, 1, 0.778054777658901
1975-07, 1, 0.778054777658901
1975-08, 0, -0.584196011508198
1975-09, 0, -0.584196011508198
1975-10, 1, 0.778054777658901
1975-11, 0, -0.584196011508198
1975-12, 0, -0.584196011508198
1976-01, 0, -0.584196011508198
1976-02, 2, 2.140305566826
1976-03, 0, -0.584196011508198
1976-04, 1, 0.778054777658901
1976-05, 2, 2.140305566826
1976-06, 1, 0.778054777658901
1976-07, 0, -0.584196011508198
1976-08, 0, -0.584196011508198
1976-09, 0, -0.584196011508198
1976-10, 1, 0.778054777658901
1976-11, 0, -0.584196011508198
1976-12, 0, -0.584196011508198
1977-01, 0, -0.584196011508198
1977-02, 0, -0.584196011508198
1977-03, 0, -0.584196011508198
1977-04, 0, -0.584196011508198
1977-05, 0, -0.584196011508198
1977-06, 0, -0.584196011508198
1977-07, 0, -0.584196011508198
1977-08, 3, 3.5025563559931
1977-09, 0, -0.584196011508198
1977-10, 0, -0.584196011508198
1977-11, 1, 0.778054777658901
1977-12, 1, 0.778054777658901
1978-01, 0, -0.584196011508198
1978-02, 0, -0.584196011508198
1978-03, 0, -0.584196011508198
1978-04, 0, -0.584196011508198
1978-05, 2, 2.140305566826
1978-06, 0, -0.584196011508198
1978-07, 0, -0.584196011508198
1978-08, 1, 0.778054777658901
1978-09, 1, 0.778054777658901
1978-10, 0, -0.584196011508198
1978-11, 0, -0.584196011508198
1978-12, 0, -0.584196011508198
1979-01, 1, 0.778054777658901
1979-02, 0, -0.584196011508198
1979-03, 0, -0.584196011508198
1979-04, 0, -0.584196011508198
1979-05, 0, -0.584196011508198
1979-06, 0, -0.584196011508198
1979-07, 1, 0.778054777658901
1979-08, 1, 0.778054777658901
1979-09, 1, 0.778054777658901
1979-10, 0, -0.584196011508198
1979-11, 0, -0.584196011508198
1979-12, 0, -0.584196011508198
1980-01, 0, -0.584196011508198
1980-02, 0, -0.584196011508198
1980-03, 0, -0.584196011508198
1980-04, 0, -0.584196011508198
1980-05, 0, -0.584196011508198
1980-06, 0, -0.584196011508198
1980-07, 2, 2.140305566826
1980-08, 0, -0.584196011508198
1980-09, 1, 0.778054777658901
1980-10, 0, -0.584196011508198
1980-11, 0, -0.584196011508198
1980-12, 0, -0.584196011508198
1981-01, 0, -0.584196011508198
1981-02, 0, -0.584196011508198
1981-03, 0, -0.584196011508198
1981-04, 0, -0.584196011508198
1981-05, 0, -0.584196011508198
1981-06, 0, -0.584196011508198
1981-07, 0, -0.584196011508198
1981-08, 0, -0.584196011508198
1981-09, 0, -0.584196011508198
1981-10, 0, -0.584196011508198
1981-11, 0, -0.584196011508198
1981-12, 0, -0.584196011508198
1982-01, 0, -0.584196011508198
1982-02, 0, -0.584196011508198
1982-03, 0, -0.584196011508198
1982-04, 0, -0.584196011508198
1982-05, 2, 2.140305566826
1982-06, 0, -0.584196011508198
1982-07, 3, 3.5025563559931
1982-08, 0, -0.584196011508198
1982-09, 1, 0.778054777658901
1982-10, 0, -0.584196011508198
1982-11, 0, -0.584196011508198
1982-12, 0, -0.584196011508198
1983-01, 0, -0.584196011508198
1983-02, 0, -0.584196011508198
1983-03, 1, 0.778054777658901
1983-04, 0, -0.584196011508198
1983-05, 0, -0.584196011508198
1983-06, 2, 2.140305566826
1983-07, 1, 0.778054777658901
1983-08, 0, -0.584196011508198
1983-09, 0, -0.584196011508198
1983-10, 0, -0.584196011508198
1983-11, 0, -0.584196011508198
1983-12, 0, -0.584196011508198
1984-01, 0, -0.584196011508198
1984-02, 0, -0.584196011508198
1984-03, 0, -0.584196011508198
1984-04, 0, -0.584196011508198
1984-05, 1, 0.778054777658901
1984-06, 0, -0.584196011508198
1984-07, 0, -0.584196011508198
1984-08, 0, -0.584196011508198
1984-09, 0, -0.584196011508198
1984-10, 0, -0.584196011508198
1984-11, 0, -0.584196011508198
1984-12, 0, -0.584196011508198
1985-01, 0, -0.584196011508198
1985-02, 1, 0.778054777658901
1985-03, 0, -0.584196011508198
1985-04, 0, -0.584196011508198
1985-05, 3, 3.5025563559931
1985-06, 0, -0.584196011508198
1985-07, 0, -0.584196011508198
1985-08, 0, -0.584196011508198
1985-09, 0, -0.584196011508198
1985-10, 1, 0.778054777658901
1985-11, 0, -0.584196011508198
1985-12, 0, -0.584196011508198
1986-01, 0, -0.584196011508198
1986-02, 0, -0.584196011508198
1986-03, 0, -0.584196011508198
1986-04, 0, -0.584196011508198
1986-05, 2, 2.140305566826
1986-06, 1, 0.778054777658901
1986-07, 2, 2.140305566826
1986-08, 2, 2.140305566826
1986-09, 1, 0.778054777658901
1986-10, 0, -0.584196011508198
1986-11, 0, -0.584196011508198
1986-12, 0, -0.584196011508198
1987-01, 0, -0.584196011508198
1987-02, 1, 0.778054777658901
1987-03, 0, -0.584196011508198
1987-04, 0, -0.584196011508198
1987-05, 0, -0.584196011508198
1987-06, 0, -0.584196011508198
1987-07, 0, -0.584196011508198
1987-08, 0, -0.584196011508198
1987-09, 0, -0.584196011508198
1987-10, 0, -0.584196011508198
1987-11, 0, -0.584196011508198
1987-12, 1, 0.778054777658901
1988-01, 0, -0.584196011508198
1988-02, 0, -0.584196011508198
1988-03, 0, -0.584196011508198
1988-04, 0, -0.584196011508198
1988-05, 0, -0.584196011508198
1988-06, 0, -0.584196011508198
1988-07, 1, 0.778054777658901
1988-08, 0, -0.584196011508198
1988-09, 1, 0.778054777658901
1988-10, 0, -0.584196011508198
1988-11, 1, 0.778054777658901
1988-12, 1, 0.778054777658901
1989-01, 0, -0.584196011508198
1989-02, 0, -0.584196011508198
1989-03, 0, -0.584196011508198
1989-04, 0, -0.584196011508198
1989-05, 0, -0.584196011508198
1989-06, 0, -0.584196011508198
1989-07, 2, 2.140305566826
1989-08, 0, -0.584196011508198
1989-09, 0, -0.584196011508198
1989-10, 0, -0.584196011508198
1989-11, 0, -0.584196011508198
1989-12, 0, -0.584196011508198
1990-01, 0, -0.584196011508198
1990-02, 0, -0.584196011508198
1990-03, 0, -0.584196011508198
1990-04, 1, 0.778054777658901
1990-05, 0, -0.584196011508198
1990-06, 1, 0.778054777658901
1990-07, 1, 0.778054777658901
1990-08, 1, 0.778054777658901
1990-09, 1, 0.778054777658901
1990-10, 1, 0.778054777658901
1990-11, 0, -0.584196011508198
1990-12, 0, -0.584196011508198
1991-01, 0, -0.584196011508198
1991-02, 1, 0.778054777658901
1991-03, 0, -0.584196011508198
1991-04, 0, -0.584196011508198
1991-05, 1, 0.778054777658901
1991-06, 0, -0.584196011508198
1991-07, 2, 2.140305566826
1991-08, 1, 0.778054777658901
1991-09, 1, 0.778054777658901
1991-10, 2, 2.140305566826
1991-11, 0, -0.584196011508198
1991-12, 0, -0.584196011508198
1992-01, 0, -0.584196011508198
1992-02, 0, -0.584196011508198
1992-03, 0, -0.584196011508198
1992-04, 0, -0.584196011508198
1992-05, 0, -0.584196011508198
1992-06, 0, -0.584196011508198
1992-07, 5, 6.2270579343273
1992-08, 1, 0.778054777658901
1992-09, 2, 2.140305566826
1992-10, 0, -0.584196011508198
1992-11, 0, -0.584196011508198
1992-12, 0, -0.584196011508198
1993-01, 0, -0.584196011508198
1993-02, 0, -0.584196011508198
1993-03, 0, -0.584196011508198
1993-04, 0, -0.584196011508198
1993-05, 3, 3.5025563559931
1993-06, 0, -0.584196011508198
1993-07, 0, -0.584196011508198
1993-08, 0, -0.584196011508198
1993-09, 1, 0.778054777658901
1993-10, 0, -0.584196011508198
1993-11, 0, -0.584196011508198
1993-12, 0, -0.584196011508198
1994-01, 0, -0.584196011508198
1994-02, 0, -0.584196011508198
1994-03, 0, -0.584196011508198
1994-04, 0, -0.584196011508198
1994-05, 1, 0.778054777658901
1994-06, 0, -0.584196011508198
1994-07, 2, 2.140305566826
1994-08, 0, -0.584196011508198
1994-09, 1, 0.778054777658901
1994-10, 1, 0.778054777658901
1994-11, 0, -0.584196011508198
1994-12, 0, -0.584196011508198
1995-01, 2, 2.140305566826
1995-02, 0, -0.584196011508198
1995-03, 1, 0.778054777658901
1995-04, 0, -0.584196011508198
1995-05, 1, 0.778054777658901
1995-06, 1, 0.778054777658901
1995-07, 0, -0.584196011508198
1995-08, 1, 0.778054777658901
1995-09, 0, -0.584196011508198
1995-10, 0, -0.584196011508198
1995-11, 0, -0.584196011508198
1995-12, 0, -0.584196011508198
1996-01, 0, -0.584196011508198
1996-02, 2, 2.140305566826
1996-03, 0, -0.584196011508198
1996-04, 0, -0.584196011508198
1996-05, 0, -0.584196011508198
1996-06, 0, -0.584196011508198
1996-07, 1, 0.778054777658901
1996-08, 0, -0.584196011508198
1996-09, 0, -0.584196011508198
1996-10, 0, -0.584196011508198
1996-11, 1, 0.778054777658901
1996-12, 0, -0.584196011508198
1997-01, 0, -0.584196011508198
1997-02, 0, -0.584196011508198
1997-03, 1, 0.778054777658901
1997-04, 1, 0.778054777658901
1997-05, 0, -0.584196011508198
1997-06, 1, 0.778054777658901
1997-07, 0, -0.584196011508198
1997-08, 0, -0.584196011508198
1997-09, 1, 0.778054777658901
1997-10, 1, 0.778054777658901
1997-11, 0, -0.584196011508198
1997-12, 0, -0.584196011508198
1998-01, 0, -0.584196011508198
1998-02, 0, -0.584196011508198
1998-03, 1, 0.778054777658901
1998-04, 0, -0.584196011508198
1998-05, 1, 0.778054777658901
1998-06, 0, -0.584196011508198
1998-07, 0, -0.584196011508198
1998-08, 2, 2.140305566826
1998-09, 2, 2.140305566826
1998-10, 0, -0.584196011508198
1998-11, 0, -0.584196011508198
1998-12, 0, -0.584196011508198
1999-01, 0, -0.584196011508198
1999-02, 0, -0.584196011508198
1999-03, 0, -0.584196011508198
1999-04, 2, 2.140305566826
1999-05, 0, -0.584196011508198
1999-06, 1, 0.778054777658901
1999-07, 1, 0.778054777658901
1999-08, 0, -0.584196011508198
1999-09, 0, -0.584196011508198
1999-10, 0, -0.584196011508198
1999-11, 1, 0.778054777658901
1999-12, 0, -0.584196011508198
2000-01, 3, 3.5025563559931
2000-02, 0, -0.584196011508198
2000-03, 0, -0.584196011508198
2000-04, 0, -0.584196011508198
2000-05, 0, -0.584196011508198
2000-06, 1, 0.778054777658901
2000-07, 0, -0.584196011508198
2000-08, 0, -0.584196011508198
2000-09, 0, -0.584196011508198
2000-10, 0, -0.584196011508198
2000-11, 0, -0.584196011508198
2000-12, 0, -0.584196011508198
2001-01, 0, -0.584196011508198
2001-02, 0, -0.584196011508198
2001-03, 0, -0.584196011508198
2001-04, 0, -0.584196011508198
2001-05, 1, 0.778054777658901
2001-06, 1, 0.778054777658901
2001-07, 0, -0.584196011508198
2001-08, 2, 2.140305566826
2001-09, 1, 0.778054777658901
2001-10, 0, -0.584196011508198
2001-11, 0, -0.584196011508198
2001-12, 0, -0.584196011508198
2002-01, 0, -0.584196011508198
2002-02, 0, -0.584196011508198
2002-03, 0, -0.584196011508198
2002-04, 0, -0.584196011508198
2002-05, 0, -0.584196011508198
2002-06, 1, 0.778054777658901
2002-07, 0, -0.584196011508198
2002-08, 0, -0.584196011508198
2002-09, 0, -0.584196011508198
2002-10, 0, -0.584196011508198
2002-11, 0, -0.584196011508198
2002-12, 0, -0.584196011508198
2003-01, 0, -0.584196011508198
2003-02, 0, -0.584196011508198
2003-03, 0, -0.584196011508198
2003-04, 0, -0.584196011508198
2003-05, 0, -0.584196011508198
2003-06, 0, -0.584196011508198
2003-07, 0, -0.584196011508198
2003-08, 1, 0.778054777658901
2003-09, 0, -0.584196011508198
2003-10, 0, -0.584196011508198
2003-11, 0, -0.584196011508198
2003-12, 1, 0.778054777658901
2004-01, 0, -0.584196011508198
2004-02, 0, -0.584196011508198
2004-03, 0, -0.584196011508198
2004-04, 0, -0.584196011508198
2004-05, 1, 0.778054777658901
2004-06, 0, -0.584196011508198
2004-07, 0, -0.584196011508198
2004-08, 1, 0.778054777658901
2004-09, 0, -0.584196011508198
2004-10, 0, -0.584196011508198
2004-11, 0, -0.584196011508198
2004-12, 0, -0.584196011508198
2005-01, 0, -0.584196011508198
2005-02, 0, -0.584196011508198
2005-03, 0, -0.584196011508198
2005-04, 0, -0.584196011508198
2005-05, 2, 2.140305566826
2005-06, 0, -0.584196011508198
2005-07, 1, 0.778054777658901
2005-08, 0, -0.584196011508198
2005-09, 1, 0.778054777658901
2005-10, 0, -0.584196011508198
2005-11, 0, -0.584196011508198
2005-12, 0, -0.584196011508198
2006-01, 0, -0.584196011508198
2006-02, 0, -0.584196011508198
2006-03, 1, 0.778054777658901
2006-04, 1, 0.778054777658901
2006-05, 0, -0.584196011508198
2006-06, 0, -0.584196011508198
2006-07, 0, -0.584196011508198
2006-08, 0, -0.584196011508198
2006-09, 0, -0.584196011508198
2006-10, 1, 0.778054777658901
2006-11, 0, -0.584196011508198
2006-12, 0, -0.584196011508198
2007-01, 1, 0.778054777658901
2007-02, 0, -0.584196011508198
2007-03, 0, -0.584196011508198
2007-04, 0, -0.584196011508198
2007-05, 0, -0.584196011508198
2007-06, 0, -0.584196011508198
2007-07, 1, 0.778054777658901
2007-08, 1, 0.778054777658901
2007-09, 0, -0.584196011508198
2007-10, 0, -0.584196011508198
2007-11, 0, -0.584196011508198
2007-12, 0, -0.584196011508198
2008-01, 0, -0.584196011508198
2008-02, 0, -0.584196011508198
2008-03, 0, -0.584196011508198
2008-04, 0, -0.584196011508198
2008-05, 1, 0.778054777658901
2008-06, 1, 0.778054777658901
2008-07, 1, 0.778054777658901
2008-08, 0, -0.584196011508198
2008-09, 0, -0.584196011508198
2008-10, 2, 2.140305566826
2008-11, 0, -0.584196011508198
2008-12, 1, 0.778054777658901
2009-01, 1, 0.778054777658901
2009-02, 0, -0.584196011508198
2009-03, 0, -0.584196011508198
2009-04, 0, -0.584196011508198
2009-05, 0, -0.584196011508198
2009-06, 0, -0.584196011508198
2009-07, 0, -0.584196011508198
2009-08, 1, 0.778054777658901
2009-09, 0, -0.584196011508198
2009-10, 1, 0.778054777658901
2009-11, 1, 0.778054777658901
2009-12, 0, -0.584196011508198
2010-01, 0, -0.584196011508198
2010-02, 0, -0.584196011508198
2010-03, 1, 0.778054777658901
2010-04, 1, 0.778054777658901
2010-05, 1, 0.778054777658901
2010-06, 1, 0.778054777658901
2010-07, 1, 0.778054777658901
2010-08, 1, 0.778054777658901
2010-09, 0, -0.584196011508198
2010-10, 0, -0.584196011508198
2010-11, 1, 0.778054777658901
2010-12, 0, -0.584196011508198
2011-01, 0, -0.584196011508198
2011-02, 0, -0.584196011508198
2011-03, 0, -0.584196011508198
2011-04, 0, -0.584196011508198
2011-05, 2, 2.140305566826
2011-06, 1, 0.778054777658901
2011-07, 0, -0.584196011508198
2011-08, 0, -0.584196011508198
2011-09, 0, -0.584196011508198
2011-10, 0, -0.584196011508198
2011-11, 0, -0.584196011508198
2011-12, 0, -0.584196011508198
2012-01, 0, -0.584196011508198
2012-02, 1, 0.778054777658901
2012-03, 0, -0.584196011508198
2012-04, 1, 0.778054777658901
2012-05, 3, 3.5025563559931
2012-06, 2, 2.140305566826
2012-07, 0, -0.584196011508198
2012-08, 0, -0.584196011508198
2012-09, 1, 0.778054777658901
2012-10, 1, 0.778054777658901
2012-11, 0, -0.584196011508198
2012-12, 1, 0.778054777658901
2013-01, 0, -0.584196011508198
2013-02, 0, -0.584196011508198
2013-03, 0, -0.584196011508198
2013-04, 0, -0.584196011508198
2013-05, 0, -0.584196011508198
2013-06, 0, -0.584196011508198
2013-07, 0, -0.584196011508198
2013-08, 2, 2.140305566826
2013-09, 0, -0.584196011508198
2013-10, 0, -0.584196011508198
2013-11, 0, -0.584196011508198
2013-12, 0, -0.584196011508198
2014-01, 0, -0.584196011508198
2014-02, 0, -0.584196011508198
2014-03, 0, -0.584196011508198
2014-04, 0, -0.584196011508198
2014-05, 2, 2.140305566826
2014-06, 0, -0.584196011508198
2014-07, 0, -0.584196011508198
2014-08, 1, 0.778054777658901
2014-09, 2, 2.140305566826
2014-10, 0, -0.584196011508198
2014-11, 0, -0.584196011508198
2014-12, 0, -0.584196011508198
2015-01, 1, 0.778054777658901
2015-02, 1, 0.778054777658901
2015-03, 0, -0.584196011508198
2015-04, 0, -0.584196011508198
2015-05, 0, -0.584196011508198
2015-06, 0, -0.584196011508198
2015-07, 0, -0.584196011508198
2015-08, 0, -0.584196011508198
2015-09, 0, -0.584196011508198
2015-10, 1, 0.778054777658901
2015-11, 1, 0.778054777658901
2015-12, 0, -0.584196011508198
2016-01, 0, -0.584196011508198
2016-02, 2, 2.140305566826
2016-03, 0, -0.584196011508198
2016-04, 0, -0.584196011508198
2016-05, 0, -0.584196011508198
2016-06, 1, 0.778054777658901
2016-07, 2, 2.140305566826
2016-08, 2, 2.140305566826
2016-09, 1, 0.778054777658901
2016-10, 2, 2.140305566826
2016-11, 0, -0.584196011508198
2016-12, 0, -0.584196011508198
2017-01, 0, -0.584196011508198
2017-02, 1, 0.778054777658901
2017-03, 0, -0.584196011508198
2017-04, 0, -0.584196011508198
2017-05, 1, 0.778054777658901
2017-06, 0, -0.584196011508198
2017-07, 0, -0.584196011508198
2017-08, 0, -0.584196011508198
2017-09, 0, -0.584196011508198
2017-10, 1, 0.778054777658901
2017-11, 1, 0.778054777658901
2017-12, 0, -0.584196011508198
2018-01, 0, -0.584196011508198
2018-02, 1, 0.778054777658901
2018-03, 0, -0.584196011508198
2018-04, 0, -0.584196011508198
2018-05, 0, -0.584196011508198
2018-06, 0, -0.584196011508198
2018-07, 0, -0.584196011508198
2018-08, 1, 0.778054777658901
2018-09, 0, -0.584196011508198
2018-10, 1, 0.778054777658901
2018-11, 0, -0.584196011508198
2018-12, 0, -0.584196011508198
2019-01, 1, 0.778054777658901
2019-02, 2, 2.140305566826
2019-03, 0, -0.584196011508198
2019-04, 0, -0.584196011508198
2019-05, 0, -0.584196011508198
2019-06, 1, 0.778054777658901
2019-07, 1, 0.778054777658901
2019-08, 0, -0.584196011508198
2019-09, 0, -0.584196011508198
2019-10, 0, -0.584196011508198
2019-11, 1, 0.778054777658901
2019-12, 0, -0.584196011508198
2020-01, 0, -0.584196011508198
2020-02, 1, 0.778054777658901
2020-03, 0, -0.584196011508198
2020-04, 0, -0.584196011508198
2020-05, 1, 0.778054777658901
2020-06, 0, -0.584196011508198
2020-07, 0, -0.584196011508198
2020-08, 1, 0.778054777658901
2020-09, 1, 0.778054777658901
2020-10, 0, -0.584196011508198
2020-11, 0, -0.584196011508198
2020-12, 0, -0.584196011508198
2021-01, 0, -0.584196011508198
2021-02, 0, -0.584196011508198
2021-03, 0, -0.584196011508198
2021-04, 0, -0.584196011508198
2021-05, 1, 0.778054777658901
2021-06, 0, -0.584196011508198
2021-07, 2, 2.140305566826
2021-08, 1, 0.778054777658901
2021-09, 0, -0.584196011508198
2021-10, 1, 0.778054777658901
2021-11, 0, -0.584196011508198
2021-12, 0, -0.584196011508198
2022-01, 0, -0.584196011508198
2022-02, 0, -0.584196011508198
2022-03, 2, 2.140305566826
2022-04, 0, -0.584196011508198
2022-05, 0, -0.584196011508198
2022-06, 1, 0.778054777658901
2022-07, 1, 0.778054777658901
2022-08, 0, -0.584196011508198
2022-09, 0, -0.584196011508198
2022-10, 0, -0.584196011508198
2022-11, 0, -0.584196011508198
2022-12, 0, -0.584196011508198
2023-01, 0, -0.584196011508198
2023-02, 0, -0.584196011508198
2023-03, 2, 2.140305566826
2023-04, 0, -0.584196011508198
2023-05, 1, 0.778054777658901
2023-06, 0, -0.584196011508198
2023-07, 0, -0.584196011508198
2023-08, 1, 0.778054777658901
2023-09, 1, 0.778054777658901
2023-10, 0, -0.584196011508198
2023-11, 1, 0.778054777658901
2023-12, 0, -0.584196011508198
2024-01, 0, -0.584196011508198
2024-02, 0, -0.584196011508198
2024-03, 0, -0.584196011508198
2024-04, 0, -0.584196011508198
2024-05, 0, -0.584196011508198
2024-06, 0, -0.584196011508198
2024-07, 0, -0.584196011508198
2024-08, 0, -0.584196011508198
2024-09, 0, -0.584196011508198
2024-10, 0, -0.584196011508198
2024-11, 0, -0.584196011508198
2024-12, 1, 0.778054777658901
2025-01, 0, -0.584196011508198
2025-02, 0, -0.584196011508198
2025-03, 0, -0.584196011508198
2025-04, 2, 2.140305566826
2025-05, 2, 2.140305566826
2025-06, 0, -0.584196011508198
2025-07, 0, -0.584196011508198
2025-08, 2, 2.140305566826
2025-09, 0, -0.584196011508198
2025-10, 0, -0.584196011508198
2025-11, 0, -0.584196011508198
2025-12, 0, -0.584196011508198
2026-01, 0, -0.584196011508198
2026-02, 1, 0.778054777658901
2026-03, 0, -0.584196011508198
2026-04, 0, -0.584196011508198
2026-05, 0, -0.584196011508198
2026-06, 2, 2.140305566826
2026-07, 0, -0.584196011508198
2026-08, 0, -0.584196011508198
2026-09, 0, -0.584196011508198
2026-10, 0, -0.584196011508198
2026-11, 0, -0.584196011508198
2026-12, 1, 0.778054777658901
2027-01, 0, -0.584196011508198
2027-02, 1, 0.778054777658901
2027-03, 0, -0.584196011508198
2027-04, 0, -0.584196011508198
2027-05, 0, -0.584196011508198
2027-06, 0, -0.584196011508198
2027-07, 0, -0.584196011508198
2027-08, 0, -0.584196011508198
2027-09, 1, 0.778054777658901
2027-10, 1, 0.778054777658901
2027-11, 0, -0.584196011508198
2027-12, 0, -0.584196011508198
2028-01, 0, -0.584196011508198
2028-02, 0, -0.584196011508198
2028-03, 1, 0.778054777658901
2028-04, 1, 0.778054777658901
2028-05, 0, -0.584196011508198
2028-06, 0, -0.584196011508198
2028-07, 0, -0.584196011508198
2028-08, 1, 0.778054777658901
2028-09, 0, -0.584196011508198
2028-10, 0, -0.584196011508198
2028-11, 1, 0.778054777658901
2028-12, 2, 2.140305566826
2029-01, 0, -0.584196011508198
2029-02, 1, 0.778054777658901
2029-03, 0, -0.584196011508198
2029-04, 0, -0.584196011508198
2029-05, 0, -0.584196011508198
2029-06, 0, -0.584196011508198
2029-07, 0, -0.584196011508198
2029-08, 1, 0.778054777658901
2029-09, 0, -0.584196011508198
2029-10, 0, -0.584196011508198
2029-11, 0, -0.584196011508198
2029-12, 1, 0.778054777658901
2030-01, 1, 0.778054777658901
2030-02, 0, -0.584196011508198
2030-03, 0, -0.584196011508198
2030-04, 0, -0.584196011508198
2030-05, 0, -0.584196011508198
2030-06, 1, 0.778054777658901
2030-07, 0, -0.584196011508198
2030-08, 2, 2.140305566826
2030-09, 0, -0.584196011508198
2030-10, 0, -0.584196011508198
2030-11, 1, 0.778054777658901
2030-12, 1, 0.778054777658901
2031-01, 0, -0.584196011508198
2031-02, 0, -0.584196011508198
2031-03, 0, -0.584196011508198
2031-04, 1, 0.778054777658901
2031-05, 0, -0.584196011508198
2031-06, 1, 0.778054777658901
2031-07, 1, 0.778054777658901
2031-08, 0, -0.584196011508198
2031-09, 0, -0.584196011508198
2031-10, 0, -0.584196011508198
2031-11, 0, -0.584196011508198
2031-12, 0, -0.584196011508198
2032-01, 0, -0.584196011508198
2032-02, 0, -0.584196011508198
2032-03, 0, -0.584196011508198
2032-04, 0, -0.584196011508198
2032-05, 0, -0.584196011508198
2032-06, 1, 0.778054777658901
2032-07, 0, -0.584196011508198
2032-08, 1, 0.778054777658901
2032-09, 0, -0.584196011508198
2032-10, 0, -0.584196011508198
2032-11, 1, 0.778054777658901
2032-12, 0, -0.584196011508198
2033-01, 0, -0.584196011508198
2033-02, 0, -0.584196011508198
2033-03, 0, -0.584196011508198
2033-04, 0, -0.584196011508198
2033-05, 0, -0.584196011508198
2033-06, 0, -0.584196011508198
2033-07, 0, -0.584196011508198
2033-08, 1, 0.778054777658901
2033-09, 0, -0.584196011508198
2033-10, 0, -0.584196011508198
2033-11, 0, -0.584196011508198
2033-12, 0, -0.584196011508198
2034-01, 0, -0.584196011508198
2034-02, 1, 0.778054777658901
2034-03, 0, -0.584196011508198
2034-04, 0, -0.584196011508198
2034-05, 2, 2.140305566826
2034-06, 1, 0.778054777658901
2034-07, 1, 0.778054777658901
2034-08, 1, 0.778054777658901
2034-09, 1, 0.778054777658901
2034-10, 0, -0.584196011508198
2034-11, 0, -0.584196011508198
2034-12, 0, -0.584196011508198
2035-01, 0, -0.584196011508198
2035-02, 1, 0.778054777658901
2035-03, 1, 0.778054777658901
2035-04, 0, -0.584196011508198
2035-05, 2, 2.140305566826
2035-06, 0, -0.584196011508198
2035-07, 0, -0.584196011508198
2035-08, 1, 0.778054777658901
2035-09, 0, -0.584196011508198
2035-10, 0, -0.584196011508198
2035-11, 0, -0.584196011508198
2035-12, 1, 0.778054777658901
2036-01, 0, -0.584196011508198
2036-02, 0, -0.584196011508198
2036-03, 0, -0.584196011508198
2036-04, 0, -0.584196011508198
2036-05, 0, -0.584196011508198
2036-06, 0, -0.584196011508198
2036-07, 1, 0.778054777658901
2036-08, 1, 0.778054777658901
2036-09, 1, 0.778054777658901
2036-10, 1, 0.778054777658901
2036-11, 0, -0.584196011508198
2036-12, 0, -0.584196011508198
2037-01, 0, -0.584196011508198
2037-02, 0, -0.584196011508198
2037-03, 0, -0.584196011508198
2037-04, 0, -0.584196011508198
2037-05, 5, 6.2270579343273
2037-06, 0, -0.584196011508198
2037-07, 1, 0.778054777658901
2037-08, 1, 0.778054777658901
2037-09, 0, -0.584196011508198
2037-10, 0, -0.584196011508198
2037-11, 0, -0.584196011508198
2037-12, 0, -0.584196011508198
2038-01, 0, -0.584196011508198
2038-02, 1, 0.778054777658901
2038-03, 0, -0.584196011508198
2038-04, 0, -0.584196011508198
2038-05, 1, 0.778054777658901
2038-06, 0, -0.584196011508198
2038-07, 0, -0.584196011508198
2038-08, 1, 0.778054777658901
2038-09, 0, -0.584196011508198
2038-10, 0, -0.584196011508198
2038-11, 0, -0.584196011508198
2038-12, 0, -0.584196011508198
2039-01, 0, -0.584196011508198
2039-02, 0, -0.584196011508198
2039-03, 0, -0.584196011508198
2039-04, 0, -0.584196011508198
2039-05, 0, -0.584196011508198
2039-06, 1, 0.778054777658901
2039-07, 0, -0.584196011508198
2039-08, 0, -0.584196011508198
2039-09, 1, 0.778054777658901
2039-10, 0, -0.584196011508198
2039-11, 0, -0.584196011508198
2039-12, 0, -0.584196011508198
2040-01, 0, -0.584196011508198
2040-02, 0, -0.584196011508198
2040-03, 0, -0.584196011508198
2040-04, 1, 0.778054777658901
2040-05, 1, 0.778054777658901
2040-06, 1, 0.778054777658901
2040-07, 0, -0.584196011508198
2040-08, 0, -0.584196011508198
2040-09, 1, 0.778054777658901
2040-10, 0, -0.584196011508198
2040-11, 0, -0.584196011508198
2040-12, 1, 0.778054777658901
2041-01, 1, 0.778054777658901
2041-02, 0, -0.584196011508198
2041-03, 0, -0.584196011508198
2041-04, 0, -0.584196011508198
2041-05, 0, -0.584196011508198
2041-06, 0, -0.584196011508198
2041-07, 0, -0.584196011508198
2041-08, 1, 0.778054777658901
2041-09, 2, 2.140305566826
2041-10, 0, -0.584196011508198
2041-11, 0, -0.584196011508198
2041-12, 1, 0.778054777658901
2042-01, 0, -0.584196011508198
2042-02, 1, 0.778054777658901
2042-03, 0, -0.584196011508198
2042-04, 0, -0.584196011508198
2042-05, 0, -0.584196011508198
2042-06, 0, -0.584196011508198
2042-07, 1, 0.778054777658901
2042-08, 0, -0.584196011508198
2042-09, 0, -0.584196011508198
2042-10, 0, -0.584196011508198
2042-11, 3, 3.5025563559931
2042-12, 1, 0.778054777658901
2043-01, 0, -0.584196011508198
2043-02, 1, 0.778054777658901
2043-03, 3, 3.5025563559931
2043-04, 1, 0.778054777658901
2043-05, 1, 0.778054777658901
2043-06, 0, -0.584196011508198
2043-07, 0, -0.584196011508198
2043-08, 1, 0.778054777658901
2043-09, 1, 0.778054777658901
2043-10, 0, -0.584196011508198
2043-11, 1, 0.778054777658901
2043-12, 0, -0.584196011508198
2044-01, 0, -0.584196011508198
2044-02, 2, 2.140305566826
2044-03, 0, -0.584196011508198
2044-04, 0, -0.584196011508198
2044-05, 1, 0.778054777658901
2044-06, 0, -0.584196011508198
2044-07, 0, -0.584196011508198
2044-08, 0, -0.584196011508198
2044-09, 0, -0.584196011508198
2044-10, 0, -0.584196011508198
2044-11, 0, -0.584196011508198
2044-12, 2, 2.140305566826
2045-01, 0, -0.584196011508198
2045-02, 1, 0.778054777658901
2045-03, 0, -0.584196011508198
2045-04, 0, -0.584196011508198
2045-05, 0, -0.584196011508198
2045-06, 1, 0.778054777658901
2045-07, 0, -0.584196011508198
2045-08, 2, 2.140305566826
2045-09, 0, -0.584196011508198
2045-10, 2, 2.140305566826
2045-11, 0, -0.584196011508198
2045-12, 0, -0.584196011508198
2046-01, 0, -0.584196011508198
2046-02, 0, -0.584196011508198
2046-03, 0, -0.584196011508198
2046-04, 0, -0.584196011508198
2046-05, 0, -0.584196011508198
2046-06, 1, 0.778054777658901
2046-07, 0, -0.584196011508198
2046-08, 0, -0.584196011508198
2046-09, 1, 0.778054777658901
2046-10, 0, -0.584196011508198
2046-11, 0, -0.584196011508198
2046-12, 0, -0.584196011508198
2047-01, 0, -0.584196011508198
2047-02, 0, -0.584196011508198
2047-03, 0, -0.584196011508198
2047-04, 0, -0.584196011508198
2047-05, 0, -0.584196011508198
2047-06, 0, -0.584196011508198
2047-07, 1, 0.778054777658901
2047-08, 0, -0.584196011508198
2047-09, 1, 0.778054777658901
2047-10, 2, 2.140305566826
2047-11, 0, -0.584196011508198
2047-12, 0, -0.584196011508198
2048-01, 1, 0.778054777658901
2048-02, 0, -0.584196011508198
2048-03, 0, -0.584196011508198
2048-04, 1, 0.778054777658901
2048-05, 1, 0.778054777658901
2048-06, 1, 0.778054777658901
2048-07, 0, -0.584196011508198
2048-08, 0, -0.584196011508198
2048-09, 0, -0.584196011508198
2048-10, 0, -0.584196011508198
2048-11, 0, -0.584196011508198
2048-12, 0, -0.584196011508198
2049-01, 1, 0.778054777658901
2049-02, 0, -0.584196011508198
2049-03, 0, -0.584196011508198
2049-04, 0, -0.584196011508198
2049-05, 1, 0.778054777658901
2049-06, 0, -0.584196011508198
2049-07, 1, 0.778054777658901
2049-08, 2, 2.140305566826
2049-09, 0, -0.584196011508198
2049-10, 2, 2.140305566826
2049-11, 0, -0.584196011508198
2049-12, 0, -0.584196011508198
2050-01, 0, -0.584196011508198
2050-02, 0, -0.584196011508198
2050-03, 0, -0.584196011508198
2050-04, 0, -0.584196011508198
2050-05, 3, 3.5025563559931
2050-06, 2, 2.140305566826
2050-07, 0, -0.584196011508198
2050-08, 2, 2.140305566826
2050-09, 0, -0.584196011508198
2050-10, 0, -0.584196011508198
2050-11, 0, -0.584196011508198
2050-12, 0, -0.584196011508198
2051-01, 0, -0.584196011508198
2051-02, 0, -0.584196011508198
2051-03, 0, -0.584196011508198
2051-04, 1, 0.778054777658901
2051-05, 0, -0.584196011508198
2051-06, 0, -0.584196011508198
2051-07, 1, 0.778054777658901
2051-08, 3, 3.5025563559931
2051-09, 1, 0.778054777658901
2051-10, 0, -0.584196011508198
2051-11, 0, -0.584196011508198
2051-12, 0, -0.584196011508198
2052-01, 0, -0.584196011508198
2052-02, 0, -0.584196011508198
2052-03, 0, -0.584196011508198
2052-04, 1, 0.778054777658901
2052-05, 0, -0.584196011508198
2052-06, 2, 2.140305566826
2052-07, 2, 2.140305566826
2052-08, 1, 0.778054777658901
2052-09, 0, -0.584196011508198
2052-10, 2, 2.140305566826
2052-11, 0, -0.584196011508198
2052-12, 1, 0.778054777658901
2053-01, 0, -0.584196011508198
2053-02, 0, -0.584196011508198
2053-03, 0, -0.584196011508198
2053-04, 1, 0.778054777658901
2053-05, 0, -0.584196011508198
2053-06, 0, -0.584196011508198
2053-07, 0, -0.584196011508198
2053-08, 0, -0.584196011508198
2053-09, 0, -0.584196011508198
2053-10, 0, -0.584196011508198
2053-11, 0, -0.584196011508198
2053-12, 0, -0.584196011508198
2054-01, 0, -0.584196011508198
2054-02, 0, -0.584196011508198
2054-03, 0, -0.584196011508198
2054-04, 1, 0.778054777658901
2054-05, 1, 0.778054777658901
2054-06, 0, -0.584196011508198
2054-07, 0, -0.584196011508198
2054-08, 0, -0.584196011508198
2054-09, 1, 0.778054777658901
2054-10, 0, -0.584196011508198
2054-11, 2, 2.140305566826
2054-12, 0, -0.584196011508198
2055-01, 0, -0.584196011508198
2055-02, 5, 6.2270579343273
2055-03, 0, -0.584196011508198
2055-04, 2, 2.140305566826
2055-05, 0, -0.584196011508198
2055-06, 0, -0.584196011508198
2055-07, 0, -0.584196011508198
2055-08, 0, -0.584196011508198
2055-09, 1, 0.778054777658901
2055-10, 2, 2.140305566826
2055-11, 1, 0.778054777658901
2055-12, 1, 0.778054777658901
2056-01, 0, -0.584196011508198
2056-02, 0, -0.584196011508198
2056-03, 0, -0.584196011508198
2056-04, 0, -0.584196011508198
2056-05, 1, 0.778054777658901
2056-06, 0, -0.584196011508198
2056-07, 1, 0.778054777658901
2056-08, 0, -0.584196011508198
2056-09, 1, 0.778054777658901
2056-10, 1, 0.778054777658901
2056-11, 0, -0.584196011508198
2056-12, 0, -0.584196011508198
2057-01, 0, -0.584196011508198
2057-02, 0, -0.584196011508198
2057-03, 0, -0.584196011508198
2057-04, 1, 0.778054777658901
2057-05, 2, 2.140305566826
2057-06, 0, -0.584196011508198
2057-07, 2, 2.140305566826
2057-08, 0, -0.584196011508198
2057-09, 0, -0.584196011508198
2057-10, 0, -0.584196011508198
2057-11, 0, -0.584196011508198
2057-12, 1, 0.778054777658901
2058-01, 0, -0.584196011508198
2058-02, 0, -0.584196011508198
2058-03, 0, -0.584196011508198
2058-04, 0, -0.584196011508198
2058-05, 0, -0.584196011508198
2058-06, 2, 2.140305566826
2058-07, 1, 0.778054777658901
2058-08, 1, 0.778054777658901
2058-09, 1, 0.778054777658901
2058-10, 1, 0.778054777658901
2058-11, 0, -0.584196011508198
2058-12, 0, -0.584196011508198
2059-01, 0, -0.584196011508198
2059-02, 1, 0.778054777658901
2059-03, 1, 0.778054777658901
2059-04, 0, -0.584196011508198
2059-05, 0, -0.584196011508198
2059-06, 0, -0.584196011508198
2059-07, 0, -0.584196011508198
2059-08, 0, -0.584196011508198
2059-09, 0, -0.584196011508198
2059-10, 0, -0.584196011508198
2059-11, 0, -0.584196011508198
2059-12, 1, 0.778054777658901
2060-01, 0, -0.584196011508198
2060-02, 1, 0.778054777658901
2060-03, 0, -0.584196011508198
2060-04, 1, 0.778054777658901
2060-05, 0, -0.584196011508198
2060-06, 0, -0.584196011508198
2060-07, 1, 0.778054777658901
2060-08, 0, -0.584196011508198
2060-09, 1, 0.778054777658901
2060-10, 0, -0.584196011508198
2060-11, 1, 0.778054777658901
2060-12, 0, -0.584196011508198
2061-01, 0, -0.584196011508198
2061-02, 0, -0.584196011508198
2061-03, 1, 0.778054777658901
2061-04, 2, 2.140305566826
2061-05, 0, -0.584196011508198
2061-06, 0, -0.584196011508198
2061-07, 0, -0.584196011508198
2061-08, 1, 0.778054777658901
2061-09, 1, 0.778054777658901
2061-10, 0, -0.584196011508198
2061-11, 2, 2.140305566826
2061-12, 1, 0.778054777658901
2062-01, 1, 0.778054777658901
2062-02, 0, -0.584196011508198
2062-03, 0, -0.584196011508198
2062-04, 0, -0.584196011508198
2062-05, 1, 0.778054777658901
2062-06, 0, -0.584196011508198
2062-07, 1, 0.778054777658901
2062-08, 0, -0.584196011508198
2062-09, 0, -0.584196011508198
2062-10, 0, -0.584196011508198
2062-11, 0, -0.584196011508198
2062-12, 0, -0.584196011508198
2063-01, 0, -0.584196011508198
2063-02, 0, -0.584196011508198
2063-03, 0, -0.584196011508198
2063-04, 1, 0.778054777658901
2063-05, 1, 0.778054777658901
2063-06, 0, -0.584196011508198
2063-07, 0, -0.584196011508198
2063-08, 0, -0.584196011508198
2063-09, 2, 2.140305566826
2063-10, 0, -0.584196011508198
2063-11, 0, -0.584196011508198
2063-12, 0, -0.584196011508198
2064-01, 3, 3.5025563559931
2064-02, 1, 0.778054777658901
2064-03, 0, -0.584196011508198
2064-04, 1, 0.778054777658901
2064-05, 0, -0.584196011508198
2064-06, 0, -0.584196011508198
2064-07, 0, -0.584196011508198
2064-08, 0, -0.584196011508198
2064-09, 0, -0.584196011508198
2064-10, 0, -0.584196011508198
2064-11, 1, 0.778054777658901
2064-12, 1, 0.778054777658901
2065-01, 0, -0.584196011508198
2065-02, 1, 0.778054777658901
2065-03, 0, -0.584196011508198
2065-04, 0, -0.584196011508198
2065-05, 1, 0.778054777658901
2065-06, 0, -0.584196011508198
2065-07, 2, 2.140305566826
2065-08, 0, -0.584196011508198
2065-09, 0, -0.584196011508198
2065-10, 1, 0.778054777658901
2065-11, 0, -0.584196011508198
2065-12, 0, -0.584196011508198
2066-01, 0, -0.584196011508198
2066-02, 0, -0.584196011508198
2066-03, 0, -0.584196011508198
2066-04, 0, -0.584196011508198
2066-05, 0, -0.584196011508198
2066-06, 0, -0.584196011508198
2066-07, 1, 0.778054777658901
2066-08, 0, -0.584196011508198
2066-09, 1, 0.778054777658901
2066-10, 0, -0.584196011508198
2066-11, 1, 0.778054777658901
2066-12, 0, -0.584196011508198
2067-01, 0, -0.584196011508198
2067-02, 1, 0.778054777658901
2067-03, 1, 0.778054777658901
2067-04, 0, -0.584196011508198
2067-05, 0, -0.584196011508198
2067-06, 0, -0.584196011508198
2067-07, 0, -0.584196011508198
2067-08, 1, 0.778054777658901
2067-09, 0, -0.584196011508198
2067-10, 1, 0.778054777658901
2067-11, 0, -0.584196011508198
2067-12, 0, -0.584196011508198
2068-01, 0, -0.584196011508198
2068-02, 0, -0.584196011508198
2068-03, 2, 2.140305566826
2068-04, 0, -0.584196011508198
2068-05, 0, -0.584196011508198
2068-06, 0, -0.584196011508198
2068-07, 0, -0.584196011508198
2068-08, 0, -0.584196011508198
2068-09, 1, 0.778054777658901
2068-10, 0, -0.584196011508198
2068-11, 1, 0.778054777658901
2068-12, 0, -0.584196011508198
2069-01, 0, -0.584196011508198
2069-02, 1, 0.778054777658901
2069-03, 0, -0.584196011508198
2069-04, 0, -0.584196011508198
2069-05, 1, 0.778054777658901
2069-06, 0, -0.584196011508198
2069-07, 0, -0.584196011508198
2069-08, 0, -0.584196011508198
2069-09, 0, -0.584196011508198
2069-10, 0, -0.584196011508198
2069-11, 1, 0.778054777658901
2069-12, 0, -0.584196011508198
2070-01, 0, -0.584196011508198
2070-02, 0, -0.584196011508198
2070-03, 0, -0.584196011508198
2070-04, 0, -0.584196011508198
2070-05, 0, -0.584196011508198
2070-06, 1, 0.778054777658901
2070-07, 0, -0.584196011508198
2070-08, 0, -0.584196011508198
2070-09, 1, 0.778054777658901
2070-10, 0, -0.584196011508198
2070-11, 0, -0.584196011508198
2070-12, 0, -0.584196011508198
2071-01, 0, -0.584196011508198
2071-02, 3, 3.5025563559931
2071-03, 0, -0.584196011508198
2071-04, 0, -0.584196011508198
2071-05, 2, 2.140305566826
2071-06, 3, 3.5025563559931
2071-07, 0, -0.584196011508198
2071-08, 0, -0.584196011508198
2071-09, 1, 0.778054777658901
2071-10, 0, -0.584196011508198
2071-11, 0, -0.584196011508198
2071-12, 0, -0.584196011508198
2072-01, 0, -0.584196011508198
2072-02, 0, -0.584196011508198
2072-03, 0, -0.584196011508198
2072-04, 1, 0.778054777658901
2072-05, 0, -0.584196011508198
2072-06, 1, 0.778054777658901
2072-07, 0, -0.584196011508198
2072-08, 4, 4.8648071451602
2072-09, 0, -0.584196011508198
2072-10, 0, -0.584196011508198
2072-11, 0, -0.584196011508198
2072-12, 0, -0.584196011508198
2073-01, 1, 0.778054777658901
2073-02, 2, 2.140305566826
2073-03, 0, -0.584196011508198
2073-04, 0, -0.584196011508198
2073-05, 2, 2.140305566826
2073-06, 0, -0.584196011508198
2073-07, 0, -0.584196011508198
2073-08, 0, -0.584196011508198
2073-09, 0, -0.584196011508198
2073-10, 1, 0.778054777658901
2073-11, 0, -0.584196011508198
2073-12, 0, -0.584196011508198
2074-01, 1, 0.778054777658901
2074-02, 0, -0.584196011508198
2074-03, 1, 0.778054777658901
2074-04, 0, -0.584196011508198
2074-05, 2, 2.140305566826
2074-06, 0, -0.584196011508198
2074-07, 0, -0.584196011508198
2074-08, 0, -0.584196011508198
2074-09, 1, 0.778054777658901
2074-10, 0, -0.584196011508198
2074-11, 0, -0.584196011508198
2074-12, 0, -0.584196011508198
2075-01, 0, -0.584196011508198
2075-02, 0, -0.584196011508198
2075-03, 0, -0.584196011508198
2075-04, 0, -0.584196011508198
2075-05, 2, 2.140305566826
2075-06, 2, 2.140305566826
2075-07, 2, 2.140305566826
2075-08, 0, -0.584196011508198
2075-09, 0, -0.584196011508198
2075-10, 3, 3.5025563559931
2075-11, 1, 0.778054777658901
2075-12, 0, -0.584196011508198
2076-01, 0, -0.584196011508198
2076-02, 0, -0.584196011508198
2076-03, 0, -0.584196011508198
2076-04, 0, -0.584196011508198
2076-05, 1, 0.778054777658901
2076-06, 0, -0.584196011508198
2076-07, 1, 0.778054777658901
2076-08, 1, 0.778054777658901
2076-09, 2, 2.140305566826
2076-10, 1, 0.778054777658901
2076-11, 0, -0.584196011508198
2076-12, 0, -0.584196011508198
2077-01, 0, -0.584196011508198
2077-02, 1, 0.778054777658901
2077-03, 0, -0.584196011508198
2077-04, 0, -0.584196011508198
2077-05, 1, 0.778054777658901
2077-06, 0, -0.584196011508198
2077-07, 0, -0.584196011508198
2077-08, 0, -0.584196011508198
2077-09, 1, 0.778054777658901
2077-10, 3, 3.5025563559931
2077-11, 2, 2.140305566826
2077-12, 1, 0.778054777658901
2078-01, 0, -0.584196011508198
2078-02, 0, -0.584196011508198
2078-03, 0, -0.584196011508198
2078-04, 0, -0.584196011508198
2078-05, 0, -0.584196011508198
2078-06, 0, -0.584196011508198
2078-07, 3, 3.5025563559931
2078-08, 1, 0.778054777658901
2078-09, 0, -0.584196011508198
2078-10, 0, -0.584196011508198
2078-11, 0, -0.584196011508198
2078-12, 0, -0.584196011508198
2079-01, 0, -0.584196011508198
2079-02, 0, -0.584196011508198
2079-03, 0, -0.584196011508198
2079-04, 1, 0.778054777658901
2079-05, 0, -0.584196011508198
2079-06, 2, 2.140305566826
2079-07, 1, 0.778054777658901
2079-08, 0, -0.584196011508198
2079-09, 0, -0.584196011508198
2079-10, 0, -0.584196011508198
2079-11, 0, -0.584196011508198
2079-12, 0, -0.584196011508198
2080-01, 0, -0.584196011508198
2080-02, 0, -0.584196011508198
2080-03, 0, -0.584196011508198
2080-04, 0, -0.584196011508198
2080-05, 3, 3.5025563559931
2080-06, 1, 0.778054777658901
2080-07, 0, -0.584196011508198
2080-08, 0, -0.584196011508198
2080-09, 1, 0.778054777658901
2080-10, 1, 0.778054777658901
2080-11, 0, -0.584196011508198
2080-12, 0, -0.584196011508198
2081-01, 0, -0.584196011508198
2081-02, 1, 0.778054777658901
2081-03, 1, 0.778054777658901
2081-04, 0, -0.584196011508198
2081-05, 2, 2.140305566826
2081-06, 0, -0.584196011508198
2081-07, 0, -0.584196011508198
2081-08, 1, 0.778054777658901
2081-09, 0, -0.584196011508198
2081-10, 0, -0.584196011508198
2081-11, 0, -0.584196011508198
2081-12, 1, 0.778054777658901
2082-01, 0, -0.584196011508198
2082-02, 0, -0.584196011508198
2082-03, 1, 0.778054777658901
2082-04, 0, -0.584196011508198
2082-05, 0, -0.584196011508198
2082-06, 1, 0.778054777658901
2082-07, 0, -0.584196011508198
2082-08, 0, -0.584196011508198
2082-09, 0, -0.584196011508198
2082-10, 2, 2.140305566826
2082-11, 2, 2.140305566826
2082-12, 0, -0.584196011508198
2083-01, 0, -0.584196011508198
2083-02, 0, -0.584196011508198
2083-03, 0, -0.584196011508198
2083-04, 0, -0.584196011508198
2083-05, 1, 0.778054777658901
2083-06, 0, -0.584196011508198
2083-07, 0, -0.584196011508198
2083-08, 0, -0.584196011508198
2083-09, 0, -0.584196011508198
2083-10, 0, -0.584196011508198
2083-11, 1, 0.778054777658901
2083-12, 0, -0.584196011508198
2084-01, 2, 2.140305566826
2084-02, 1, 0.778054777658901
2084-03, 0, -0.584196011508198
2084-04, 1, 0.778054777658901
2084-05, 1, 0.778054777658901
2084-06, 2, 2.140305566826
2084-07, 0, -0.584196011508198
2084-08, 1, 0.778054777658901
2084-09, 0, -0.584196011508198
2084-10, 0, -0.584196011508198
2084-11, 0, -0.584196011508198
2084-12, 0, -0.584196011508198
2085-01, 0, -0.584196011508198
2085-02, 0, -0.584196011508198
2085-03, 0, -0.584196011508198
2085-04, 0, -0.584196011508198
2085-05, 2, 2.140305566826
2085-06, 1, 0.778054777658901
2085-07, 0, -0.584196011508198
2085-08, 0, -0.584196011508198
2085-09, 1, 0.778054777658901
2085-10, 1, 0.778054777658901
2085-11, 1, 0.778054777658901
2085-12, 0, -0.584196011508198
2086-01, 0, -0.584196011508198
2086-02, 0, -0.584196011508198
2086-03, 0, -0.584196011508198
2086-04, 0, -0.584196011508198
2086-05, 0, -0.584196011508198
2086-06, 0, -0.584196011508198
2086-07, 0, -0.584196011508198
2086-08, 0, -0.584196011508198
2086-09, 0, -0.584196011508198
2086-10, 0, -0.584196011508198
2086-11, 0, -0.584196011508198
2086-12, 2, 2.140305566826
2087-01, 0, -0.584196011508198
2087-02, 0, -0.584196011508198
2087-03, 0, -0.584196011508198
2087-04, 1, 0.778054777658901
2087-05, 1, 0.778054777658901
2087-06, 1, 0.778054777658901
2087-07, 0, -0.584196011508198
2087-08, 1, 0.778054777658901
2087-09, 0, -0.584196011508198
2087-10, 0, -0.584196011508198
2087-11, 1, 0.778054777658901
2087-12, 1, 0.778054777658901
2088-01, 0, -0.584196011508198
2088-02, 0, -0.584196011508198
2088-03, 0, -0.584196011508198
2088-04, 1, 0.778054777658901
2088-05, 0, -0.584196011508198
2088-06, 0, -0.584196011508198
2088-07, 0, -0.584196011508198
2088-08, 0, -0.584196011508198
2088-09, 0, -0.584196011508198
2088-10, 0, -0.584196011508198
2088-11, 0, -0.584196011508198
2088-12, 4, 4.8648071451602
2089-01, 0, -0.584196011508198
2089-02, 4, 4.8648071451602
2089-03, 0, -0.584196011508198
2089-04, 1, 0.778054777658901
2089-05, 0, -0.584196011508198
2089-06, 1, 0.778054777658901
2089-07, 0, -0.584196011508198
2089-08, 1, 0.778054777658901
2089-09, 4, 4.8648071451602
2089-10, 2, 2.140305566826
2089-11, 1, 0.778054777658901
2089-12, 0, -0.584196011508198
2090-01, 1, 0.778054777658901
2090-02, 1, 0.778054777658901
2090-03, 0, -0.584196011508198
2090-04, 3, 3.5025563559931
2090-05, 0, -0.584196011508198
2090-06, 1, 0.778054777658901
2090-07, 1, 0.778054777658901
2090-08, 1, 0.778054777658901
2090-09, 2, 2.140305566826
2090-10, 0, -0.584196011508198
2090-11, 3, 3.5025563559931
2090-12, 1, 0.778054777658901
2091-01, 0, -0.584196011508198
2091-02, 2, 2.140305566826
2091-03, 1, 0.778054777658901
2091-04, 0, -0.584196011508198
2091-05, 0, -0.584196011508198
2091-06, 0, -0.584196011508198
2091-07, 0, -0.584196011508198
2091-08, 0, -0.584196011508198
2091-09, 1, 0.778054777658901
2091-10, 0, -0.584196011508198
2091-11, 1, 0.778054777658901
2091-12, 0, -0.584196011508198
2092-01, 0, -0.584196011508198
2092-02, 1, 0.778054777658901
2092-03, 0, -0.584196011508198
2092-04, 1, 0.778054777658901
2092-05, 0, -0.584196011508198
2092-06, 0, -0.584196011508198
2092-07, 0, -0.584196011508198
2092-08, 0, -0.584196011508198
2092-09, 0, -0.584196011508198
2092-10, 0, -0.584196011508198
2092-11, 0, -0.584196011508198
2092-12, 0, -0.584196011508198
2093-01, 0, -0.584196011508198
2093-02, 1, 0.778054777658901
2093-03, 0, -0.584196011508198
2093-04, 2, 2.140305566826
2093-05, 0, -0.584196011508198
2093-06, 1, 0.778054777658901
2093-07, 2, 2.140305566826
2093-08, 0, -0.584196011508198
2093-09, 1, 0.778054777658901
2093-10, 0, -0.584196011508198
2093-11, 0, -0.584196011508198
2093-12, 2, 2.140305566826
2094-01, 0, -0.584196011508198
2094-02, 3, 3.5025563559931
2094-03, 1, 0.778054777658901
2094-04, 0, -0.584196011508198
2094-05, 1, 0.778054777658901
2094-06, 0, -0.584196011508198
2094-07, 0, -0.584196011508198
2094-08, 1, 0.778054777658901
2094-09, 0, -0.584196011508198
2094-10, 0, -0.584196011508198
2094-11, 0, -0.584196011508198
2094-12, 0, -0.584196011508198
2095-01, 0, -0.584196011508198
2095-02, 0, -0.584196011508198
2095-03, 0, -0.584196011508198
2095-04, 0, -0.584196011508198
2095-05, 1, 0.778054777658901
2095-06, 0, -0.584196011508198
2095-07, 0, -0.584196011508198
2095-08, 2, 2.140305566826
2095-09, 2, 2.140305566826
2095-10, 0, -0.584196011508198
2095-11, 1, 0.778054777658901
2095-12, 1, 0.778054777658901
2096-01, 0, -0.584196011508198
2096-02, 0, -0.584196011508198
2096-03, 0, -0.584196011508198
2096-04, 0, -0.584196011508198
2096-05, 2, 2.140305566826
2096-06, 2, 2.140305566826
2096-07, 0, -0.584196011508198
2096-08, 0, -0.584196011508198
2096-09, 0, -0.584196011508198
2096-10, 0, -0.584196011508198
2096-11, 1, 0.778054777658901
2096-12, 0, -0.584196011508198
2097-01, 0, -0.584196011508198
2097-02, 3, 3.5025563559931
2097-03, 0, -0.584196011508198
2097-04, 0, -0.584196011508198
2097-05, 0, -0.584196011508198
2097-06, 1, 0.778054777658901
2097-07, 0, -0.584196011508198
2097-08, 3, 3.5025563559931
2097-09, 0, -0.584196011508198
2097-10, 0, -0.584196011508198
2097-11, 3, 3.5025563559931
2097-12, 1, 0.778054777658901
2098-01, 1, 0.778054777658901
2098-02, 0, -0.584196011508198
2098-03, 0, -0.584196011508198
2098-04, 0, -0.584196011508198
2098-05, 1, 0.778054777658901
2098-06, 0, -0.584196011508198
2098-07, 1, 0.778054777658901
2098-08, 0, -0.584196011508198
2098-09, 2, 2.140305566826
2098-10, 0, -0.584196011508198
2098-11, 0, -0.584196011508198
2098-12, 1, 0.778054777658901
2099-01, 1, 0.778054777658901
2099-02, 1, 0.778054777658901
2099-03, 1, 0.778054777658901
2099-04, 0, -0.584196011508198
2099-05, 2, 2.140305566826
2099-06, 0, -0.584196011508198
2099-07, 0, -0.584196011508198
2099-08, 1, 0.778054777658901
2099-09, 0, -0.584196011508198
2099-10, 1, 0.778054777658901
2099-11, 1, 0.778054777658901
2099-12, 2, 2.140305566826
2100-01, 0, -0.584196011508198
2100-02, 1, 0.778054777658901
2100-03, 1, 0.778054777658901
2100-04, 0, -0.584196011508198
2100-05, 2, 2.140305566826
2100-06, 0, -0.584196011508198
2100-07, 0, -0.584196011508198
2100-08, 0, -0.584196011508198
2100-09, 0, -0.584196011508198
2100-10, 0, -0.584196011508198
2100-11, 0, -0.584196011508198
2100-12, 1, 0.778054777658901
