"Description: ","Monthly sum of daily precipitation >= 1.0 mm"
"Station: ","final_1971_2005_Paris_rcp85"
"Latitude: ","48.85"
"Longitude: ","2.35"
"Climpact_version: ","3.1.6"
"Date_of_calculation: ","2024-01-01"
time, prcptot, normalised (all years)
1971-01, 85.30536816, 0.83317682872442
1971-02, 19.0447848, -1.11534657305336
1971-03, 35.152378272, -0.641670954231957
1971-04, 22.594025088, -1.01097414816651
1971-05, 32.904335808, -0.707779085600123
1971-06, 42.56536176, -0.423677524791673
1971-07, 37.164755232, -0.582493032744995
1971-08, 75.296799936, 0.538855100574252
1971-09, 112.911581664, 1.64499209383859
1971-10, 24.930998208, -0.942250835108648
1971-11, 65.727100512, 0.257439176806519
1971-12, 49.167083808, -0.229540841257344
1972-01, 59.026231872, 0.0603868917950811
1972-02, 43.454144736, -0.397541104917
1972-03, 93.917179296, 1.08642415434812
1972-04, 36.02953008, -0.615876571838526
1972-05, 78.991939584, 0.647517984476832
1972-06, 51.130900512, -0.171790930065707
1972-07, 56.525249088, -0.0131594495582788
1972-08, 70.14988368, 0.387499856426784
1972-09, 22.137268896, -1.02440596666082
1972-10, 40.609286496, -0.481199783641019
1972-11, 35.3562408, -0.635675973710953
1972-12, 20.793920832, -1.0639097712865
1973-01, 11.716016256, -1.33086349563478
1973-02, 39.651744672, -0.509358193326427
1973-03, 93.131875008, 1.06333072979478
1973-04, 9.455163264, -1.3973483458957
1973-05, 24.573314304, -0.952769237181817
1973-06, 28.454385888, -0.838638657251488
1973-07, 13.31648208, -1.283798635145
1973-08, 42.338299104, -0.43035475092598
1973-09, 81.204886368, 0.712594058016443
1973-10, 83.21867424, 0.771813470159093
1973-11, 86.68254096, 0.873675316558618
1973-12, 77.4093456, 0.600978680761642
1974-01, 30.350585952, -0.782877146987046
1974-02, 18.757764864, -1.12378696149718
1974-03, 59.686622496, 0.079806983196743
1974-04, 17.699488416, -1.15490767187902
1974-05, 62.684960832, 0.16797904746007
1974-06, 11.925314208, -1.32470867572925
1974-07, 60.125256288, 0.0927058767045005
1974-08, 120.613420224, 1.87147987752348
1974-09, 150.307050816, 2.74467976738718
1974-10, 83.123244576, 0.769007172295437
1974-11, 74.589695424, 0.518061294977207
1974-12, 27.894519072, -0.855102647417825
1975-01, 80.978311008, 0.705931161784039
1975-02, 21.386736288, -1.04647686124591
1975-03, 78.818381856, 0.642414176489963
1975-04, 40.58540208, -0.481902152095292
1975-05, 39.697319808, -0.508017966384072
1975-06, 55.240380864, -0.050943538917444
1975-07, 22.00276224, -1.0283614007005
1975-08, 107.695034784, 1.49158922358425
1975-09, 158.241694176, 2.97801363629866
1975-10, 72.691826976, 0.462250722584086
1975-11, 36.40453632, -0.604848772241853
1975-12, 79.024439808, 0.648473717792413
1976-01, 35.990648352, -0.617019965890732
1976-02, 23.681705184, -0.978988765406002
1976-03, 43.0086024, -0.41064315781415
1976-04, 30.258310752, -0.785590681602744
1976-05, 39.2049072, -0.522498332257181
1976-06, 35.911254528, -0.619354698188215
1976-07, 130.732327296, 2.16904633755723
1976-08, 27.785787264, -0.858300121114284
1976-09, 19.03241664, -1.11571028324084
1976-10, 61.865882784, 0.143892438748231
1976-11, 65.973409632, 0.264682383250744
1976-12, 93.056585184, 1.06111668372787
1977-01, 21.76859664, -1.03524750294038
1977-02, 29.290842432, -0.814040999520359
1977-03, 30.743203968, -0.771331438311662
1977-04, 65.585896992, 0.253286808246186
1977-05, 75.917219328, 0.557099758905445
1977-06, 59.390820864, 0.0711083516271332
1977-07, 69.421497984, 0.366080235557086
1977-08, 54.868463424, -0.0618805062458477
1977-09, 37.42992288, -0.574695254015593
1977-10, 80.494950528, 0.69171699162412
1977-11, 79.245163296, 0.654964528163842
1977-12, 16.60215744, -1.18717685783856
1978-01, 72.252203904, 0.449322737342855
1978-02, 46.222304832, -0.316137886692701
1978-03, 25.047085248, -0.938837066279385
1978-04, 33.90255216, -0.678424561035472
1978-05, 65.17792656, 0.241289631437971
1978-06, 62.531142912, 0.163455727538415
1978-07, 91.967717952, 1.0290963908872
1978-08, 23.12609184, -0.995327673822217
1978-09, 28.580750208, -0.834922664693258
1978-10, 88.498482336, 0.927076661490461
1978-11, 75.208480128, 0.536257882077193
1978-12, 17.014830624, -1.17504138731393
1979-01, 83.275844256, 0.773494667462334
1979-02, 7.430603904, -1.45688451493025
1979-03, 13.534304256, -1.27739314358668
1979-04, 5.610289824, -1.5104144478648
1979-05, 77.813664768, 0.612868484936093
1979-06, 90.703967616, 0.991933314759087
1979-07, 62.797329216, 0.171283461860625
1979-08, 27.12277872, -0.877797197627233
1979-09, 19.541892384, -1.10072814213248
1979-10, 128.13691536, 2.09272312037285
1979-11, 45.2415024, -0.344980320525336
1979-12, 108.827298144, 1.52488566533075
1980-01, 19.087847424, -1.11408023149174
1980-02, 37.926997632, -0.560077788584559
1980-03, 23.583002688, -0.981891307362582
1980-04, 26.966827584, -0.882383248981156
1980-05, 54.590800608, -0.0700457300839782
1980-06, 74.61612864, 0.518838615932569
1980-07, 88.442577216, 0.925432660953863
1980-08, 137.617134624, 2.3715077031998
1980-09, 56.569119552, -0.0118693518649579
1980-10, 22.873154976, -1.0027657821769
1980-11, 52.590891168, -0.128857019506292
1980-12, 100.773713952, 1.28805410619641
1981-01, 26.027160192, -0.910016025669096
1981-02, 83.533686048, 0.781077014918267
1981-03, 12.584822688, -1.30531452551525
1981-04, 47.937075264, -0.265711673309171
1981-05, 11.444796288, -1.33883925479473
1981-06, 41.813511552, -0.445787166008684
1981-07, 48.544921728, -0.24783674677318
1981-08, 37.352263968, -0.576978967797079
1981-09, 60.329995776, 0.0987266459674047
1981-10, 21.953193696, -1.0298190616971
1981-11, 23.536161792, -0.983268756479207
1981-12, 21.917984832, -1.03085444792486
1982-01, 57.763317888, 0.0232484102503815
1982-02, 28.597820256, -0.834420686196981
1982-03, 63.263338848, 0.184987396045333
1982-04, 33.909083136, -0.678232504779291
1982-05, 139.019715072, 2.41275335313554
1982-06, 20.33113392, -1.07751893502068
1982-07, 96.005009376, 1.1478209239436
1982-08, 29.488236192, -0.808236245906357
1982-09, 15.735904992, -1.21265072301124
1982-10, 84.728018304, 0.816198715215867
1982-11, 4.099413888, -1.55484474064511
1982-12, 95.944868064, 1.14605234980942
1983-01, 48.45929328, -0.250354820510615
1983-02, 75.801026016, 0.553682864938002
1983-03, 58.541399136, 0.0461294270379231
1983-04, 142.015496832, 2.50085023622913
1983-05, 32.917866048, -0.707381202153664
1983-06, 99.283180032, 1.24422201059768
1983-07, 189.273691872, 3.89057085581557
1983-08, 177.911906976, 3.55645511711856
1983-09, 25.389221472, -0.928775874462859
1983-10, 37.0122912, -0.586976538914376
1983-11, 31.733639136, -0.742205734840166
1983-12, 62.633654784, 0.166470291724589
1984-01, 43.8512616, -0.385863098725287
1984-02, 126.87685344, 2.05566850940648
1984-03, 12.569581728, -1.30576271606414
1984-04, 29.839787424, -0.797898187173096
1984-05, 85.153743072, 0.828717993361329
1984-06, 33.539375808, -0.689104479396581
1984-07, 139.011368832, 2.412507915454
1984-08, 56.46641328, -0.0148896327673165
1984-09, 19.018771488, -1.11611154590176
1984-10, 45.559598688, -0.33562607053603
1984-11, 34.607868192, -0.657683349227326
1984-12, 31.313751552, -0.75455335905432
1985-01, 12.765028032, -1.30001523124249
1985-02, 5.421885984, -1.5159548351148
1985-03, 18.20193984, -1.14013209478213
1985-04, 25.898338656, -0.913804277519901
1985-05, 53.110457568, -0.113578142716496
1985-06, 16.499979072, -1.19018161468053
1985-07, 61.178396256, 0.123675538740924
1985-08, 79.729442208, 0.669205706631781
1985-09, 53.132462784, -0.112931035852009
1985-10, 71.719379424, 0.433653980509259
1985-11, 13.161127968, -1.28836712982833
1985-12, 19.538770752, -1.10081993989059
1986-01, 33.665976, -0.685381550556047
1986-02, 72.090579744, 0.444569859506848
1986-03, 52.453332, -0.132902218693881
1986-04, 8.554597056, -1.42383127499406
1986-05, 43.86146544, -0.385563034644656
1986-06, 73.930399488, 0.498673395039572
1986-07, 145.240487424, 2.5956874580037
1986-08, 71.920929888, 0.439580970219106
1986-09, 124.888593312, 1.99719979102559
1986-10, 25.9712136, -0.911661245771814
1986-11, 59.990040288, 0.088729583002658
1986-12, 118.478395872, 1.80869526709174
1987-01, 3.39389136, -1.57559202487623
1987-02, 43.748957088, -0.388871565080864
1987-03, 73.087312608, 0.473880759175103
1987-04, 87.21921456, 0.889457264372672
1987-05, 22.704613632, -1.00772207347858
1987-06, 55.386397728, -0.0466496244643763
1987-07, 54.1974024, -0.0816143818469838
1987-08, 71.085140352, 0.415002927176398
1987-09, 28.961342208, -0.823730604784876
1987-10, 93.014584416, 1.05988156814043
1987-11, 69.490764, 0.368117139645157
1987-12, 81.598062528, 0.724156180019184
1988-01, 52.071457824, -0.144131983521454
1988-02, 57.23310096, 0.00765633363654341
1988-03, 42.93738288, -0.41273750854797
1988-04, 14.419659744, -1.25135751577025
1988-05, 35.974223712, -0.617502964889275
1988-06, 49.399663104, -0.222701387421528
1988-07, 73.218173184, 0.477728973026779
1988-08, 42.94932336, -0.412386375136089
1988-09, 23.110749792, -0.995778837063518
1988-10, 89.342904096, 0.9519085521394
1988-11, 42.977708352, -0.411551658350232
1988-12, 35.405528544, -0.634226570193283
1989-01, 73.217689344, 0.477714744755386
1989-02, 56.570190048, -0.0118378718145003
1989-03, 32.308508448, -0.72530056663013
1989-04, 35.655339456, -0.62688038663485
1989-05, 51.007101408, -0.175431487377925
1989-06, 43.686514944, -0.390707799727036
1989-07, 60.098992416, 0.091933535644126
1989-08, 44.4272472, -0.368925103860537
1989-09, 95.884720704, 1.14428359782186
1989-10, 58.6516464, 0.0493714657129952
1989-11, 112.567663872, 1.63487851149418
1989-12, 59.782440096, 0.0826246890851414
1990-01, 50.585319936, -0.187834805111533
1990-02, 35.041521024, -0.644930930692036
1990-03, 42.026432256, -0.439525811921098
1990-04, 36.0488016, -0.61530985470741
1990-05, 73.5273936, 0.486822210458902
1990-06, 62.497381248, 0.162462899086701
1990-07, 64.219459392, 0.213104010183524
1990-08, 57.928090464, 0.0280938734809546
1990-09, 38.23943472, -0.550889958555299
1990-10, 91.485815904, 1.01492510880248
1990-11, 78.606321696, 0.636178128399354
1990-12, 141.956339616, 2.49911060138266
1991-01, 76.870549152, 0.585134306406849
1991-02, 66.450419712, 0.278709807348628
1991-03, 40.836891744, -0.47450660151665
1991-04, 76.266831744, 0.567380802922623
1991-05, 12.092527584, -1.31979143595102
1991-06, 79.850877408, 0.672776748675193
1991-07, 115.842460608, 1.73118038136292
1991-08, 28.583705952, -0.834835745199622
1991-09, 18.996615936, -1.11676307369343
1991-10, 57.712538016, 0.0217551277600403
1991-11, 27.316497024, -0.872100528060564
1991-12, 56.37231504, -0.0176567774770141
1992-01, 69.961669056, 0.381965033447212
1992-02, 61.061594688, 0.12024075780373
1992-03, 61.589480544, 0.135764284638605
1992-04, 47.119109184, -0.289765582404432
1992-05, 55.200599712, -0.0521133823098654
1992-06, 48.325073472, -0.254301819217964
1992-07, 89.566973856, 0.958497766252089
1992-08, 80.167764096, 0.682095427986015
1992-09, 29.904039648, -0.796008723547337
1992-10, 60.270722784, 0.0969836064988585
1992-11, 66.108995424, 0.268669551417151
1992-12, 50.396120352, -0.193398592786442
1993-01, 30.087494496, -0.790613871187595
1993-02, 34.523221248, -0.660172559899935
1993-03, 36.774076896, -0.593981701296668
1993-04, 61.838438688, 0.143085390868709
1993-05, 78.05121552, 0.619854134260475
1993-06, 60.341317632, 0.0990595875180051
1993-07, 32.689350144, -0.714101163917405
1993-08, 20.094496416, -1.0844777284828
1993-09, 18.629236224, -1.12756660016227
1993-10, 40.221147456, -0.492613779175507
1993-11, 66.253158144, 0.27290894110163
1993-12, 43.816933152, -0.386872594580633
1994-01, 95.934305664, 1.14574174156339
1994-02, 31.87553904, -0.738032887732078
1994-03, 26.634794112, -0.892147349409467
1994-04, 44.115362208, -0.378096698415833
1994-05, 95.73621552, 1.13991650940163
1994-06, 55.982458368, -0.029121283374947
1994-07, 72.009560736, 0.442187335462061
1994-08, 113.965432704, 1.67598266635243
1994-09, 37.156866048, -0.582725029791586
1994-10, 129.213436896, 2.12438036362434
1994-11, 48.698793216, -0.243311851578621
1994-12, 71.482269312, 0.426681289074896
1995-01, 67.63331088, 0.313495059843034
1995-02, 31.426286688, -0.75124404098166
1995-03, 64.118778336, 0.210143284759996
1995-04, 13.913762688, -1.26623441848556
1995-05, 41.512548384, -0.454637582744906
1995-06, 89.818380576, 0.965890877698492
1995-07, 47.990670912, -0.264135587360847
1995-08, 35.32391856, -0.636626473055272
1995-09, 25.31528208, -0.930950208408011
1995-10, 76.3708176, 0.570438712521291
1995-11, 15.650065728, -1.21517499620978
1995-12, 68.492630592, 0.338765054212744
1996-01, 39.438064512, -0.515641880718575
1996-02, 78.382675296, 0.629601364024134
1996-03, 65.4863616, 0.250359773336707
1996-04, 45.515456064, -0.33692417163201
1996-05, 47.79133056, -0.26999758435958
1996-06, 44.787436704, -0.358333019667653
1996-07, 166.681647936, 3.22620715614639
1996-08, 35.690089536, -0.62585849185729
1996-09, 109.854868032, 1.55510338863167
1996-10, 4.826810304, -1.53345421150889
1996-11, 24.4741824, -0.955684406729259
1996-12, 115.063657056, 1.7082781237988
1997-01, 26.08259184, -0.90838594851236
1997-02, 35.157436992, -0.641522192573016
1997-03, 4.70036736, -1.53717251616122
1997-04, 62.516014272, 0.163010839981103
1997-05, 24.137579232, -0.965582888099353
1997-06, 31.246563456, -0.756529157798283
1997-07, 96.25105584, 1.15505640646907
1997-08, 99.503001504, 1.25068629540601
1997-09, 40.300870464, -0.490269366571951
1997-10, 98.228615328, 1.21321045138352
1997-11, 44.627212224, -0.36304473714713
1997-12, 78.463963872, 0.631991815248697
1998-01, 27.76216032, -0.858994918095565
1998-02, 41.407358976, -0.457730885168665
1998-03, 53.2272384, -0.110143971562361
1998-04, 36.404768736, -0.604841937590059
1998-05, 113.280012, 1.65582651598245
1998-06, 58.442349312, 0.0432166712150927
1998-07, 39.456043488, -0.515113173398181
1998-08, 70.142505984, 0.387282900695666
1998-09, 62.561431296, 0.164346417327627
1998-10, 36.028261728, -0.615913870235678
1998-11, 40.08533184, -0.496607705770826
1998-12, 72.636343488, 0.460619120969701
1999-01, 16.878461184, -1.17905160019847
1999-02, 55.832154336, -0.0335412704756093
1999-03, 65.141041536, 0.240204954412888
1999-04, 64.088653248, 0.209257397012379
1999-05, 18.428989536, -1.13345524976224
1999-06, 75.372743808, 0.541088380215176
1999-07, 11.796460704, -1.32849786766227
1999-08, 47.511673632, -0.278221449001952
1999-09, 37.94300496, -0.559607061470093
1999-10, 107.287022016, 1.47959080180228
1999-11, 88.837795872, 0.937054846587985
1999-12, 6.928340832, -1.47165455316434
2000-01, 25.843833216, -0.91540711769997
2000-02, 71.698373856, 0.433036270269776
2000-03, 58.383742464, 0.0414932210273395
2000-04, 40.577105952, -0.482146116134431
2000-05, 54.023391072, -0.0867315288382841
2000-06, 39.84931296, -0.503548307371671
2000-07, 36.711425664, -0.595824084588692
2000-08, 34.741627488, -0.653749892785428
2000-09, 41.387840352, -0.458304868881242
2000-10, 54.475492032, -0.0734366066408743
2000-11, 39.796014528, -0.50511565309614
2000-12, 71.292975552, 0.421114731968592
2001-01, 33.091343424, -0.702279757076151
2001-02, 44.733995712, -0.359904557650657
2001-03, 50.76413856, -0.18257629008089
2001-04, 115.9608744, 1.73466257293301
2001-05, 46.13895648, -0.318588909701196
2001-06, 33.784746624, -0.681888865635807
2001-07, 45.254085696, -0.344610283838603
2001-08, 164.61938016, 3.16556209661777
2001-09, 48.736086048, -0.242215182153364
2001-10, 30.444073344, -0.780127965469982
2001-11, 58.42397808, 0.0426764288318193
2001-12, 73.531257408, 0.486935833369028
2002-01, 49.249315872, -0.227122644903564
2002-02, 52.7604624, -0.123870442312651
2002-03, 42.91673328, -0.413344750844929
2002-04, 19.175943456, -1.1114895935702
2002-05, 39.398670432, -0.516800341493882
2002-06, 75.781455552, 0.553107356767775
2002-07, 19.656971136, -1.0973440240045
2002-08, 45.840758976, -0.327357996621829
2002-09, 63.203396256, 0.183224665665484
2002-10, 50.093493984, -0.202297919205578
2002-11, 32.330135232, -0.724664588306483
2002-12, 98.919046368, 1.23351394058531
2003-01, 47.535984, -0.277506554587328
2003-02, 18.421185024, -1.13368475686133
2003-03, 31.031794656, -0.762844858801066
2003-04, 63.434702016, 0.190026668658384
2003-05, 45.617518656, -0.33392281941213
2003-06, 47.878176384, -0.267443711275015
2003-07, 89.873155584, 0.967501645058337
2003-08, 108.483090912, 1.51476357143114
2003-09, 25.951431456, -0.912242978810775
2003-10, 80.905765248, 0.703797810342025
2003-11, 68.752011168, 0.346392652653233
2003-12, 63.426747168, 0.189792740632103
2004-01, 46.55837232, -0.30625515805165
2004-02, 56.452500288, -0.0152987717927526
2004-03, 27.854996256, -0.856264893929627
2004-04, 37.440953568, -0.574370874835456
2004-05, 92.69465904, 1.05047353020373
2004-06, 20.135278944, -1.08327843765012
2004-07, 19.699641504, -1.09608921750575
2004-08, 25.81226784, -0.916335359962609
2004-09, 112.404646944, 1.63008467656266
2004-10, 19.057786272, -1.11496423907492
2004-11, 27.30886272, -0.872325029857046
2004-12, 21.81204288, -1.03396988039216
2005-01, 10.530503712, -1.36572583487098
2005-02, 32.18436288, -0.728951312400972
2005-03, 29.44626048, -0.809470624672597
2005-04, 94.09058928, 1.09152361763069
2005-05, 64.687314528, 0.226862215060546
2005-06, 37.064963232, -0.585427613719837
2005-07, 15.296289696, -1.22557847958382
2005-08, 24.199483104, -0.963762482405106
2005-09, 31.437510048, -0.750913995900594
2005-10, 20.48443776, -1.07301073263738
2005-11, 5.628331872, -1.5098838857876
2005-12, 26.896447008, -0.884452928908686
2006-01, 39.173179392, -0.523431351153789
2006-02, 33.340070016, -0.694965460090215
2006-03, 72.726905376, 0.463282272260092
2006-04, 97.869796128, 1.20265866368784
2006-05, 71.524772064, 0.427931166493904
2006-06, 11.300167008, -1.34309236459805
2006-07, 83.818151136, 0.789442273007609
2006-08, 29.538000864, -0.806772817378313
2006-09, 118.763624736, 1.81708298552378
2006-10, 54.636338592, -0.0687065956696056
2006-11, 43.54493472, -0.394871246012953
2006-12, 48.920175072, -0.236801680595046
2007-01, 76.50739008, 0.57445489619829
2007-02, 63.173209824, 0.182336973976315
2007-03, 23.99050656, -0.969907850673211
2007-04, 70.806572928, 0.406811101552288
2007-05, 34.602139872, -0.65785180179757
2007-06, 38.643806592, -0.538998604515571
2007-07, 35.8858944, -0.620100462870237
2007-08, 40.048405344, -0.497693602362027
2007-09, 43.629156576, -0.392394535893069
2007-10, 48.799734336, -0.24034347845922
2007-11, 59.303552544, 0.0685420542127267
2007-12, 64.530775008, 0.222258861112305
2008-01, 34.974808992, -0.646892729833252
2008-02, 47.111139648, -0.28999994236038
2008-03, 42.964229088, -0.411948042746669
2008-04, 27.491502816, -0.866954136890025
2008-05, 29.13137568, -0.81873043451053
2008-06, 71.964993888, 0.440876759220984
2008-07, 162.966777984, 3.1169640636625
2008-08, 5.986575648, -1.49934901957182
2008-09, 28.79588016, -0.828596343302185
2008-10, 45.890148672, -0.325905595004116
2008-11, 36.186172416, -0.611270194382613
2008-12, 6.575574816, -1.48202833502185
2009-01, 28.381184352, -0.840791293082765
2009-02, 32.748058944, -0.712374715629608
2009-03, 42.508436256, -0.425351531736335
2009-04, 37.865937888, -0.561873371026751
2009-05, 22.348233504, -1.01820213544187
2009-06, 36.515805696, -0.601576676343463
2009-07, 25.388885376, -0.928785758029952
2009-08, 44.404657056, -0.369589411688834
2009-09, 44.197788672, -0.375672785345868
2009-10, 67.82931792, 0.319259034214919
2009-11, 134.156663424, 2.26974570877631
2009-12, 50.009561568, -0.204766117770253
2010-01, 62.552404224, 0.164080958435635
2010-02, 28.689939936, -0.83171172495423
2010-03, 66.980067264, 0.294285140335951
2010-04, 34.808355072, -0.651787636306917
2010-05, 129.468116448, 2.13186971916367
2010-06, 63.207196128, 0.183336408411175
2010-07, 52.671804768, -0.126477595192058
2010-08, 51.131297088, -0.17177926796469
2010-09, 25.581350016, -0.923125954930767
2010-10, 56.276659008, -0.0204697321390721
2010-11, 57.528742752, 0.0163502647950679
2010-12, 36.853615872, -0.591642700517768
2011-01, 24.22421856, -0.963035087437758
2011-02, 34.654633056, -0.656308135981921
2011-03, 63.249075072, 0.184567941523137
2011-04, 48.144990816, -0.259597505607621
2011-05, 21.645201024, -1.03887619489056
2011-06, 111.178261152, 1.59402037869289
2011-07, 5.22932544, -1.52161745846063
2011-08, 125.766832032, 2.0230261362144
2011-09, 10.764341856, -1.35884936212191
2011-10, 143.084591424, 2.53228907551474
2011-11, 30.139679232, -0.789079275894959
2011-12, 55.594882656, -0.0405187131363122
2012-01, 46.320191712, -0.31325932953647
2012-02, 57.747642336, 0.02278743966487
2012-03, 36.015616224, -0.616285736271589
2012-04, 62.952663456, 0.175851372168521
2012-05, 57.706674048, 0.0215826861922803
2012-06, 103.780415808, 1.37647211629382
2012-07, 87.246407232, 0.890256918632596
2012-08, 59.315486112, 0.0688929843635885
2012-09, 49.85305488, -0.209368506228651
2012-10, 147.482209728, 2.6616097325768
2012-11, 75.429319392, 0.542752097070705
2012-12, 64.542725856, 0.222610299415716
2013-01, 18.714975264, -1.12504527424851
2013-02, 21.462892704, -1.04423733132863
2013-03, 76.820959008, 0.583676010219559
2013-04, 33.8440896, -0.680143768149434
2013-05, 20.225277504, -1.08063185213286
2013-06, 131.256164448, 2.1844508042497
2013-07, 45.002297952, -0.352014600048729
2013-08, 20.853392544, -1.06216088806363
2013-09, 17.175233088, -1.17032443586319
2013-10, 8.173423584, -1.43504043423574
2013-11, 68.495573376, 0.338851592591968
2013-12, 125.838635616, 2.0251376625044
2014-01, 40.306488192, -0.490104166178025
2014-02, 40.807304928, -0.475376660312343
2014-03, 77.444520768, 0.602013076091926
2014-04, 104.75353296, 1.40508854927995
2014-05, 67.695809184, 0.315332945984992
2014-06, 42.909333984, -0.413562341766735
2014-07, 76.870337472, 0.585128081538115
2014-08, 38.030782176, -0.557025798963096
2014-09, 12.323895552, -1.31298760360894
2014-10, 62.992133568, 0.177012068815047
2014-11, 100.11713616, 1.26874613865485
2014-12, 43.27952256, -0.402676215100934
2015-01, 49.431554208, -0.221763566483325
2015-02, 11.146945248, -1.34759815325674
2015-03, 87.8831208, 0.908980739410582
2015-04, 57.07486368, 0.00300305370028802
2015-05, 23.081283936, -0.996645338791363
2015-06, 49.879708416, -0.208584706328279
2015-07, 25.050320928, -0.938741914714443
2015-08, 78.02312688, 0.619028132290846
2015-09, 31.216296672, -0.757419212396808
2015-10, 26.260689024, -0.90314864885067
2015-11, 75.113768448, 0.533472697951979
2015-12, 36.969299424, -0.588240797050542
2016-01, 66.894316992, 0.291763484123041
2016-02, 48.986925984, -0.234838738110593
2016-03, 65.095435296, 0.238863812795944
2016-04, 37.50417072, -0.572511849547428
2016-05, 45.192711456, -0.3464151146572
2016-06, 31.809316896, -0.739980280748509
2016-07, 66.62153232, 0.283741711749706
2016-08, 50.573070144, -0.188195034454055
2016-09, 106.280451648, 1.44999061088745
2016-10, 112.712963616, 1.63915133761643
2016-11, 60.734556864, 0.110623564277553
2016-12, 67.541948928, 0.31080838108959
2017-01, 55.045597248, -0.0566715360888063
2017-02, 30.049278048, -0.791737701366636
2017-03, 26.000350272, -0.910804424350042
2017-04, 26.60613264, -0.89299019663612
2017-05, 99.768830976, 1.25850353637807
2017-06, 56.352804192, -0.0182305325209438
2017-07, 20.387908224, -1.07584937441083
2017-08, 23.330353536, -0.989320954977314
2017-09, 32.258443104, -0.726772837012539
2017-10, 164.790747648, 3.17060149626896
2017-11, 71.162594496, 0.417280619350171
2017-12, 69.619585536, 0.371905391495962
2018-01, 55.817353152, -0.033976528542103
2018-02, 27.763166016, -0.858965343617169
2018-03, 64.77714288, 0.229503795275199
2018-04, 48.977574912, -0.235113724862893
2018-05, 49.995305568, -0.205185343623802
2018-06, 12.208126464, -1.31639202243129
2018-07, 11.989528416, -1.3228203300391
2018-08, 146.659571136, 2.63741841903208
2018-09, 22.115426112, -1.02504829689134
2018-10, 70.906641408, 0.409753812967926
2018-11, 66.006372096, 0.265651709647032
2018-12, 85.887717984, 0.850301976173245
2019-01, 49.115633472, -0.231053840066616
2019-02, 37.372758912, -0.576376273465441
2019-03, 62.063356032, 0.149699529863963
2019-04, 24.904520928, -0.943029451853012
2019-05, 40.09836096, -0.49622455874831
2019-06, 69.628624704, 0.37217120609474
2019-07, 22.17264192, -1.02336575298384
2019-08, 51.546877632, -0.159558300773562
2019-09, 66.995856864, 0.294749464728291
2019-10, 53.393784768, -0.105246346472555
2019-11, 48.072379392, -0.261732788029324
2019-12, 27.133080192, -0.877494262484696
2020-01, 44.621571168, -0.363210623546998
2020-02, 20.830391136, -1.06283728992261
2020-03, 30.061616832, -0.791374855038482
2020-04, 97.741681344, 1.19889119527632
2020-05, 49.931922528, -0.207049247176308
2020-06, 22.080156768, -1.02608546165302
2020-07, 55.244197152, -0.0508313134268304
2020-08, 53.851524192, -0.0917856140981598
2020-09, 2.580475968, -1.59951211199751
2020-10, 59.009505696, 0.0598950255345446
2020-11, 33.462081504, -0.691377471159268
2020-12, 64.40228352, 0.218480314975199
2021-01, 31.553315424, -0.747508509957892
2021-02, 29.257144704, -0.815031947807639
2021-03, 9.58029984, -1.39366845757613
2021-04, 43.128140256, -0.407127910920701
2021-05, 79.4809368, 0.661897913998481
2021-06, 73.920209472, 0.498373737480981
2021-07, 109.47898224, 1.54404972407022
2021-08, 87.462548064, 0.89661296694783
2021-09, 51.455653056, -0.162240939714235
2021-10, 36.503834112, -0.601928724429934
2021-11, 100.538905536, 1.28114910068168
2021-12, 88.268674752, 0.920318715323626
2022-01, 14.877592704, -1.2378910920873
2022-02, 115.844561856, 1.73124217271297
2022-03, 110.390056416, 1.57084166073407
2022-04, 83.643158304, 0.784296262951482
2022-05, 79.556768352, 0.664127890647832
2022-06, 47.056738752, -0.291599708217522
2022-07, 88.741697472, 0.934228883220653
2022-08, 71.220583584, 0.41898590308427
2022-09, 21.43303632, -1.0451153173041
2022-10, 122.178362688, 1.91750010340909
2022-11, 28.170353664, -0.846991186119458
2022-12, 10.121978592, -1.37773932337604
2023-01, 9.237605472, -1.40374606272002
2023-02, 26.040197088, -0.909632649977932
2023-03, 40.347800352, -0.488889300469696
2023-04, 48.309720192, -0.254753312758422
2023-05, 118.320074784, 1.80403952261562
2023-06, 31.545471168, -0.747739185807854
2023-07, 57.700574208, 0.0214033083422165
2023-08, 28.007511264, -0.851779888710224
2023-09, 21.1415616, -1.05368670747525
2023-10, 16.1266896, -1.20115892932138
2023-11, 54.481705056, -0.0732539003916093
2023-12, 18.117468288, -1.14261614770636
2024-01, 15.28379712, -1.22594584846967
2024-02, 36.89884368, -0.590312687441664
2024-03, 82.360749888, 0.746584509107775
2024-04, 74.813511168, 0.524643039247415
2024-05, 112.557739968, 1.63458667948485
2024-06, 118.425051648, 1.80712657476301
2024-07, 168.68584368, 3.28514449280867
2024-08, 34.172578944, -0.670483889809078
2024-09, 81.348865056, 0.716828035876267
2024-10, 13.980784896, -1.26426349800607
2024-11, 6.784826112, -1.47587488712821
2024-12, 6.165787392, -1.49407894407067
2025-01, 117.243114336, 1.77236937228935
2025-02, 40.925048256, -0.471914185061186
2025-03, 141.21054432, 2.47717901681909
2025-04, 51.46250544, -0.162039431820629
2025-05, 106.322424768, 1.45122491343081
2025-06, 36.033682464, -0.615754462780819
2025-07, 49.990691808, -0.205321020354587
2025-08, 111.355204032, 1.59922373376426
2025-09, 29.247331392, -0.815320527640646
2025-10, 126.744885216, 2.05178772297637
2025-11, 60.579961344, 0.106077377491159
2025-12, 120.740974272, 1.87523085638476
2026-01, 45.171710208, -0.347032697858546
2026-02, 36.461241504, -0.6031812442422
2026-03, 66.314299968, 0.274706937268433
2026-04, 117.099044928, 1.76813272662864
2026-05, 12.033047232, -1.32154057325016
2026-06, 140.388996096, 2.45301976770026
2026-07, 68.321349504, 0.333728195324306
2026-08, 125.542289664, 2.01642302412947
2026-09, 50.405651136, -0.193118321247623
2026-10, 95.63545152, 1.13695334484586
2026-11, 80.272937952, 0.685188273072479
2026-12, 73.764391392, 0.493791598901691
2027-01, 47.551814208, -0.277041036036496
2027-02, 35.370209952, -0.63526518318973
2027-03, 39.574700928, -0.511623816877143
2027-04, 26.89254432, -0.884567695162048
2027-05, 44.292615264, -0.372884222006198
2027-06, 80.826850944, 0.701477179277798
2027-07, 48.66302016, -0.244363828987126
2027-08, 40.86516096, -0.473675289352877
2027-09, 37.529536032, -0.57176593241964
2027-10, 67.903932096, 0.321453211517139
2027-11, 113.555199456, 1.66391894696783
2027-12, 68.84061264, 0.348998154036853
2028-01, 55.635382656, -0.0393277305978212
2028-02, 9.6499728, -1.39161958649552
2028-03, 23.6737512, -0.979222668024655
2028-04, 15.86853072, -1.2087506013766
2028-05, 25.456815648, -0.926788134133978
2028-06, 16.995468384, -1.17561077224593
2028-07, 56.622779136, -0.0102913857521997
2028-08, 41.727239424, -0.448324168428597
2028-09, 49.398590016, -0.222732943694867
2028-10, 27.63138528, -0.862840616592121
2028-11, 45.90985392, -0.325326123244001
2028-12, 55.676089152, -0.0381306756363602
2029-01, 64.452095712, 0.219945140922754
2029-02, 40.732447968, -0.477577977157887
2029-03, 25.538223456, -0.924394176656821
2029-04, 98.839592928, 1.23117745516153
2029-05, 30.663818784, -0.77366591653287
2029-06, 131.402335104, 2.18874924126046
2029-07, 26.321282208, -0.901366786527322
2029-08, 43.29565776, -0.4022017276576
2029-09, 91.617804, 1.01880647960802
2029-10, 16.154584704, -1.20033861866031
2029-11, 31.415516064, -0.751560772465923
2029-12, 74.067063552, 0.502692271925084
2030-01, 73.006179552, 0.471494881323487
2030-02, 22.25993616, -1.02079869334061
2030-03, 61.690419072, 0.138732581535124
2030-04, 60.932457792, 0.116443232168891
2030-05, 48.583518336, -0.246701737238045
2030-06, 111.611756736, 1.60676817303998
2030-07, 54.597379968, -0.0698522510006586
2030-08, 28.02013344, -0.851408708680254
2030-09, 64.054323936, 0.208247875749406
2030-10, 74.008578528, 0.500972404212807
2030-11, 21.361444416, -1.04722061872536
2030-12, 45.036283392, -0.351015191021496
2031-01, 10.316672352, -1.37201396859794
2031-02, 69.035236416, 0.35472145079713
2031-03, 9.158660064, -1.40606760845883
2031-04, 26.247251232, -0.903543813680988
2031-05, 52.040319264, -0.145047674416115
2031-06, 35.318275776, -0.636792410270395
2031-07, 73.804627008, 0.494974806706171
2031-08, 61.226386272, 0.125086780002107
2031-09, 55.715032224, -0.0369854776426022
2031-10, 86.140781856, 0.85774381944917
2031-11, 86.412107232, 0.865722678339678
2031-12, 43.266622176, -0.403055576386955
2032-01, 34.032668832, -0.674598223151062
2032-02, 67.107667968, 0.298037491209116
2032-03, 20.802261888, -1.06366448605073
2032-04, 2.60821728, -1.59869632389413
2032-05, 34.911614304, -0.648751094522966
2032-06, 49.104969984, -0.23136742100507
2032-07, 16.124079456, -1.20123568576402
2032-08, 63.032478912, 0.178198503388218
2032-09, 62.578248192, 0.16484095138905
2032-10, 28.035791712, -0.850948246247293
2032-11, 48.311649504, -0.254696577526242
2032-12, 86.457977856, 0.867071594690633
2033-01, 40.599777312, -0.48147941998915
2033-02, 24.334405344, -0.95979482729661
2033-03, 41.262843744, -0.461980641165159
2033-04, 37.077693408, -0.585053257736431
2033-05, 92.853878688, 1.05515569861244
2033-06, 66.619314432, 0.283676490369945
2033-07, 55.270822176, -0.0500483519781659
2033-08, 1.08787536, -1.6434049826412
2033-09, 39.68003808, -0.508526169749083
2033-10, 54.511078464, -0.0723901172799062
2033-11, 60.143797728, 0.093251124390389
2033-12, 149.800230144, 2.72977570391808
2034-01, 52.233879456, -0.139355654445276
2034-02, 51.169103136, -0.170667506408706
2034-03, 61.992451872, 0.147614452914176
2034-04, 84.74929776, 0.816824479673264
2034-05, 38.412402336, -0.545803503978004
2034-06, 67.475932416, 0.308867035088502
2034-07, 68.468880096, 0.338066623940732
2034-08, 88.86119904, 0.937743062993747
2034-09, 53.85719808, -0.0916187622084472
2034-10, 75.44149488, 0.543110141357263
2034-11, 33.782033664, -0.681968645586119
2034-12, 51.011948448, -0.175288950587719
2035-01, 38.698755264, -0.537382730222601
2035-02, 36.542846304, -0.600781493825977
2035-03, 44.332223616, -0.371719460139274
2035-04, 93.303816192, 1.06838700011062
2035-05, 22.703594112, -1.00775205447901
2035-06, 113.122973088, 1.65120847642552
2035-07, 58.214928096, 0.0365289009153784
2035-08, 70.013477088, 0.383488551014263
2035-09, 2.904570144, -1.58998148225819
2035-10, 23.246440128, -0.991788594574185
2035-11, 36.2180808, -0.61033186529186
2035-12, 5.964350976, -1.50000257997369
2036-01, 22.615211232, -1.01035112773288
2036-02, 47.496886272, -0.278656300546406
2036-03, 49.5572256, -0.21806795084234
2036-04, 38.151749952, -0.553468502446155
2036-05, 16.49442528, -1.19034493491002
2036-06, 22.928436288, -1.00114012594735
2036-07, 15.054762816, -1.2326810548099
2036-08, 37.978458336, -0.558564484883758
2036-09, 23.404447584, -0.987142073066841
2036-10, 64.746399168, 0.2285997156663
2036-11, 1.10428704, -1.64292236475707
2036-12, 34.917594048, -0.648575248333123
2037-01, 109.174835232, 1.5351056802267
2037-02, 42.35862816, -0.429756934858819
2037-03, 31.931071776, -0.736399837882926
2037-04, 47.39773104, -0.28157215609979
2037-05, 26.702379648, -0.890159863156861
2037-06, 84.834333504, 0.819325123778242
2037-07, 110.543760288, 1.5753616268489
2037-08, 68.512211424, 0.339340867274501
2037-09, 47.890105632, -0.267092908162291
2037-10, 89.18887536, 0.947379032756637
2037-11, 116.614393632, 1.75388059747326
2037-12, 114.311932128, 1.68617216668777
2038-01, 61.929430848, 0.145761195157588
2038-02, 2.6417232, -1.59771101610016
2038-03, 31.917133728, -0.73680971372956
2038-04, 41.585544288, -0.452490993928971
2038-05, 37.999685952, -0.55794024488401
2038-06, 55.602138528, -0.0403053398806697
2038-07, 87.667848288, 0.902650225760974
2038-08, 28.923054048, -0.824856543796999
2038-09, 18.489706272, -1.13166975414816
2038-10, 87.400263168, 0.894781356489861
2038-11, 30.920860512, -0.766107096539991
2038-12, 51.544450656, -0.159629670799175
2039-01, 37.169705088, -0.582347472447117
2039-02, 50.037335712, -0.20394936417703
2039-03, 91.149326784, 1.00502998123921
2039-04, 120.512392704, 1.86850896364133
2039-05, 51.532959456, -0.159967592244763
2039-06, 103.873822848, 1.37921893490153
2039-07, 79.586097696, 0.664990377970533
2039-08, 36.281578752, -0.608464582524899
2039-09, 46.381870944, -0.31144552982537
2039-10, 42.680630592, -0.420287816985641
2039-11, 57.562628832, 0.01734675194514
2039-12, 79.058769984, 0.649483264463014
2040-01, 30.5118144, -0.778135905844428
2040-02, 77.325325056, 0.598507890618962
2040-03, 21.132874944, -1.05394215576201
2040-04, 36.792289152, -0.593446133916853
2040-05, 11.877097824, -1.32612657378883
2040-06, 44.775813312, -0.358674828480247
2040-07, 22.770856512, -1.00577407067909
2040-08, 108.446180832, 1.51367815758486
2040-09, 39.158042976, -0.523876467379748
2040-10, 127.449935136, 2.07252110923525
2040-11, 58.501486656, 0.0449557216861234
2040-12, 78.141614112, 0.622512483509269
2041-01, 37.215743328, -0.580993627016429
2041-02, 31.62768768, -0.745321446791369
2041-03, 87.486988896, 0.897331697914205
2041-04, 95.222564064, 1.12481157322961
2041-05, 112.275281952, 1.62628044331417
2041-06, 36.381420864, -0.605528527907662
2041-07, 110.29103424, 1.56792971795532
2041-08, 22.645814976, -1.00945116415963
2041-09, 17.368678368, -1.16463579510681
2041-10, 98.463545568, 1.22011903937374
2041-11, 70.004253024, 0.383217299183203
2041-12, 64.082787552, 0.209084904629364
2042-01, 25.415924256, -0.927990626327721
2042-02, 80.93914416, 0.704779383214761
2042-03, 21.81012048, -1.03402641236332
2042-04, 62.541276768, 0.163753733601219
2042-05, 49.90407408, -0.207868185825495
2042-06, 66.60667584, 0.283304827595053
2042-07, 1.547478432, -1.62988944601431
2042-08, 5.664356352, -1.5088245147595
2042-09, 14.48900784, -1.24931819795757
2042-10, 97.1309448, 1.18093128022638
2042-11, 45.003791808, -0.351970670260803
2042-12, 66.299309568, 0.274266114931519
2043-01, 75.915596736, 0.557052043381023
2043-02, 54.777676896, -0.0645502635193844
2043-03, 82.157705568, 0.740613589610002
2043-04, 100.669811904, 1.28499866113761
2043-05, 32.410827648, -0.722291668344886
2043-06, 138.773354112, 2.40550862223366
2043-07, 56.7341496, -0.00701631716139317
2043-08, 75.470805216, 0.54397206971216
2043-09, 50.66311536, -0.185547076924903
2043-10, 133.358890752, 2.24628562675069
2043-11, 104.078304, 1.38523210728381
2043-12, 127.613410848, 2.07732843561696
2044-01, 19.176466176, -1.11147422195557
2044-02, 24.404707296, -0.957727459463181
2044-03, 52.152450912, -0.141750221705492
2044-04, 22.971916224, -0.999861512501652
2044-05, 34.96144464, -0.647285735015234
2044-06, 112.254905376, 1.62568122982749
2044-07, 3.92608512, -1.5599418156107
2044-08, 6.613929504, -1.48090043962241
2044-09, 41.900473152, -0.443229888302036
2044-10, 181.719854784, 3.66843534790409
2044-11, 33.144463872, -0.700717645322945
2044-12, 44.511670368, -0.366442473763448
2045-01, 44.434628352, -0.368708046498909
2045-02, 11.584571616, -1.33472888504264
2045-03, 69.070817664, 0.355767787712333
2045-04, 46.983934656, -0.293740656540155
2045-05, 98.948564064, 1.2343819667708
2045-06, 62.926552512, 0.175083528258212
2045-07, 89.3835648, 0.953104260496604
2045-08, 64.677764736, 0.226581384553923
2045-09, 27.56622672, -0.864756732819114
2045-10, 133.186470912, 2.24121528060922
2045-11, 83.34893952, 0.77564417815543
2045-12, 32.746616928, -0.712417120959885
2046-01, 45.05259312, -0.350535571237409
2046-02, 37.082514528, -0.584911483175049
2046-03, 84.891020544, 0.820992118217717
2046-04, 32.347443744, -0.72415559730502
2046-05, 14.956002432, -1.23558529907752
2046-06, 110.234558016, 1.56626892297696
2046-07, 82.365520032, 0.746724784619136
2046-08, 51.269512032, -0.167714784387837
2046-09, 90.294508512, 0.979892360608711
2046-10, 145.93909536, 2.61623140499203
2046-11, 12.089365344, -1.31988442786763
2046-12, 7.417365696, -1.45727381059861
2047-01, 73.026036864, 0.47207882482604
2047-02, 34.8345792, -0.651016463997407
2047-03, 25.574360256, -0.923331502637143
2047-04, 64.865791008, 0.232110668670704
2047-05, 42.05301408, -0.438744120853808
2047-06, 76.986146304, 0.588533669111327
2047-07, 73.330507008, 0.481032371122234
2047-08, 9.043170912, -1.40946379520988
2047-09, 84.63108528, 0.813348208080381
2047-10, 131.289312672, 2.1854255932859
2047-11, 25.062342624, -0.938388392985578
2047-12, 40.197380544, -0.493312692192442
2048-01, 27.818964, -0.857324493626379
2048-02, 116.332803936, 1.74559989596819
2048-03, 66.584153088, 0.282642501561701
2048-04, 101.442204576, 1.30771239410577
2048-05, 50.339751264, -0.195056237219001
2048-06, 69.427646208, 0.36626103623429
2048-07, 78.09190992, 0.621050833515151
2048-08, 31.609332864, -0.74586120642972
2048-09, 16.430301792, -1.19223061279928
2048-10, 103.736990304, 1.37519510352866
2048-11, 43.010485056, -0.410587794593854
2048-12, 62.66310768, 0.167336412338021
2049-01, 37.35468144, -0.576907877255369
2049-02, 34.785040896, -0.652473235727048
2049-03, 28.57437648, -0.835110096761235
2049-04, 10.042896672, -1.38006488352
2049-05, 6.06772944, -1.49696253193715
2049-06, 32.356079424, -0.723901648068279
2049-07, 132.19754688, 2.2121340150782
2049-08, 56.052961632, -0.0270479955643142
2049-09, 35.401839264, -0.634335060762656
2049-10, 139.259462976, 2.41980361405662
2049-11, 75.11590512, 0.533535531014756
2049-12, 25.588472832, -0.922916494449757
2050-01, 42.014027808, -0.43989058922894
2050-02, 32.832503712, -0.709891450341832
2050-03, 103.452104448, 1.36681747192473
2050-04, 74.611677312, 0.518707715835752
2050-05, 77.5533096, 0.605212226691799
2050-06, 33.261255072, -0.69728316927728
2050-07, 28.125085248, -0.848322393354055
2050-08, 51.019507584, -0.175066659254828
2050-09, 40.849279776, -0.47414230695373
2050-10, 112.747545216, 1.64016827790663
2050-11, 22.770268992, -1.00579134786578
2050-12, 104.925548448, 1.41014700465175
2051-01, 35.334456768, -0.636316576222803
2051-02, 15.783088032, -1.21126321247413
2051-03, 67.983677568, 0.323798284719009
2051-04, 29.077832736, -0.820304970593577
2051-05, 105.673381056, 1.43213850040095
2051-06, 146.46356064, 2.63165434302969
2051-07, 2.749651488, -1.59453717149726
2051-08, 81.429104736, 0.71918764224106
2051-09, 44.027054496, -0.380693561206107
2051-10, 35.834661792, -0.621607058957382
2051-11, 39.9666312, -0.500098332673239
2051-12, 61.532631936, 0.13409253897279
2052-01, 92.17060416, 1.03506266078914
2052-02, 49.932636192, -0.207028260476003
2052-03, 27.955420704, -0.853311714571464
2052-04, 138.580847136, 2.39984757416073
2052-05, 54.460518048, -0.0738769462328655
2052-06, 48.798782208, -0.240371477664711
2052-07, 26.201416896, -0.904891662911589
2052-08, 11.691232416, -1.33159231342926
2052-09, 18.024481152, -1.14535061820711
2052-10, 44.85073248, -0.356471682285524
2052-11, 8.502007968, -1.42537776105636
2052-12, 49.543545888, -0.218470229808355
2053-01, 59.578007328, 0.0766129395299951
2053-02, 52.553999232, -0.129941899792394
2053-03, 73.852575552, 0.496384828401235
2053-04, 49.992856128, -0.20525737424773
2053-05, 65.921001984, 0.263141232790216
2053-06, 63.0291456, 0.17810048076137
2053-07, 38.878019712, -0.532111104856175
2053-08, 23.482994688, -0.984832240244297
2053-09, 66.834346752, 0.289999940699112
2053-10, 66.956645952, 0.293596390370012
2053-11, 57.117500352, 0.00425686930155659
2053-12, 107.749406304, 1.49318812558206
2054-01, 21.197075328, -1.0520542165939
2054-02, 54.66795408, -0.0677768797645716
2054-03, 66.102197472, 0.268469644204077
2054-04, 50.677490592, -0.185124344818761
2054-05, 38.182880736, -0.552553040220142
2054-06, 94.455519552, 1.1022551134756
2054-07, 83.15582688, 0.76996531933563
2054-08, 77.798661408, 0.612427281484767
2054-09, 16.63842816, -1.18611024563662
2054-10, 15.677522784, -1.21436756721584
2054-11, 87.040960992, 0.884215365930407
2054-12, 74.837067264, 0.525335752803242
2055-01, 171.013840704, 3.35360384602456
2055-02, 40.504396896, -0.48428426961804
2055-03, 20.312277984, -1.07807343108297
2055-04, 15.354168192, -1.22387644802604
2055-05, 7.75592496, -1.44731780635989
2055-06, 81.18119808, 0.71189745709361
2055-07, 40.061565792, -0.497306593380133
2055-08, 35.739686592, -0.624399992408979
2055-09, 73.52792064, 0.48683770911167
2055-10, 41.252372928, -0.462288556202684
2055-11, 81.927708768, 0.733850079172746
2055-12, 80.946771552, 0.705003681750224
2056-01, 57.589036992, 0.0181233360793048
2056-02, 21.666274848, -1.03825647744851
2056-03, 81.984146976, 0.735509756215505
2056-04, 90.671386176, 0.990975193126522
2056-05, 65.782651392, 0.259072760215848
2056-06, 60.281559072, 0.0973022689628106
2056-07, 36.426868128, -0.604192061294176
2056-08, 44.033343552, -0.380508619085623
2056-09, 40.36766976, -0.488305001260359
2056-10, 43.853632416, -0.38579338019546
2056-11, 64.644404832, 0.225600370648992
2056-12, 78.549403968, 0.634504350123339
2057-01, 43.11849024, -0.407411688712113
2057-02, 32.504397984, -0.719540047695584
2057-03, 28.292717664, -0.843392830876497
2057-04, 10.60025616, -1.36367462628864
2057-05, 65.961753408, 0.264339608948306
2057-06, 82.231323552, 0.742778471917729
2057-07, 147.838450752, 2.67208570391206
2057-08, 0, -1.67539610752552
2057-09, 11.879203392, -1.32606465540064
2057-10, 55.150336512, -0.0535914710389687
2057-11, 37.390034592, -0.575868247953822
2057-12, 51.130147968, -0.171813060109248
2058-01, 80.294809248, 0.685831441754706
2058-02, 34.098375168, -0.672665998488241
2058-03, 73.29217392, 0.479905110913483
2058-04, 51.44490576, -0.162556985192556
2058-05, 112.452214464, 1.631483493494
2058-06, 29.497589856, -0.807961182931173
2058-07, 68.705108064, 0.34501337418743
2058-08, 43.183962432, -0.405486349516341
2058-09, 26.218787616, -0.904380842560946
2058-10, 25.802222112, -0.91663077444741
2058-11, 90.316785024, 0.980547445468229
2058-12, 42.373790496, -0.429311056404035
2059-01, 52.950530304, -0.118281119972118
2059-02, 88.042785408, 0.913675992747447
2059-03, 41.746983552, -0.447743553325246
2059-04, 29.592478656, -0.805170790242324
2059-05, 41.95244448, -0.441701568693389
2059-06, 39.929032512, -0.501203996398626
2059-07, 52.285475808, -0.137838361746958
2059-08, 97.735367232, 1.19870551633463
2059-09, 4.8600432, -1.5324769325252
2059-10, 42.48989568, -0.425896754014596
2059-11, 78.039842688, 0.619519693659852
2059-12, 52.153350336, -0.141723772365277
2060-01, 29.568734208, -0.805869042660945
2060-02, 75.65327856, 0.549338059007076
2060-03, 42.867076608, -0.414805003419536
2060-04, 140.682924576, 2.46166331553348
2060-05, 13.371846336, -1.28217053978321
2060-06, 68.877511488, 0.350083237583975
2060-07, 124.581604608, 1.98817218149527
2060-08, 34.431333984, -0.662874686490891
2060-09, 2.401497504, -1.60477532743924
2060-10, 43.81747056, -0.386856791036335
2060-11, 73.500716736, 0.486037724552588
2060-12, 40.735834848, -0.477478379258135
2061-01, 48.000553344, -0.263844974917641
2061-02, 63.974467872, 0.205899550371217
2061-03, 66.7072152, 0.286261386167672
2061-04, 99.442246752, 1.24889968185632
2061-05, 52.909145568, -0.119498119921156
2061-06, 18.152532864, -1.14158500455239
2061-07, 22.628486592, -1.00996073953653
2061-08, 56.914351488, -0.00171712451914269
2061-09, 52.066215072, -0.144286157005051
2061-10, 125.449274016, 2.01368771517702
2061-11, 97.07494896, 1.17928461188889
2061-12, 112.213733184, 1.62447048015482
2062-01, 76.912379712, 0.586364416691672
2062-02, 67.11721776, 0.298318321715739
2062-03, 52.058260224, -0.144520085031331
2062-04, 100.744773408, 1.28720305230608
2062-05, 88.177294656, 0.917631503010005
2062-06, 65.839907808, 0.260756498281838
2062-07, 21.08994192, -1.05520468617951
2062-08, 52.259589504, -0.138599599674121
2062-09, 11.32170048, -1.34245913029817
2062-10, 116.010844704, 1.73613204847639
2062-11, 24.377713344, -0.958521269968783
2062-12, 115.38656496, 1.71777386886558
2063-01, 46.02660192, -0.321892917579711
2063-02, 75.919746528, 0.557174076215847
2063-03, 66.371790528, 0.276397560801472
2063-04, 109.888422336, 1.55609011925279
2063-05, 111.252068352, 1.59619082527104
2063-06, 74.169152064, 0.505694386373789
2063-07, 31.251920256, -0.756371630507858
2063-08, 1.326988224, -1.63637339632632
2063-09, 25.705737504, -0.919468095024229
2063-10, 40.586602176, -0.481866860900712
2063-11, 39.714225696, -0.507520815337018
2063-12, 158.620827744, 2.98916280813184
2064-01, 74.744137152, 0.522602959205908
2064-02, 79.039231488, 0.648908696375005
2064-03, 39.016456704, -0.528040091519058
2064-04, 42.95152656, -0.412321585685995
2064-05, 56.15136, -0.0241543970926098
2064-06, 21.622214304, -1.03955216481988
2064-07, 14.076782208, -1.26144050733116
2064-08, 31.11906816, -0.760278408940894
2064-09, 30.603915936, -0.775427478161855
2064-10, 76.90802256, 0.586236286026251
2064-11, 83.488785696, 0.77975663133298
2064-12, 117.559224288, 1.78166521014306
2065-01, 15.093480384, -1.23154248820692
2065-02, 43.557607872, -0.394498566932962
2065-03, 72.384406272, 0.453210409240021
2065-04, 72.265317696, 0.449708374312865
2065-05, 62.177240736, 0.153048534650759
2065-06, 47.06011008, -0.291500567655065
2065-07, 66.333454848, 0.275270224369838
2065-08, 33.584289984, -0.687783689289254
2065-09, 11.532783456, -1.33625181823425
2065-10, 94.987138752, 1.11788842666885
2065-11, 67.26138912, 0.302557965476493
2065-12, 3.858866784, -1.56191850362162
2066-01, 35.382127968, -0.634914710376163
2066-02, 76.644296064, 0.578480887219499
2066-03, 19.393816608, -1.10508260296185
2066-04, 56.128553856, -0.0248250568277779
2066-05, 63.532112832, 0.19289122621187
2066-06, 37.56560112, -0.570705367233044
2066-07, 135.705536352, 2.31529337819827
2066-08, 39.150865728, -0.524087528541289
2066-09, 33.16056192, -0.700244250407592
2066-10, 22.463773632, -1.0148044496408
2066-11, 64.520089056, 0.221944619575535
2066-12, 39.77118144, -0.505845919125394
2067-01, 39.605046336, -0.510731450184516
2067-02, 44.865039456, -0.356050957381953
2067-03, 55.910378304, -0.0312409401057453
2067-04, 0, -1.67539610752552
2067-05, 46.372096512, -0.311732966315139
2067-06, 13.148731296, -1.28873167846752
2067-07, 77.689814688, 0.609226428573853
2067-08, 57.920130432, 0.0278597930089094
2067-09, 60.364671552, 0.0997463556890006
2067-10, 14.979072096, -1.23490689001597
2067-11, 81.747320256, 0.728545398482958
2067-12, 162.361476864, 3.09916398799709
2068-01, 56.218729536, -0.0221732627468751
2068-02, 32.97535056, -0.705690756474017
2068-03, 127.74286656, 2.08113533666634
2068-04, 35.111639808, -0.642868949275635
2068-05, 158.365617696, 2.98165785230924
2068-06, 55.66442256, -0.0384737548303283
2068-07, 127.641842496, 2.0781645244147
2068-08, 72.09492912, 0.444697761503622
2068-09, 80.333626176, 0.686972930234851
2068-10, 79.87863168, 0.673592917892984
2068-11, 90.424307232, 0.983709348486205
2068-12, 76.245729408, 0.566760247028861
2069-01, 41.205812832, -0.463657747840374
2069-02, 41.522126688, -0.454355913786576
2069-03, 77.351115456, 0.599266308299473
2069-04, 97.156526976, 1.18168357466866
2069-05, 43.459595712, -0.39738080819518
2069-06, 65.550009888, 0.252231477030852
2069-07, 21.579869664, -1.04079739264305
2069-08, 27.509665824, -0.866420017744976
2069-09, 123.279011424, 1.94986685465819
2069-10, 128.616794784, 2.10683492320162
2069-11, 56.441928384, -0.0156096595226935
2069-12, 90.917321184, 0.998207398068045
2070-01, 98.11357632, 1.2098275020064
2070-02, 20.174712768, -1.08211880812395
2070-03, 66.022239456, 0.266118320725845
2070-04, 63.674576064, 0.19708063909308
2070-05, 15.233401728, -1.22742782456577
2070-06, 137.86890336, 2.37891146044212
2070-07, 72.036451008, 0.442978097052364
2070-08, 61.887794688, 0.14453680158895
2070-09, 84.103281504, 0.797827094970117
2070-10, 55.493481024, -0.0435006285211644
2070-11, 54.484763616, -0.0731639573903024
2070-12, 51.518545344, -0.160391467694142
2071-01, 23.619050496, -0.980831250328536
2071-02, 59.838409152, 0.0842705697861743
2071-03, 51.637754016, -0.156885901106766
2071-04, 66.896597952, 0.291830560259609
2071-05, 103.376589984, 1.36459681987466
2071-06, 62.380717056, 0.159032157962277
2071-07, 1.547478432, -1.62988944601431
2071-08, 47.619380736, -0.275054108751694
2071-09, 38.034465408, -0.556917486247115
2071-10, 82.727215488, 0.757361154306731
2071-11, 17.056009728, -1.17383043438024
2071-12, 102.237507072, 1.3310998357244
2072-01, 32.845990752, -0.709494837276747
2072-02, 25.294888224, -0.931549930047233
2072-03, 50.183921952, -0.199638706097448
2072-04, 22.198356288, -1.02260957117455
2072-05, 103.989382848, 1.38261720507802
2072-06, 80.29326528, 0.685786038324385
2072-07, 94.346538912, 1.09905032238243
2072-08, 81.716084064, 0.727626836526392
2072-09, 12.824769312, -1.29825842083984
2072-10, 71.84040336, 0.437212928521987
2072-11, 80.268264576, 0.685050843215398
2072-12, 63.282032352, 0.18553711547366
2073-01, 62.255845728, 0.155360069784345
2073-02, 47.978620704, -0.264489947541419
2073-03, 38.231599968, -0.551120354921359
2073-04, 113.825850048, 1.67187796250127
2073-05, 49.495157568, -0.21989318398581
2073-06, 17.792934336, -1.15215970992808
2073-07, 2.89962288, -1.59012696633318
2073-08, 88.178493024, 0.91766674338933
2073-09, 25.697751552, -0.919702937725099
2073-10, 104.554060416, 1.39922266491421
2073-11, 26.871537888, -0.885185430809159
2073-12, 102.980018304, 1.3529348458959
2074-01, 87.056967456, 0.884686067637246
2074-02, 65.487051936, 0.25038007403107
2074-03, 51.307074432, -0.166610187782804
2074-04, 72.970689888, 0.470451237616798
2074-05, 32.495224896, -0.719809800476622
2074-06, 21.809240064, -1.03405230273573
2074-07, 135.280449216, 2.3027928508819
2074-08, 89.597675232, 0.959400600887241
2074-09, 27.419803776, -0.869062588857101
2074-10, 25.371975168, -0.929283036115143
2074-11, 80.3045016, 0.686116464519864
2074-12, 114.519529728, 1.69227698438241
2075-01, 70.728539904, 0.404516386268099
2075-02, 104.68776528, 1.40315452067558
2075-03, 128.068127136, 2.09070026670278
2075-04, 35.985100608, -0.617183108266831
2075-05, 49.047598656, -0.233054538285516
2075-06, 32.884982208, -0.70834821645585
2075-07, 56.560430304, -0.0121248763746027
2075-08, 12.92462784, -1.29532188347769
2075-09, 13.372515072, -1.28215087427953
2075-10, 109.422790272, 1.54239728820129
2075-11, 140.742687456, 2.46342076112681
2075-12, 52.497218016, -0.131611663663265
2076-01, 108.749844864, 1.52260799856461
2076-02, 30.532275648, -0.777534202410262
2076-03, 89.466513984, 0.955543545181199
2076-04, 41.32849392, -0.460050067998125
2076-05, 37.75601808, -0.565105780211005
2076-06, 25.508657376, -0.925263625669454
2076-07, 44.559375264, -0.365039617019336
2076-08, 58.032958464, 0.0311777242672877
2076-09, 73.672089408, 0.491077276649541
2076-10, 87.511859136, 0.898063056471442
2076-11, 52.204680576, -0.140214305216226
2076-12, 60.294679776, 0.0976881091938406
2077-01, 70.469341632, 0.39689414883701
2077-02, 124.767045792, 1.9936254459906
2077-03, 36.414861984, -0.604545125685746
2077-04, 28.571427648, -0.835196812993851
2077-05, 73.620599328, 0.489563109089405
2077-06, 86.753210976, 0.875753508041356
2077-07, 10.274284512, -1.37326046680249
2077-08, 45.90988848, -0.325325106938902
2077-09, 67.552305696, 0.311112942320287
2077-10, 103.566529152, 1.3701823564787
2077-11, 105.399409248, 1.42408181794745
2077-12, 87.370161408, 0.893896154748186
2078-01, 69.697529568, 0.37419748979452
2078-02, 33.510402432, -0.689956498776757
2078-03, 80.45993088, 0.690687169666784
2078-04, 13.83977232, -1.26841025148073
2078-05, 87.198930432, 0.888860769502141
2078-06, 108.003301344, 1.50065441099562
2078-07, 20.39121216, -1.07575221564331
2078-08, 38.912229792, -0.531105089845795
2078-09, 33.372200448, -0.694020601239198
2078-10, 47.915648928, -0.266341757063241
2078-11, 75.917799072, 0.557116807423489
2078-12, 72.28307808, 0.450230653503505
2079-01, 47.7583992, -0.270965996081278
2079-02, 44.93803104, -0.353904495604155
2079-03, 26.48028672, -0.896690944617858
2079-04, 43.40333376, -0.399035302081931
2079-05, 71.778407904, 0.435389829619227
2079-06, 77.550611328, 0.605132878671154
2079-07, 5.235240384, -1.52144351784285
2079-08, 6.6685464, -1.4792943218584
2079-09, 25.27778448, -0.932052899440982
2079-10, 52.804023552, -0.122589440549971
2079-11, 42.939170496, -0.412684940166698
2079-12, 36.65570544, -0.597462647893009
2080-01, 93.721379616, 1.08066627780683
2080-02, 82.58158224, 0.753078520840268
2080-03, 114.70990608, 1.69787537724595
2080-04, 39.013752384, -0.528119617393095
2080-05, 71.546584608, 0.428572607457462
2080-06, 41.07763584, -0.467427045601074
2080-07, 71.544407328, 0.428508580236193
2080-08, 91.67741136, 1.02055935182841
2080-09, 61.992210816, 0.147607364186107
2080-10, 104.48344224, 1.39714599788912
2080-11, 74.209519008, 0.506881456137647
2080-12, 144.966029184, 2.58761647105593
2081-01, 33.699590784, -0.684393041401006
2081-02, 22.43818368, -1.01555697275174
2081-03, 117.733454208, 1.78678878526412
2081-04, 66.416204448, 0.277703639892483
2081-05, 94.18346496, 1.09425481054749
2081-06, 85.606114464, 0.842020868146142
2081-07, 35.60876208, -0.62825008642509
2081-08, 96.938720352, 1.17527854044764
2081-09, 29.916368064, -0.795646182110713
2081-10, 57.888927072, 0.0269421965421871
2081-11, 22.932643104, -1.00101641620911
2081-12, 91.514972448, 1.01578251459968
2082-01, 75.621955968, 0.54841695628776
2082-02, 74.901651264, 0.527234972957956
2082-03, 79.047418752, 0.649149459053079
2082-04, 102.394574496, 1.33571871373304
2082-05, 28.376435808, -0.840930933403438
2082-06, 65.955300192, 0.264149839378599
2082-07, 3.241506816, -1.58007319354388
2082-08, 41.153312736, -0.465201616917044
2082-09, 32.112394272, -0.731067691547824
2082-10, 111.9488688, 1.61668161950266
2082-11, 26.711636544, -0.889887645835956
2082-12, 58.630715136, 0.0487559405294755
2083-01, 90.151839648, 0.975696900712159
2083-02, 108.561652704, 1.51707383618335
2083-03, 54.40295232, -0.075569780229496
2083-04, 41.345401536, -0.459552866135816
2083-05, 70.001823456, 0.383145852934708
2083-06, 26.679463776, -0.89083374966072
2083-07, 58.905936288, 0.0568493624123257
2083-08, 30.99158496, -0.764027304376721
2083-09, 40.82861808, -0.474749904957473
2083-10, 69.15880656, 0.358355275088065
2083-11, 52.993987776, -0.117003167124736
2083-12, 52.026245568, -0.145461539260264
2084-01, 102.801135744, 1.34767445070082
2084-02, 51.123998016, -0.171993911601707
2084-03, 24.660913536, -0.950193208646083
2084-04, 35.987474016, -0.617113313514122
2084-05, 38.105964, -0.554814928849617
2084-06, 46.494100224, -0.30814520605284
2084-07, 13.56140448, -1.27659620794289
2084-08, 85.407008256, 0.836165756614458
2084-09, 9.725666112, -1.38939367506657
2084-10, 94.641816096, 1.10773353152215
2084-11, 49.539754656, -0.218581718477771
2084-12, 59.35882608, 0.070167481773632
2085-01, 144.225065376, 2.56582696594526
2085-02, 64.446734592, 0.219787486594192
2085-03, 19.427859072, -1.1040815170312
2085-04, 48.460815648, -0.250310052270981
2085-05, 27.316317312, -0.872105812847081
2085-06, 23.420938752, -0.986657117680981
2085-07, 84.165768576, 0.799664650812918
2085-08, 2.913065856, -1.5897316490571
2085-09, 24.287746752, -0.961166915403834
2085-10, 62.464166496, 0.161486153663187
2085-11, 16.556966784, -1.18850577838669
2085-12, 28.836470016, -0.827402718370435
2086-01, 46.884862368, -0.2966540729613
2086-02, 28.866200256, -0.826528441908579
2086-03, 107.418533184, 1.48345814759746
2086-04, 95.576097312, 1.13520791706033
2086-05, 88.464184992, 0.926068080309705
2086-06, 46.179049536, -0.317409894155251
2086-07, 18.978189408, -1.11730494216486
2086-08, 47.069630496, -0.291220601007777
2086-09, 36.51025536, -0.601739894942444
2086-10, 131.254373376, 2.18439813423792
2086-11, 47.852461152, -0.268199918491935
2086-12, 62.349613056, 0.158117483372715
2087-01, 29.261353248, -0.814908187254146
2087-02, 23.498930304, -0.984363621962911
2087-03, 38.934428544, -0.530452291672751
2087-04, 39.004549056, -0.528390259441095
2087-05, 107.476560288, 1.48516454926717
2087-06, 128.38049856, 2.09988616575235
2087-07, 6.365556288, -1.48820434488871
2087-08, 52.925117472, -0.119028434519417
2087-09, 6.98520672, -1.46998229934598
2087-10, 75.862325088, 0.555485485293007
2087-11, 21.029045472, -1.0569954665801
2087-12, 144.645876576, 2.5782017509132
2088-01, 40.115277216, -0.495727102809726
2088-02, 33.825174912, -0.680699991930398
2088-03, 100.845955584, 1.29017851415355
2088-04, 94.94407872, 1.11662216133011
2088-05, 64.572825888, 0.223495450342136
2088-06, 43.953696576, -0.38285079581796
2088-07, 76.49906976, 0.574210220745582
2088-08, 63.939963168, 0.204884871359864
2088-09, 3.625091712, -1.56879312161388
2088-10, 69.234023808, 0.360567186914271
2088-11, 65.9629008, 0.26437335027761
2088-12, 25.399506528, -0.928473422065244
2089-01, 46.051416, -0.321163210518261
2089-02, 77.345277408, 0.599094628960538
2089-03, 47.049466464, -0.291813564218087
2089-04, 97.517905344, 1.19231061975697
2089-05, 90.05515632, 0.972853736381017
2089-06, 48.272966496, -0.255834127824126
2089-07, 12.624374016, -1.30415144055174
2089-08, 24.745650336, -0.947701355580216
2089-09, 39.018606336, -0.527976877341868
2089-10, 110.11340448, 1.56270616382011
2089-11, 97.788350304, 1.20026358827507
2089-12, 116.57018448, 1.75258053998996
2090-01, 53.866299456, -0.0913511182604907
2090-02, 91.174988448, 1.00578461318323
2090-03, 23.782573728, -0.97602252652731
2090-04, 93.635271648, 1.07813410283614
2090-05, 54.327392064, -0.077791778883815
2090-06, 62.183303424, 0.153226819972841
2090-07, 111.708401184, 1.60961019402788
2090-08, 81.991655136, 0.735730548498374
2090-09, 34.743947328, -0.653681673305623
2090-10, 57.427412832, 0.0133704582432974
2090-11, 73.273720608, 0.479362454805598
2090-12, 78.4789344, 0.632432053210179
2091-01, 80.05948848, 0.67891136951687
2091-02, 108.675628128, 1.52042550877103
2091-03, 124.557607008, 1.98746648464179
2091-04, 139.736289888, 2.43382565173748
2091-05, 25.858450368, -0.914977271458131
2091-06, 37.095959232, -0.584516115083712
2091-07, 29.759092416, -0.800271183357575
2091-08, 36.788967936, -0.593543800836916
2091-09, 21.32946, -1.04816118368734
2091-10, 54.529650144, -0.0718439803270556
2091-11, 36.162831456, -0.611956581439196
2091-12, 72.133419456, 0.445829645900576
2092-01, 34.22679408, -0.668889586591845
2092-02, 92.176716096, 1.03524239434599
2092-03, 17.87898528, -1.1496292118608
2092-04, 49.571649216, -0.217643795909059
2092-05, 68.325248736, 0.333842859947158
2092-06, 56.46564864, -0.0149121185176432
2092-07, 22.10396256, -1.02538540529285
2092-08, 1.585417536, -1.6287737716837
2092-09, 29.073299328, -0.820438284415006
2092-10, 31.02084432, -0.763166875071846
2092-11, 74.019292992, 0.501287484201283
2092-12, 90.7648848, 0.993724704942743
2093-01, 100.521101952, 1.28062555110966
2093-02, 93.454891776, 1.07282967622263
2093-03, 129.80817648, 2.14186985645135
2093-04, 170.3981664, 3.33549872638353
2093-05, 64.820942496, 0.230791809543066
2093-06, 15.101760096, -1.2312990069127
2093-07, 7.832299968, -1.44507184831285
2093-08, 25.331399136, -0.930476254524853
2093-09, 18.067802976, -1.14407665435724
2093-10, 49.989686112, -0.205350594832983
2093-11, 64.767710592, 0.229226420205915
2093-12, 119.913992352, 1.85091181869666
2094-01, 56.382491232, -0.0173575264404626
2094-02, 56.728614816, -0.00717907842308025
2094-03, 89.014516704, 0.942251671899087
2094-04, 99.461133792, 1.2494550925932
2094-05, 48.081934368, -0.261451805076937
2094-06, 9.23328288, -1.40387317708034
2094-07, 58.239062208, 0.0372386121739954
2094-08, 73.836444672, 0.495910467996037
2094-09, 14.80224672, -1.24010678965
2094-10, 80.687727072, 0.697385966876828
2094-11, 33.763579488, -0.682511327101631
2094-12, 114.45825312, 1.69047502462571
2095-01, 76.063123008, 0.561390344959312
2095-02, 45.946655136, -0.324243910758786
2095-03, 78.7453488, 0.640266495146046
2095-04, 65.556150336, 0.252412049039408
2095-05, 174.491047584, 3.4558579861925
2095-06, 17.3749968, -1.16444998912699
2095-07, 34.397923104, -0.663857199445844
2095-08, 47.999458656, -0.263877166381668
2095-09, 118.198775232, 1.80047246956972
2095-10, 84.3988032, 0.806517494468421
2095-11, 98.127001152, 1.21022228572231
2095-12, 151.023673152, 2.76575346340863
2096-01, 50.126317344, -0.201332683437316
2096-02, 26.743618368, -0.888947157096867
2096-03, 102.61877472, 1.34231176439748
2096-04, 125.155123488, 2.00503763758354
2096-05, 44.776738656, -0.358647616911207
2096-06, 70.93572624, 0.410609109932048
2096-07, 0, -1.67539610752552
2096-08, 12.254581152, -1.31502593052415
2096-09, 87.871817952, 0.908648356827786
2096-10, 80.575661952, 0.694090470553521
2096-11, 26.742864096, -0.888969337955664
2096-12, 99.042352992, 1.23714001554986
2097-01, 65.938396896, 0.263652764554428
2097-02, 89.104002912, 0.944883190693255
2097-03, 89.27921088, 0.950035527248625
2097-04, 3.26131488, -1.5794906982761
2097-05, 54.508362048, -0.0724699988607278
2097-06, 14.3253792, -1.25413002148935
2097-07, 90.695893536, 0.991695880480214
2097-08, 30.117097728, -0.78974332964698
2097-09, 60.489441792, 0.103415471174516
2097-10, 116.723226528, 1.75708104386213
2097-11, 33.838706016, -0.680302083076311
2097-12, 108.983643264, 1.52948330256281
2098-01, 34.585786944, -0.658332691963032
2098-02, 29.198850624, -0.816746200434242
2098-03, 34.741934208, -0.65374087307767
2098-04, 115.458178464, 1.71987980547754
2098-05, 48.452211072, -0.250563086833132
2098-06, 1.410613056, -1.63391424287703
2098-07, 0, -1.67539610752552
2098-08, 36.27046944, -0.608791273799137
2098-09, 77.97765888, 0.6176910558943
2098-10, 41.769657504, -0.447076780957083
2098-11, 76.47151248, 0.573399844466859
2098-12, 118.984588416, 1.82358085921565
2099-01, 75.180406176, 0.535432312037232
2099-02, 115.944768576, 1.73418894934901
2099-03, 110.016362592, 1.55985245532356
2099-04, 20.720640672, -1.06606471921188
2099-05, 99.642155616, 1.25477839707394
2099-06, 38.852597376, -0.532858698887376
2099-07, 9.729729504, -1.38927418299449
2099-08, 19.831200192, -1.09222047429107
2099-09, 15.724547712, -1.21298470627456
2099-10, 48.52741968, -0.248351429083201
2099-11, 88.300539072, 0.921255748625376
2099-12, 149.641883136, 2.72511919721314
2100-01, 81.23490864, 0.713476922256389
2100-02, 76.692987648, 0.579912759474202
2100-03, 48.314027232, -0.254626655735396
2100-04, 52.228656576, -0.139509243553439
2100-05, 43.0244136, -0.410178198231123
2100-06, 23.024720448, -0.998308699940107
2100-07, 0, -1.67539610752552
2100-08, 25.041097728, -0.939013141137876
2100-09, 56.55043728, -0.0124187409941268
2100-10, 123.062455008, 1.94349858527413
2100-11, 23.8624704, -0.97367300699063
2100-12, 55.116294048, -0.0545925569696161
