"Description: ","Monthly number of days when TN < 0 degrees_C"
"Station: ","final_1971_2005_Madrid_rcp85"
"Latitude: ","40.38"
"Longitude: ","-3.69"
"Climpact_version: ","3.1.6"
"Date_of_calculation: ","2024-01-02"
time, fd, normalised (all years)
1971-01, 9, 2.38134260887779
1971-02, 7, 1.76353211996221
1971-03, 0, -0.398804591242297
1971-04, 0, -0.398804591242297
1971-05, 0, -0.398804591242297
1971-06, 0, -0.398804591242297
1971-07, 0, -0.398804591242297
1971-08, 0, -0.398804591242297
1971-09, 0, -0.398804591242297
1971-10, 0, -0.398804591242297
1971-11, 2, 0.219005897673277
1971-12, 4, 0.836816386588851
1972-01, 23, 6.70601603128681
1972-02, 1, -0.0898993467845098
1972-03, 0, -0.398804591242297
1972-04, 0, -0.398804591242297
1972-05, 0, -0.398804591242297
1972-06, 0, -0.398804591242297
1972-07, 0, -0.398804591242297
1972-08, 0, -0.398804591242297
1972-09, 0, -0.398804591242297
1972-10, 0, -0.398804591242297
1972-11, 0, -0.398804591242297
1972-12, 10, 2.69024785333557
1973-01, 13, 3.61696358670893
1973-02, 1, -0.0898993467845098
1973-03, 0, -0.398804591242297
1973-04, 0, -0.398804591242297
1973-05, 0, -0.398804591242297
1973-06, 0, -0.398804591242297
1973-07, 0, -0.398804591242297
1973-08, 0, -0.398804591242297
1973-09, 0, -0.398804591242297
1973-10, 0, -0.398804591242297
1973-11, 0, -0.398804591242297
1973-12, 0, -0.398804591242297
1974-01, 14, 3.92586883116672
1974-02, 8, 2.07243736442
1974-03, 0, -0.398804591242297
1974-04, 0, -0.398804591242297
1974-05, 0, -0.398804591242297
1974-06, 0, -0.398804591242297
1974-07, 0, -0.398804591242297
1974-08, 0, -0.398804591242297
1974-09, 0, -0.398804591242297
1974-10, 0, -0.398804591242297
1974-11, 0, -0.398804591242297
1974-12, 18, 5.16148980899787
1975-01, 16, 4.5436793200823
1975-02, 9, 2.38134260887779
1975-03, 0, -0.398804591242297
1975-04, 0, -0.398804591242297
1975-05, 0, -0.398804591242297
1975-06, 0, -0.398804591242297
1975-07, 0, -0.398804591242297
1975-08, 0, -0.398804591242297
1975-09, 0, -0.398804591242297
1975-10, 0, -0.398804591242297
1975-11, 1, -0.0898993467845098
1975-12, 4, 0.836816386588851
1976-01, 9, 2.38134260887779
1976-02, 3, 0.527911142131064
1976-03, 0, -0.398804591242297
1976-04, 0, -0.398804591242297
1976-05, 0, -0.398804591242297
1976-06, 0, -0.398804591242297
1976-07, 0, -0.398804591242297
1976-08, 0, -0.398804591242297
1976-09, 0, -0.398804591242297
1976-10, 0, -0.398804591242297
1976-11, 0, -0.398804591242297
1976-12, 1, -0.0898993467845098
1977-01, 17, 4.85258456454008
1977-02, 4, 0.836816386588851
1977-03, 0, -0.398804591242297
1977-04, 0, -0.398804591242297
1977-05, 0, -0.398804591242297
1977-06, 0, -0.398804591242297
1977-07, 0, -0.398804591242297
1977-08, 0, -0.398804591242297
1977-09, 0, -0.398804591242297
1977-10, 0, -0.398804591242297
1977-11, 1, -0.0898993467845098
1977-12, 12, 3.30805834225115
1978-01, 8, 2.07243736442
1978-02, 8, 2.07243736442
1978-03, 0, -0.398804591242297
1978-04, 0, -0.398804591242297
1978-05, 0, -0.398804591242297
1978-06, 0, -0.398804591242297
1978-07, 0, -0.398804591242297
1978-08, 0, -0.398804591242297
1978-09, 0, -0.398804591242297
1978-10, 0, -0.398804591242297
1978-11, 0, -0.398804591242297
1978-12, 5, 1.14572163104664
1979-01, 4, 0.836816386588851
1979-02, 10, 2.69024785333557
1979-03, 1, -0.0898993467845098
1979-04, 0, -0.398804591242297
1979-05, 0, -0.398804591242297
1979-06, 0, -0.398804591242297
1979-07, 0, -0.398804591242297
1979-08, 0, -0.398804591242297
1979-09, 0, -0.398804591242297
1979-10, 0, -0.398804591242297
1979-11, 2, 0.219005897673277
1979-12, 8, 2.07243736442
1980-01, 15, 4.23477407562451
1980-02, 3, 0.527911142131064
1980-03, 0, -0.398804591242297
1980-04, 0, -0.398804591242297
1980-05, 0, -0.398804591242297
1980-06, 0, -0.398804591242297
1980-07, 0, -0.398804591242297
1980-08, 0, -0.398804591242297
1980-09, 0, -0.398804591242297
1980-10, 0, -0.398804591242297
1980-11, 0, -0.398804591242297
1980-12, 3, 0.527911142131064
1981-01, 7, 1.76353211996221
1981-02, 14, 3.92586883116672
1981-03, 0, -0.398804591242297
1981-04, 0, -0.398804591242297
1981-05, 0, -0.398804591242297
1981-06, 0, -0.398804591242297
1981-07, 0, -0.398804591242297
1981-08, 0, -0.398804591242297
1981-09, 0, -0.398804591242297
1981-10, 0, -0.398804591242297
1981-11, 3, 0.527911142131064
1981-12, 8, 2.07243736442
1982-01, 3, 0.527911142131064
1982-02, 5, 1.14572163104664
1982-03, 0, -0.398804591242297
1982-04, 0, -0.398804591242297
1982-05, 0, -0.398804591242297
1982-06, 0, -0.398804591242297
1982-07, 0, -0.398804591242297
1982-08, 0, -0.398804591242297
1982-09, 0, -0.398804591242297
1982-10, 0, -0.398804591242297
1982-11, 0, -0.398804591242297
1982-12, 5, 1.14572163104664
1983-01, 8, 2.07243736442
1983-02, 9, 2.38134260887779
1983-03, 0, -0.398804591242297
1983-04, 0, -0.398804591242297
1983-05, 0, -0.398804591242297
1983-06, 0, -0.398804591242297
1983-07, 0, -0.398804591242297
1983-08, 0, -0.398804591242297
1983-09, 0, -0.398804591242297
1983-10, 0, -0.398804591242297
1983-11, 0, -0.398804591242297
1983-12, 5, 1.14572163104664
1984-01, 23, 6.70601603128681
1984-02, 3, 0.527911142131064
1984-03, 0, -0.398804591242297
1984-04, 0, -0.398804591242297
1984-05, 0, -0.398804591242297
1984-06, 0, -0.398804591242297
1984-07, 0, -0.398804591242297
1984-08, 0, -0.398804591242297
1984-09, 0, -0.398804591242297
1984-10, 0, -0.398804591242297
1984-11, 0, -0.398804591242297
1984-12, 13, 3.61696358670893
1985-01, 11, 2.99915309779336
1985-02, 11, 2.99915309779336
1985-03, 0, -0.398804591242297
1985-04, 0, -0.398804591242297
1985-05, 0, -0.398804591242297
1985-06, 0, -0.398804591242297
1985-07, 0, -0.398804591242297
1985-08, 0, -0.398804591242297
1985-09, 0, -0.398804591242297
1985-10, 0, -0.398804591242297
1985-11, 4, 0.836816386588851
1985-12, 10, 2.69024785333557
1986-01, 10, 2.69024785333557
1986-02, 0, -0.398804591242297
1986-03, 0, -0.398804591242297
1986-04, 0, -0.398804591242297
1986-05, 0, -0.398804591242297
1986-06, 0, -0.398804591242297
1986-07, 0, -0.398804591242297
1986-08, 0, -0.398804591242297
1986-09, 0, -0.398804591242297
1986-10, 0, -0.398804591242297
1986-11, 2, 0.219005897673277
1986-12, 1, -0.0898993467845098
1987-01, 12, 3.30805834225115
1987-02, 0, -0.398804591242297
1987-03, 0, -0.398804591242297
1987-04, 0, -0.398804591242297
1987-05, 0, -0.398804591242297
1987-06, 0, -0.398804591242297
1987-07, 0, -0.398804591242297
1987-08, 0, -0.398804591242297
1987-09, 0, -0.398804591242297
1987-10, 0, -0.398804591242297
1987-11, 2, 0.219005897673277
1987-12, 7, 1.76353211996221
1988-01, 8, 2.07243736442
1988-02, 9, 2.38134260887779
1988-03, 0, -0.398804591242297
1988-04, 0, -0.398804591242297
1988-05, 0, -0.398804591242297
1988-06, 0, -0.398804591242297
1988-07, 0, -0.398804591242297
1988-08, 0, -0.398804591242297
1988-09, 0, -0.398804591242297
1988-10, 0, -0.398804591242297
1988-11, 1, -0.0898993467845098
1988-12, 15, 4.23477407562451
1989-01, 9, 2.38134260887779
1989-02, 7, 1.76353211996221
1989-03, 1, -0.0898993467845098
1989-04, 0, -0.398804591242297
1989-05, 0, -0.398804591242297
1989-06, 0, -0.398804591242297
1989-07, 0, -0.398804591242297
1989-08, 0, -0.398804591242297
1989-09, 0, -0.398804591242297
1989-10, 0, -0.398804591242297
1989-11, 0, -0.398804591242297
1989-12, 19, 5.47039505345566
1990-01, 7, 1.76353211996221
1990-02, 9, 2.38134260887779
1990-03, 0, -0.398804591242297
1990-04, 0, -0.398804591242297
1990-05, 0, -0.398804591242297
1990-06, 0, -0.398804591242297
1990-07, 0, -0.398804591242297
1990-08, 0, -0.398804591242297
1990-09, 0, -0.398804591242297
1990-10, 0, -0.398804591242297
1990-11, 0, -0.398804591242297
1990-12, 3, 0.527911142131064
1991-01, 7, 1.76353211996221
1991-02, 11, 2.99915309779336
1991-03, 0, -0.398804591242297
1991-04, 0, -0.398804591242297
1991-05, 0, -0.398804591242297
1991-06, 0, -0.398804591242297
1991-07, 0, -0.398804591242297
1991-08, 0, -0.398804591242297
1991-09, 0, -0.398804591242297
1991-10, 0, -0.398804591242297
1991-11, 0, -0.398804591242297
1991-12, 1, -0.0898993467845098
1992-01, 6, 1.45462687550443
1992-02, 6, 1.45462687550443
1992-03, 1, -0.0898993467845098
1992-04, 0, -0.398804591242297
1992-05, 0, -0.398804591242297
1992-06, 0, -0.398804591242297
1992-07, 0, -0.398804591242297
1992-08, 0, -0.398804591242297
1992-09, 0, -0.398804591242297
1992-10, 0, -0.398804591242297
1992-11, 1, -0.0898993467845098
1992-12, 12, 3.30805834225115
1993-01, 0, -0.398804591242297
1993-02, 3, 0.527911142131064
1993-03, 0, -0.398804591242297
1993-04, 0, -0.398804591242297
1993-05, 0, -0.398804591242297
1993-06, 0, -0.398804591242297
1993-07, 0, -0.398804591242297
1993-08, 0, -0.398804591242297
1993-09, 0, -0.398804591242297
1993-10, 0, -0.398804591242297
1993-11, 2, 0.219005897673277
1993-12, 4, 0.836816386588851
1994-01, 7, 1.76353211996221
1994-02, 0, -0.398804591242297
1994-03, 0, -0.398804591242297
1994-04, 0, -0.398804591242297
1994-05, 0, -0.398804591242297
1994-06, 0, -0.398804591242297
1994-07, 0, -0.398804591242297
1994-08, 0, -0.398804591242297
1994-09, 0, -0.398804591242297
1994-10, 0, -0.398804591242297
1994-11, 0, -0.398804591242297
1994-12, 13, 3.61696358670893
1995-01, 7, 1.76353211996221
1995-02, 3, 0.527911142131064
1995-03, 0, -0.398804591242297
1995-04, 0, -0.398804591242297
1995-05, 0, -0.398804591242297
1995-06, 0, -0.398804591242297
1995-07, 0, -0.398804591242297
1995-08, 0, -0.398804591242297
1995-09, 0, -0.398804591242297
1995-10, 0, -0.398804591242297
1995-11, 1, -0.0898993467845098
1995-12, 9, 2.38134260887779
1996-01, 6, 1.45462687550443
1996-02, 3, 0.527911142131064
1996-03, 0, -0.398804591242297
1996-04, 0, -0.398804591242297
1996-05, 0, -0.398804591242297
1996-06, 0, -0.398804591242297
1996-07, 0, -0.398804591242297
1996-08, 0, -0.398804591242297
1996-09, 0, -0.398804591242297
1996-10, 0, -0.398804591242297
1996-11, 3, 0.527911142131064
1996-12, 7, 1.76353211996221
1997-01, 11, 2.99915309779336
1997-02, 8, 2.07243736442
1997-03, 0, -0.398804591242297
1997-04, 0, -0.398804591242297
1997-05, 0, -0.398804591242297
1997-06, 0, -0.398804591242297
1997-07, 0, -0.398804591242297
1997-08, 0, -0.398804591242297
1997-09, 0, -0.398804591242297
1997-10, 0, -0.398804591242297
1997-11, 0, -0.398804591242297
1997-12, 8, 2.07243736442
1998-01, 16, 4.5436793200823
1998-02, 3, 0.527911142131064
1998-03, 1, -0.0898993467845098
1998-04, 0, -0.398804591242297
1998-05, 0, -0.398804591242297
1998-06, 0, -0.398804591242297
1998-07, 0, -0.398804591242297
1998-08, 0, -0.398804591242297
1998-09, 0, -0.398804591242297
1998-10, 0, -0.398804591242297
1998-11, 0, -0.398804591242297
1998-12, 4, 0.836816386588851
1999-01, 6, 1.45462687550443
1999-02, 6, 1.45462687550443
1999-03, 0, -0.398804591242297
1999-04, 0, -0.398804591242297
1999-05, 0, -0.398804591242297
1999-06, 0, -0.398804591242297
1999-07, 0, -0.398804591242297
1999-08, 0, -0.398804591242297
1999-09, 0, -0.398804591242297
1999-10, 0, -0.398804591242297
1999-11, 0, -0.398804591242297
1999-12, 18, 5.16148980899787
2000-01, 11, 2.99915309779336
2000-02, 8, 2.07243736442
2000-03, 0, -0.398804591242297
2000-04, 0, -0.398804591242297
2000-05, 0, -0.398804591242297
2000-06, 0, -0.398804591242297
2000-07, 0, -0.398804591242297
2000-08, 0, -0.398804591242297
2000-09, 0, -0.398804591242297
2000-10, 0, -0.398804591242297
2000-11, 0, -0.398804591242297
2000-12, 6, 1.45462687550443
2001-01, 0, -0.398804591242297
2001-02, 4, 0.836816386588851
2001-03, 0, -0.398804591242297
2001-04, 0, -0.398804591242297
2001-05, 0, -0.398804591242297
2001-06, 0, -0.398804591242297
2001-07, 0, -0.398804591242297
2001-08, 0, -0.398804591242297
2001-09, 0, -0.398804591242297
2001-10, 0, -0.398804591242297
2001-11, 0, -0.398804591242297
2001-12, 4, 0.836816386588851
2002-01, 7, 1.76353211996221
2002-02, 9, 2.38134260887779
2002-03, 1, -0.0898993467845098
2002-04, 0, -0.398804591242297
2002-05, 0, -0.398804591242297
2002-06, 0, -0.398804591242297
2002-07, 0, -0.398804591242297
2002-08, 0, -0.398804591242297
2002-09, 0, -0.398804591242297
2002-10, 0, -0.398804591242297
2002-11, 0, -0.398804591242297
2002-12, 7, 1.76353211996221
2003-01, 18, 5.16148980899787
2003-02, 4, 0.836816386588851
2003-03, 0, -0.398804591242297
2003-04, 0, -0.398804591242297
2003-05, 0, -0.398804591242297
2003-06, 0, -0.398804591242297
2003-07, 0, -0.398804591242297
2003-08, 0, -0.398804591242297
2003-09, 0, -0.398804591242297
2003-10, 0, -0.398804591242297
2003-11, 0, -0.398804591242297
2003-12, 2, 0.219005897673277
2004-01, 7, 1.76353211996221
2004-02, 1, -0.0898993467845098
2004-03, 0, -0.398804591242297
2004-04, 0, -0.398804591242297
2004-05, 0, -0.398804591242297
2004-06, 0, -0.398804591242297
2004-07, 0, -0.398804591242297
2004-08, 0, -0.398804591242297
2004-09, 0, -0.398804591242297
2004-10, 0, -0.398804591242297
2004-11, 1, -0.0898993467845098
2004-12, 11, 2.99915309779336
2005-01, 16, 4.5436793200823
2005-02, 15, 4.23477407562451
2005-03, 0, -0.398804591242297
2005-04, 0, -0.398804591242297
2005-05, 0, -0.398804591242297
2005-06, 0, -0.398804591242297
2005-07, 0, -0.398804591242297
2005-08, 0, -0.398804591242297
2005-09, 0, -0.398804591242297
2005-10, 0, -0.398804591242297
2005-11, 0, -0.398804591242297
2005-12, 9, 2.38134260887779
2006-01, 4, 0.836816386588851
2006-02, 4, 0.836816386588851
2006-03, 0, -0.398804591242297
2006-04, 0, -0.398804591242297
2006-05, 0, -0.398804591242297
2006-06, 0, -0.398804591242297
2006-07, 0, -0.398804591242297
2006-08, 0, -0.398804591242297
2006-09, 0, -0.398804591242297
2006-10, 0, -0.398804591242297
2006-11, 3, 0.527911142131064
2006-12, 15, 4.23477407562451
2007-01, 13, 3.61696358670893
2007-02, 0, -0.398804591242297
2007-03, 0, -0.398804591242297
2007-04, 0, -0.398804591242297
2007-05, 0, -0.398804591242297
2007-06, 0, -0.398804591242297
2007-07, 0, -0.398804591242297
2007-08, 0, -0.398804591242297
2007-09, 0, -0.398804591242297
2007-10, 0, -0.398804591242297
2007-11, 4, 0.836816386588851
2007-12, 5, 1.14572163104664
2008-01, 1, -0.0898993467845098
2008-02, 3, 0.527911142131064
2008-03, 0, -0.398804591242297
2008-04, 0, -0.398804591242297
2008-05, 0, -0.398804591242297
2008-06, 0, -0.398804591242297
2008-07, 0, -0.398804591242297
2008-08, 0, -0.398804591242297
2008-09, 0, -0.398804591242297
2008-10, 0, -0.398804591242297
2008-11, 0, -0.398804591242297
2008-12, 18, 5.16148980899787
2009-01, 25, 7.32382652020238
2009-02, 4, 0.836816386588851
2009-03, 2, 0.219005897673277
2009-04, 0, -0.398804591242297
2009-05, 0, -0.398804591242297
2009-06, 0, -0.398804591242297
2009-07, 0, -0.398804591242297
2009-08, 0, -0.398804591242297
2009-09, 0, -0.398804591242297
2009-10, 0, -0.398804591242297
2009-11, 0, -0.398804591242297
2009-12, 13, 3.61696358670893
2010-01, 16, 4.5436793200823
2010-02, 0, -0.398804591242297
2010-03, 0, -0.398804591242297
2010-04, 0, -0.398804591242297
2010-05, 0, -0.398804591242297
2010-06, 0, -0.398804591242297
2010-07, 0, -0.398804591242297
2010-08, 0, -0.398804591242297
2010-09, 0, -0.398804591242297
2010-10, 0, -0.398804591242297
2010-11, 0, -0.398804591242297
2010-12, 12, 3.30805834225115
2011-01, 6, 1.45462687550443
2011-02, 5, 1.14572163104664
2011-03, 1, -0.0898993467845098
2011-04, 0, -0.398804591242297
2011-05, 0, -0.398804591242297
2011-06, 0, -0.398804591242297
2011-07, 0, -0.398804591242297
2011-08, 0, -0.398804591242297
2011-09, 0, -0.398804591242297
2011-10, 0, -0.398804591242297
2011-11, 0, -0.398804591242297
2011-12, 4, 0.836816386588851
2012-01, 2, 0.219005897673277
2012-02, 2, 0.219005897673277
2012-03, 0, -0.398804591242297
2012-04, 0, -0.398804591242297
2012-05, 0, -0.398804591242297
2012-06, 0, -0.398804591242297
2012-07, 0, -0.398804591242297
2012-08, 0, -0.398804591242297
2012-09, 0, -0.398804591242297
2012-10, 0, -0.398804591242297
2012-11, 0, -0.398804591242297
2012-12, 1, -0.0898993467845098
2013-01, 4, 0.836816386588851
2013-02, 8, 2.07243736442
2013-03, 0, -0.398804591242297
2013-04, 0, -0.398804591242297
2013-05, 0, -0.398804591242297
2013-06, 0, -0.398804591242297
2013-07, 0, -0.398804591242297
2013-08, 0, -0.398804591242297
2013-09, 0, -0.398804591242297
2013-10, 0, -0.398804591242297
2013-11, 0, -0.398804591242297
2013-12, 0, -0.398804591242297
2014-01, 9, 2.38134260887779
2014-02, 3, 0.527911142131064
2014-03, 0, -0.398804591242297
2014-04, 0, -0.398804591242297
2014-05, 0, -0.398804591242297
2014-06, 0, -0.398804591242297
2014-07, 0, -0.398804591242297
2014-08, 0, -0.398804591242297
2014-09, 0, -0.398804591242297
2014-10, 0, -0.398804591242297
2014-11, 2, 0.219005897673277
2014-12, 0, -0.398804591242297
2015-01, 4, 0.836816386588851
2015-02, 0, -0.398804591242297
2015-03, 0, -0.398804591242297
2015-04, 0, -0.398804591242297
2015-05, 0, -0.398804591242297
2015-06, 0, -0.398804591242297
2015-07, 0, -0.398804591242297
2015-08, 0, -0.398804591242297
2015-09, 0, -0.398804591242297
2015-10, 0, -0.398804591242297
2015-11, 0, -0.398804591242297
2015-12, 9, 2.38134260887779
2016-01, 3, 0.527911142131064
2016-02, 2, 0.219005897673277
2016-03, 0, -0.398804591242297
2016-04, 0, -0.398804591242297
2016-05, 0, -0.398804591242297
2016-06, 0, -0.398804591242297
2016-07, 0, -0.398804591242297
2016-08, 0, -0.398804591242297
2016-09, 0, -0.398804591242297
2016-10, 0, -0.398804591242297
2016-11, 0, -0.398804591242297
2016-12, 11, 2.99915309779336
2017-01, 5, 1.14572163104664
2017-02, 12, 3.30805834225115
2017-03, 1, -0.0898993467845098
2017-04, 0, -0.398804591242297
2017-05, 0, -0.398804591242297
2017-06, 0, -0.398804591242297
2017-07, 0, -0.398804591242297
2017-08, 0, -0.398804591242297
2017-09, 0, -0.398804591242297
2017-10, 0, -0.398804591242297
2017-11, 0, -0.398804591242297
2017-12, 5, 1.14572163104664
2018-01, 6, 1.45462687550443
2018-02, 5, 1.14572163104664
2018-03, 0, -0.398804591242297
2018-04, 0, -0.398804591242297
2018-05, 0, -0.398804591242297
2018-06, 0, -0.398804591242297
2018-07, 0, -0.398804591242297
2018-08, 0, -0.398804591242297
2018-09, 0, -0.398804591242297
2018-10, 0, -0.398804591242297
2018-11, 0, -0.398804591242297
2018-12, 9, 2.38134260887779
2019-01, 5, 1.14572163104664
2019-02, 7, 1.76353211996221
2019-03, 0, -0.398804591242297
2019-04, 0, -0.398804591242297
2019-05, 0, -0.398804591242297
2019-06, 0, -0.398804591242297
2019-07, 0, -0.398804591242297
2019-08, 0, -0.398804591242297
2019-09, 0, -0.398804591242297
2019-10, 0, -0.398804591242297
2019-11, 5, 1.14572163104664
2019-12, 7, 1.76353211996221
2020-01, 13, 3.61696358670893
2020-02, 3, 0.527911142131064
2020-03, 0, -0.398804591242297
2020-04, 0, -0.398804591242297
2020-05, 0, -0.398804591242297
2020-06, 0, -0.398804591242297
2020-07, 0, -0.398804591242297
2020-08, 0, -0.398804591242297
2020-09, 0, -0.398804591242297
2020-10, 0, -0.398804591242297
2020-11, 0, -0.398804591242297
2020-12, 3, 0.527911142131064
2021-01, 0, -0.398804591242297
2021-02, 9, 2.38134260887779
2021-03, 1, -0.0898993467845098
2021-04, 0, -0.398804591242297
2021-05, 0, -0.398804591242297
2021-06, 0, -0.398804591242297
2021-07, 0, -0.398804591242297
2021-08, 0, -0.398804591242297
2021-09, 0, -0.398804591242297
2021-10, 0, -0.398804591242297
2021-11, 0, -0.398804591242297
2021-12, 7, 1.76353211996221
2022-01, 1, -0.0898993467845098
2022-02, 2, 0.219005897673277
2022-03, 0, -0.398804591242297
2022-04, 0, -0.398804591242297
2022-05, 0, -0.398804591242297
2022-06, 0, -0.398804591242297
2022-07, 0, -0.398804591242297
2022-08, 0, -0.398804591242297
2022-09, 0, -0.398804591242297
2022-10, 0, -0.398804591242297
2022-11, 0, -0.398804591242297
2022-12, 14, 3.92586883116672
2023-01, 6, 1.45462687550443
2023-02, 5, 1.14572163104664
2023-03, 0, -0.398804591242297
2023-04, 0, -0.398804591242297
2023-05, 0, -0.398804591242297
2023-06, 0, -0.398804591242297
2023-07, 0, -0.398804591242297
2023-08, 0, -0.398804591242297
2023-09, 0, -0.398804591242297
2023-10, 0, -0.398804591242297
2023-11, 0, -0.398804591242297
2023-12, 4, 0.836816386588851
2024-01, 20, 5.77930029791344
2024-02, 5, 1.14572163104664
2024-03, 0, -0.398804591242297
2024-04, 0, -0.398804591242297
2024-05, 0, -0.398804591242297
2024-06, 0, -0.398804591242297
2024-07, 0, -0.398804591242297
2024-08, 0, -0.398804591242297
2024-09, 0, -0.398804591242297
2024-10, 0, -0.398804591242297
2024-11, 0, -0.398804591242297
2024-12, 14, 3.92586883116672
2025-01, 9, 2.38134260887779
2025-02, 3, 0.527911142131064
2025-03, 0, -0.398804591242297
2025-04, 0, -0.398804591242297
2025-05, 0, -0.398804591242297
2025-06, 0, -0.398804591242297
2025-07, 0, -0.398804591242297
2025-08, 0, -0.398804591242297
2025-09, 0, -0.398804591242297
2025-10, 0, -0.398804591242297
2025-11, 0, -0.398804591242297
2025-12, 8, 2.07243736442
2026-01, 2, 0.219005897673277
2026-02, 4, 0.836816386588851
2026-03, 0, -0.398804591242297
2026-04, 0, -0.398804591242297
2026-05, 0, -0.398804591242297
2026-06, 0, -0.398804591242297
2026-07, 0, -0.398804591242297
2026-08, 0, -0.398804591242297
2026-09, 0, -0.398804591242297
2026-10, 0, -0.398804591242297
2026-11, 0, -0.398804591242297
2026-12, 0, -0.398804591242297
2027-01, 4, 0.836816386588851
2027-02, 2, 0.219005897673277
2027-03, 0, -0.398804591242297
2027-04, 0, -0.398804591242297
2027-05, 0, -0.398804591242297
2027-06, 0, -0.398804591242297
2027-07, 0, -0.398804591242297
2027-08, 0, -0.398804591242297
2027-09, 0, -0.398804591242297
2027-10, 0, -0.398804591242297
2027-11, 0, -0.398804591242297
2027-12, 3, 0.527911142131064
2028-01, 9, 2.38134260887779
2028-02, 4, 0.836816386588851
2028-03, 0, -0.398804591242297
2028-04, 0, -0.398804591242297
2028-05, 0, -0.398804591242297
2028-06, 0, -0.398804591242297
2028-07, 0, -0.398804591242297
2028-08, 0, -0.398804591242297
2028-09, 0, -0.398804591242297
2028-10, 0, -0.398804591242297
2028-11, 0, -0.398804591242297
2028-12, 1, -0.0898993467845098
2029-01, 10, 2.69024785333557
2029-02, 13, 3.61696358670893
2029-03, 0, -0.398804591242297
2029-04, 0, -0.398804591242297
2029-05, 0, -0.398804591242297
2029-06, 0, -0.398804591242297
2029-07, 0, -0.398804591242297
2029-08, 0, -0.398804591242297
2029-09, 0, -0.398804591242297
2029-10, 0, -0.398804591242297
2029-11, 0, -0.398804591242297
2029-12, 2, 0.219005897673277
2030-01, 16, 4.5436793200823
2030-02, 8, 2.07243736442
2030-03, 0, -0.398804591242297
2030-04, 0, -0.398804591242297
2030-05, 0, -0.398804591242297
2030-06, 0, -0.398804591242297
2030-07, 0, -0.398804591242297
2030-08, 0, -0.398804591242297
2030-09, 0, -0.398804591242297
2030-10, 0, -0.398804591242297
2030-11, 0, -0.398804591242297
2030-12, 4, 0.836816386588851
2031-01, 11, 2.99915309779336
2031-02, 6, 1.45462687550443
2031-03, 0, -0.398804591242297
2031-04, 0, -0.398804591242297
2031-05, 0, -0.398804591242297
2031-06, 0, -0.398804591242297
2031-07, 0, -0.398804591242297
2031-08, 0, -0.398804591242297
2031-09, 0, -0.398804591242297
2031-10, 0, -0.398804591242297
2031-11, 0, -0.398804591242297
2031-12, 4, 0.836816386588851
2032-01, 2, 0.219005897673277
2032-02, 3, 0.527911142131064
2032-03, 2, 0.219005897673277
2032-04, 0, -0.398804591242297
2032-05, 0, -0.398804591242297
2032-06, 0, -0.398804591242297
2032-07, 0, -0.398804591242297
2032-08, 0, -0.398804591242297
2032-09, 0, -0.398804591242297
2032-10, 0, -0.398804591242297
2032-11, 1, -0.0898993467845098
2032-12, 0, -0.398804591242297
2033-01, 8, 2.07243736442
2033-02, 9, 2.38134260887779
2033-03, 0, -0.398804591242297
2033-04, 0, -0.398804591242297
2033-05, 0, -0.398804591242297
2033-06, 0, -0.398804591242297
2033-07, 0, -0.398804591242297
2033-08, 0, -0.398804591242297
2033-09, 0, -0.398804591242297
2033-10, 0, -0.398804591242297
2033-11, 0, -0.398804591242297
2033-12, 6, 1.45462687550443
2034-01, 4, 0.836816386588851
2034-02, 0, -0.398804591242297
2034-03, 0, -0.398804591242297
2034-04, 0, -0.398804591242297
2034-05, 0, -0.398804591242297
2034-06, 0, -0.398804591242297
2034-07, 0, -0.398804591242297
2034-08, 0, -0.398804591242297
2034-09, 0, -0.398804591242297
2034-10, 0, -0.398804591242297
2034-11, 0, -0.398804591242297
2034-12, 10, 2.69024785333557
2035-01, 8, 2.07243736442
2035-02, 9, 2.38134260887779
2035-03, 0, -0.398804591242297
2035-04, 0, -0.398804591242297
2035-05, 0, -0.398804591242297
2035-06, 0, -0.398804591242297
2035-07, 0, -0.398804591242297
2035-08, 0, -0.398804591242297
2035-09, 0, -0.398804591242297
2035-10, 0, -0.398804591242297
2035-11, 1, -0.0898993467845098
2035-12, 12, 3.30805834225115
2036-01, 19, 5.47039505345566
2036-02, 7, 1.76353211996221
2036-03, 0, -0.398804591242297
2036-04, 0, -0.398804591242297
2036-05, 0, -0.398804591242297
2036-06, 0, -0.398804591242297
2036-07, 0, -0.398804591242297
2036-08, 0, -0.398804591242297
2036-09, 0, -0.398804591242297
2036-10, 0, -0.398804591242297
2036-11, 0, -0.398804591242297
2036-12, 9, 2.38134260887779
2037-01, 6, 1.45462687550443
2037-02, 3, 0.527911142131064
2037-03, 0, -0.398804591242297
2037-04, 0, -0.398804591242297
2037-05, 0, -0.398804591242297
2037-06, 0, -0.398804591242297
2037-07, 0, -0.398804591242297
2037-08, 0, -0.398804591242297
2037-09, 0, -0.398804591242297
2037-10, 0, -0.398804591242297
2037-11, 0, -0.398804591242297
2037-12, 6, 1.45462687550443
2038-01, 3, 0.527911142131064
2038-02, 17, 4.85258456454008
2038-03, 0, -0.398804591242297
2038-04, 0, -0.398804591242297
2038-05, 0, -0.398804591242297
2038-06, 0, -0.398804591242297
2038-07, 0, -0.398804591242297
2038-08, 0, -0.398804591242297
2038-09, 0, -0.398804591242297
2038-10, 0, -0.398804591242297
2038-11, 0, -0.398804591242297
2038-12, 1, -0.0898993467845098
2039-01, 10, 2.69024785333557
2039-02, 0, -0.398804591242297
2039-03, 0, -0.398804591242297
2039-04, 0, -0.398804591242297
2039-05, 0, -0.398804591242297
2039-06, 0, -0.398804591242297
2039-07, 0, -0.398804591242297
2039-08, 0, -0.398804591242297
2039-09, 0, -0.398804591242297
2039-10, 0, -0.398804591242297
2039-11, 0, -0.398804591242297
2039-12, 1, -0.0898993467845098
2040-01, 8, 2.07243736442
2040-02, 3, 0.527911142131064
2040-03, 0, -0.398804591242297
2040-04, 0, -0.398804591242297
2040-05, 0, -0.398804591242297
2040-06, 0, -0.398804591242297
2040-07, 0, -0.398804591242297
2040-08, 0, -0.398804591242297
2040-09, 0, -0.398804591242297
2040-10, 0, -0.398804591242297
2040-11, 0, -0.398804591242297
2040-12, 11, 2.99915309779336
2041-01, 6, 1.45462687550443
2041-02, 4, 0.836816386588851
2041-03, 0, -0.398804591242297
2041-04, 0, -0.398804591242297
2041-05, 0, -0.398804591242297
2041-06, 0, -0.398804591242297
2041-07, 0, -0.398804591242297
2041-08, 0, -0.398804591242297
2041-09, 0, -0.398804591242297
2041-10, 0, -0.398804591242297
2041-11, 0, -0.398804591242297
2041-12, 2, 0.219005897673277
2042-01, 11, 2.99915309779336
2042-02, 0, -0.398804591242297
2042-03, 0, -0.398804591242297
2042-04, 0, -0.398804591242297
2042-05, 0, -0.398804591242297
2042-06, 0, -0.398804591242297
2042-07, 0, -0.398804591242297
2042-08, 0, -0.398804591242297
2042-09, 0, -0.398804591242297
2042-10, 0, -0.398804591242297
2042-11, 0, -0.398804591242297
2042-12, 3, 0.527911142131064
2043-01, 6, 1.45462687550443
2043-02, 2, 0.219005897673277
2043-03, 0, -0.398804591242297
2043-04, 0, -0.398804591242297
2043-05, 0, -0.398804591242297
2043-06, 0, -0.398804591242297
2043-07, 0, -0.398804591242297
2043-08, 0, -0.398804591242297
2043-09, 0, -0.398804591242297
2043-10, 0, -0.398804591242297
2043-11, 0, -0.398804591242297
2043-12, 4, 0.836816386588851
2044-01, 4, 0.836816386588851
2044-02, 3, 0.527911142131064
2044-03, 0, -0.398804591242297
2044-04, 0, -0.398804591242297
2044-05, 0, -0.398804591242297
2044-06, 0, -0.398804591242297
2044-07, 0, -0.398804591242297
2044-08, 0, -0.398804591242297
2044-09, 0, -0.398804591242297
2044-10, 0, -0.398804591242297
2044-11, 0, -0.398804591242297
2044-12, 0, -0.398804591242297
2045-01, 2, 0.219005897673277
2045-02, 0, -0.398804591242297
2045-03, 0, -0.398804591242297
2045-04, 0, -0.398804591242297
2045-05, 0, -0.398804591242297
2045-06, 0, -0.398804591242297
2045-07, 0, -0.398804591242297
2045-08, 0, -0.398804591242297
2045-09, 0, -0.398804591242297
2045-10, 0, -0.398804591242297
2045-11, 0, -0.398804591242297
2045-12, 1, -0.0898993467845098
2046-01, 14, 3.92586883116672
2046-02, 2, 0.219005897673277
2046-03, 0, -0.398804591242297
2046-04, 0, -0.398804591242297
2046-05, 0, -0.398804591242297
2046-06, 0, -0.398804591242297
2046-07, 0, -0.398804591242297
2046-08, 0, -0.398804591242297
2046-09, 0, -0.398804591242297
2046-10, 0, -0.398804591242297
2046-11, 0, -0.398804591242297
2046-12, 8, 2.07243736442
2047-01, 5, 1.14572163104664
2047-02, 8, 2.07243736442
2047-03, 0, -0.398804591242297
2047-04, 0, -0.398804591242297
2047-05, 0, -0.398804591242297
2047-06, 0, -0.398804591242297
2047-07, 0, -0.398804591242297
2047-08, 0, -0.398804591242297
2047-09, 0, -0.398804591242297
2047-10, 0, -0.398804591242297
2047-11, 0, -0.398804591242297
2047-12, 3, 0.527911142131064
2048-01, 7, 1.76353211996221
2048-02, 4, 0.836816386588851
2048-03, 0, -0.398804591242297
2048-04, 0, -0.398804591242297
2048-05, 0, -0.398804591242297
2048-06, 0, -0.398804591242297
2048-07, 0, -0.398804591242297
2048-08, 0, -0.398804591242297
2048-09, 0, -0.398804591242297
2048-10, 0, -0.398804591242297
2048-11, 0, -0.398804591242297
2048-12, 5, 1.14572163104664
2049-01, 5, 1.14572163104664
2049-02, 4, 0.836816386588851
2049-03, 0, -0.398804591242297
2049-04, 0, -0.398804591242297
2049-05, 0, -0.398804591242297
2049-06, 0, -0.398804591242297
2049-07, 0, -0.398804591242297
2049-08, 0, -0.398804591242297
2049-09, 0, -0.398804591242297
2049-10, 0, -0.398804591242297
2049-11, 0, -0.398804591242297
2049-12, 8, 2.07243736442
2050-01, 4, 0.836816386588851
2050-02, 1, -0.0898993467845098
2050-03, 0, -0.398804591242297
2050-04, 0, -0.398804591242297
2050-05, 0, -0.398804591242297
2050-06, 0, -0.398804591242297
2050-07, 0, -0.398804591242297
2050-08, 0, -0.398804591242297
2050-09, 0, -0.398804591242297
2050-10, 0, -0.398804591242297
2050-11, 0, -0.398804591242297
2050-12, 0, -0.398804591242297
2051-01, 1, -0.0898993467845098
2051-02, 0, -0.398804591242297
2051-03, 0, -0.398804591242297
2051-04, 0, -0.398804591242297
2051-05, 0, -0.398804591242297
2051-06, 0, -0.398804591242297
2051-07, 0, -0.398804591242297
2051-08, 0, -0.398804591242297
2051-09, 0, -0.398804591242297
2051-10, 0, -0.398804591242297
2051-11, 0, -0.398804591242297
2051-12, 7, 1.76353211996221
2052-01, 7, 1.76353211996221
2052-02, 9, 2.38134260887779
2052-03, 0, -0.398804591242297
2052-04, 0, -0.398804591242297
2052-05, 0, -0.398804591242297
2052-06, 0, -0.398804591242297
2052-07, 0, -0.398804591242297
2052-08, 0, -0.398804591242297
2052-09, 0, -0.398804591242297
2052-10, 0, -0.398804591242297
2052-11, 0, -0.398804591242297
2052-12, 7, 1.76353211996221
2053-01, 9, 2.38134260887779
2053-02, 7, 1.76353211996221
2053-03, 0, -0.398804591242297
2053-04, 0, -0.398804591242297
2053-05, 0, -0.398804591242297
2053-06, 0, -0.398804591242297
2053-07, 0, -0.398804591242297
2053-08, 0, -0.398804591242297
2053-09, 0, -0.398804591242297
2053-10, 0, -0.398804591242297
2053-11, 0, -0.398804591242297
2053-12, 10, 2.69024785333557
2054-01, 6, 1.45462687550443
2054-02, 1, -0.0898993467845098
2054-03, 0, -0.398804591242297
2054-04, 0, -0.398804591242297
2054-05, 0, -0.398804591242297
2054-06, 0, -0.398804591242297
2054-07, 0, -0.398804591242297
2054-08, 0, -0.398804591242297
2054-09, 0, -0.398804591242297
2054-10, 0, -0.398804591242297
2054-11, 0, -0.398804591242297
2054-12, 7, 1.76353211996221
2055-01, 1, -0.0898993467845098
2055-02, 0, -0.398804591242297
2055-03, 0, -0.398804591242297
2055-04, 0, -0.398804591242297
2055-05, 0, -0.398804591242297
2055-06, 0, -0.398804591242297
2055-07, 0, -0.398804591242297
2055-08, 0, -0.398804591242297
2055-09, 0, -0.398804591242297
2055-10, 0, -0.398804591242297
2055-11, 0, -0.398804591242297
2055-12, 4, 0.836816386588851
2056-01, 7, 1.76353211996221
2056-02, 6, 1.45462687550443
2056-03, 0, -0.398804591242297
2056-04, 0, -0.398804591242297
2056-05, 0, -0.398804591242297
2056-06, 0, -0.398804591242297
2056-07, 0, -0.398804591242297
2056-08, 0, -0.398804591242297
2056-09, 0, -0.398804591242297
2056-10, 0, -0.398804591242297
2056-11, 0, -0.398804591242297
2056-12, 2, 0.219005897673277
2057-01, 0, -0.398804591242297
2057-02, 0, -0.398804591242297
2057-03, 0, -0.398804591242297
2057-04, 0, -0.398804591242297
2057-05, 0, -0.398804591242297
2057-06, 0, -0.398804591242297
2057-07, 0, -0.398804591242297
2057-08, 0, -0.398804591242297
2057-09, 0, -0.398804591242297
2057-10, 0, -0.398804591242297
2057-11, 2, 0.219005897673277
2057-12, 0, -0.398804591242297
2058-01, 5, 1.14572163104664
2058-02, 1, -0.0898993467845098
2058-03, 0, -0.398804591242297
2058-04, 0, -0.398804591242297
2058-05, 0, -0.398804591242297
2058-06, 0, -0.398804591242297
2058-07, 0, -0.398804591242297
2058-08, 0, -0.398804591242297
2058-09, 0, -0.398804591242297
2058-10, 0, -0.398804591242297
2058-11, 0, -0.398804591242297
2058-12, 0, -0.398804591242297
2059-01, 5, 1.14572163104664
2059-02, 0, -0.398804591242297
2059-03, 0, -0.398804591242297
2059-04, 0, -0.398804591242297
2059-05, 0, -0.398804591242297
2059-06, 0, -0.398804591242297
2059-07, 0, -0.398804591242297
2059-08, 0, -0.398804591242297
2059-09, 0, -0.398804591242297
2059-10, 0, -0.398804591242297
2059-11, 0, -0.398804591242297
2059-12, 3, 0.527911142131064
2060-01, 2, 0.219005897673277
2060-02, 0, -0.398804591242297
2060-03, 0, -0.398804591242297
2060-04, 0, -0.398804591242297
2060-05, 0, -0.398804591242297
2060-06, 0, -0.398804591242297
2060-07, 0, -0.398804591242297
2060-08, 0, -0.398804591242297
2060-09, 0, -0.398804591242297
2060-10, 0, -0.398804591242297
2060-11, 0, -0.398804591242297
2060-12, 0, -0.398804591242297
2061-01, 2, 0.219005897673277
2061-02, 0, -0.398804591242297
2061-03, 0, -0.398804591242297
2061-04, 0, -0.398804591242297
2061-05, 0, -0.398804591242297
2061-06, 0, -0.398804591242297
2061-07, 0, -0.398804591242297
2061-08, 0, -0.398804591242297
2061-09, 0, -0.398804591242297
2061-10, 0, -0.398804591242297
2061-11, 0, -0.398804591242297
2061-12, 2, 0.219005897673277
2062-01, 5, 1.14572163104664
2062-02, 1, -0.0898993467845098
2062-03, 0, -0.398804591242297
2062-04, 0, -0.398804591242297
2062-05, 0, -0.398804591242297
2062-06, 0, -0.398804591242297
2062-07, 0, -0.398804591242297
2062-08, 0, -0.398804591242297
2062-09, 0, -0.398804591242297
2062-10, 0, -0.398804591242297
2062-11, 0, -0.398804591242297
2062-12, 0, -0.398804591242297
2063-01, 2, 0.219005897673277
2063-02, 0, -0.398804591242297
2063-03, 0, -0.398804591242297
2063-04, 0, -0.398804591242297
2063-05, 0, -0.398804591242297
2063-06, 0, -0.398804591242297
2063-07, 0, -0.398804591242297
2063-08, 0, -0.398804591242297
2063-09, 0, -0.398804591242297
2063-10, 0, -0.398804591242297
2063-11, 0, -0.398804591242297
2063-12, 0, -0.398804591242297
2064-01, 1, -0.0898993467845098
2064-02, 2, 0.219005897673277
2064-03, 0, -0.398804591242297
2064-04, 0, -0.398804591242297
2064-05, 0, -0.398804591242297
2064-06, 0, -0.398804591242297
2064-07, 0, -0.398804591242297
2064-08, 0, -0.398804591242297
2064-09, 0, -0.398804591242297
2064-10, 0, -0.398804591242297
2064-11, 0, -0.398804591242297
2064-12, 1, -0.0898993467845098
2065-01, 1, -0.0898993467845098
2065-02, 1, -0.0898993467845098
2065-03, 0, -0.398804591242297
2065-04, 0, -0.398804591242297
2065-05, 0, -0.398804591242297
2065-06, 0, -0.398804591242297
2065-07, 0, -0.398804591242297
2065-08, 0, -0.398804591242297
2065-09, 0, -0.398804591242297
2065-10, 0, -0.398804591242297
2065-11, 0, -0.398804591242297
2065-12, 10, 2.69024785333557
2066-01, 8, 2.07243736442
2066-02, 2, 0.219005897673277
2066-03, 0, -0.398804591242297
2066-04, 0, -0.398804591242297
2066-05, 0, -0.398804591242297
2066-06, 0, -0.398804591242297
2066-07, 0, -0.398804591242297
2066-08, 0, -0.398804591242297
2066-09, 0, -0.398804591242297
2066-10, 0, -0.398804591242297
2066-11, 0, -0.398804591242297
2066-12, 4, 0.836816386588851
2067-01, 8, 2.07243736442
2067-02, 2, 0.219005897673277
2067-03, 0, -0.398804591242297
2067-04, 0, -0.398804591242297
2067-05, 0, -0.398804591242297
2067-06, 0, -0.398804591242297
2067-07, 0, -0.398804591242297
2067-08, 0, -0.398804591242297
2067-09, 0, -0.398804591242297
2067-10, 0, -0.398804591242297
2067-11, 0, -0.398804591242297
2067-12, 2, 0.219005897673277
2068-01, 2, 0.219005897673277
2068-02, 1, -0.0898993467845098
2068-03, 0, -0.398804591242297
2068-04, 0, -0.398804591242297
2068-05, 0, -0.398804591242297
2068-06, 0, -0.398804591242297
2068-07, 0, -0.398804591242297
2068-08, 0, -0.398804591242297
2068-09, 0, -0.398804591242297
2068-10, 0, -0.398804591242297
2068-11, 0, -0.398804591242297
2068-12, 3, 0.527911142131064
2069-01, 10, 2.69024785333557
2069-02, 2, 0.219005897673277
2069-03, 0, -0.398804591242297
2069-04, 0, -0.398804591242297
2069-05, 0, -0.398804591242297
2069-06, 0, -0.398804591242297
2069-07, 0, -0.398804591242297
2069-08, 0, -0.398804591242297
2069-09, 0, -0.398804591242297
2069-10, 0, -0.398804591242297
2069-11, 3, 0.527911142131064
2069-12, 6, 1.45462687550443
2070-01, 2, 0.219005897673277
2070-02, 2, 0.219005897673277
2070-03, 0, -0.398804591242297
2070-04, 0, -0.398804591242297
2070-05, 0, -0.398804591242297
2070-06, 0, -0.398804591242297
2070-07, 0, -0.398804591242297
2070-08, 0, -0.398804591242297
2070-09, 0, -0.398804591242297
2070-10, 0, -0.398804591242297
2070-11, 0, -0.398804591242297
2070-12, 0, -0.398804591242297
2071-01, 9, 2.38134260887779
2071-02, 0, -0.398804591242297
2071-03, 0, -0.398804591242297
2071-04, 0, -0.398804591242297
2071-05, 0, -0.398804591242297
2071-06, 0, -0.398804591242297
2071-07, 0, -0.398804591242297
2071-08, 0, -0.398804591242297
2071-09, 0, -0.398804591242297
2071-10, 0, -0.398804591242297
2071-11, 0, -0.398804591242297
2071-12, 0, -0.398804591242297
2072-01, 2, 0.219005897673277
2072-02, 0, -0.398804591242297
2072-03, 0, -0.398804591242297
2072-04, 0, -0.398804591242297
2072-05, 0, -0.398804591242297
2072-06, 0, -0.398804591242297
2072-07, 0, -0.398804591242297
2072-08, 0, -0.398804591242297
2072-09, 0, -0.398804591242297
2072-10, 0, -0.398804591242297
2072-11, 0, -0.398804591242297
2072-12, 0, -0.398804591242297
2073-01, 1, -0.0898993467845098
2073-02, 1, -0.0898993467845098
2073-03, 0, -0.398804591242297
2073-04, 0, -0.398804591242297
2073-05, 0, -0.398804591242297
2073-06, 0, -0.398804591242297
2073-07, 0, -0.398804591242297
2073-08, 0, -0.398804591242297
2073-09, 0, -0.398804591242297
2073-10, 0, -0.398804591242297
2073-11, 0, -0.398804591242297
2073-12, 4, 0.836816386588851
2074-01, 1, -0.0898993467845098
2074-02, 0, -0.398804591242297
2074-03, 0, -0.398804591242297
2074-04, 0, -0.398804591242297
2074-05, 0, -0.398804591242297
2074-06, 0, -0.398804591242297
2074-07, 0, -0.398804591242297
2074-08, 0, -0.398804591242297
2074-09, 0, -0.398804591242297
2074-10, 0, -0.398804591242297
2074-11, 0, -0.398804591242297
2074-12, 4, 0.836816386588851
2075-01, 1, -0.0898993467845098
2075-02, 2, 0.219005897673277
2075-03, 0, -0.398804591242297
2075-04, 0, -0.398804591242297
2075-05, 0, -0.398804591242297
2075-06, 0, -0.398804591242297
2075-07, 0, -0.398804591242297
2075-08, 0, -0.398804591242297
2075-09, 0, -0.398804591242297
2075-10, 0, -0.398804591242297
2075-11, 0, -0.398804591242297
2075-12, 3, 0.527911142131064
2076-01, 1, -0.0898993467845098
2076-02, 2, 0.219005897673277
2076-03, 0, -0.398804591242297
2076-04, 0, -0.398804591242297
2076-05, 0, -0.398804591242297
2076-06, 0, -0.398804591242297
2076-07, 0, -0.398804591242297
2076-08, 0, -0.398804591242297
2076-09, 0, -0.398804591242297
2076-10, 0, -0.398804591242297
2076-11, 0, -0.398804591242297
2076-12, 4, 0.836816386588851
2077-01, 5, 1.14572163104664
2077-02, 1, -0.0898993467845098
2077-03, 0, -0.398804591242297
2077-04, 0, -0.398804591242297
2077-05, 0, -0.398804591242297
2077-06, 0, -0.398804591242297
2077-07, 0, -0.398804591242297
2077-08, 0, -0.398804591242297
2077-09, 0, -0.398804591242297
2077-10, 0, -0.398804591242297
2077-11, 0, -0.398804591242297
2077-12, 0, -0.398804591242297
2078-01, 3, 0.527911142131064
2078-02, 2, 0.219005897673277
2078-03, 0, -0.398804591242297
2078-04, 0, -0.398804591242297
2078-05, 0, -0.398804591242297
2078-06, 0, -0.398804591242297
2078-07, 0, -0.398804591242297
2078-08, 0, -0.398804591242297
2078-09, 0, -0.398804591242297
2078-10, 0, -0.398804591242297
2078-11, 0, -0.398804591242297
2078-12, 2, 0.219005897673277
2079-01, 2, 0.219005897673277
2079-02, 4, 0.836816386588851
2079-03, 0, -0.398804591242297
2079-04, 0, -0.398804591242297
2079-05, 0, -0.398804591242297
2079-06, 0, -0.398804591242297
2079-07, 0, -0.398804591242297
2079-08, 0, -0.398804591242297
2079-09, 0, -0.398804591242297
2079-10, 0, -0.398804591242297
2079-11, 0, -0.398804591242297
2079-12, 1, -0.0898993467845098
2080-01, 3, 0.527911142131064
2080-02, 1, -0.0898993467845098
2080-03, 0, -0.398804591242297
2080-04, 0, -0.398804591242297
2080-05, 0, -0.398804591242297
2080-06, 0, -0.398804591242297
2080-07, 0, -0.398804591242297
2080-08, 0, -0.398804591242297
2080-09, 0, -0.398804591242297
2080-10, 0, -0.398804591242297
2080-11, 0, -0.398804591242297
2080-12, 2, 0.219005897673277
2081-01, 2, 0.219005897673277
2081-02, 5, 1.14572163104664
2081-03, 0, -0.398804591242297
2081-04, 0, -0.398804591242297
2081-05, 0, -0.398804591242297
2081-06, 0, -0.398804591242297
2081-07, 0, -0.398804591242297
2081-08, 0, -0.398804591242297
2081-09, 0, -0.398804591242297
2081-10, 0, -0.398804591242297
2081-11, 0, -0.398804591242297
2081-12, 0, -0.398804591242297
2082-01, 7, 1.76353211996221
2082-02, 2, 0.219005897673277
2082-03, 0, -0.398804591242297
2082-04, 0, -0.398804591242297
2082-05, 0, -0.398804591242297
2082-06, 0, -0.398804591242297
2082-07, 0, -0.398804591242297
2082-08, 0, -0.398804591242297
2082-09, 0, -0.398804591242297
2082-10, 0, -0.398804591242297
2082-11, 0, -0.398804591242297
2082-12, 3, 0.527911142131064
2083-01, 2, 0.219005897673277
2083-02, 0, -0.398804591242297
2083-03, 0, -0.398804591242297
2083-04, 0, -0.398804591242297
2083-05, 0, -0.398804591242297
2083-06, 0, -0.398804591242297
2083-07, 0, -0.398804591242297
2083-08, 0, -0.398804591242297
2083-09, 0, -0.398804591242297
2083-10, 0, -0.398804591242297
2083-11, 0, -0.398804591242297
2083-12, 1, -0.0898993467845098
2084-01, 4, 0.836816386588851
2084-02, 1, -0.0898993467845098
2084-03, 0, -0.398804591242297
2084-04, 0, -0.398804591242297
2084-05, 0, -0.398804591242297
2084-06, 0, -0.398804591242297
2084-07, 0, -0.398804591242297
2084-08, 0, -0.398804591242297
2084-09, 0, -0.398804591242297
2084-10, 0, -0.398804591242297
2084-11, 0, -0.398804591242297
2084-12, 1, -0.0898993467845098
2085-01, 1, -0.0898993467845098
2085-02, 0, -0.398804591242297
2085-03, 0, -0.398804591242297
2085-04, 0, -0.398804591242297
2085-05, 0, -0.398804591242297
2085-06, 0, -0.398804591242297
2085-07, 0, -0.398804591242297
2085-08, 0, -0.398804591242297
2085-09, 0, -0.398804591242297
2085-10, 0, -0.398804591242297
2085-11, 0, -0.398804591242297
2085-12, 0, -0.398804591242297
2086-01, 4, 0.836816386588851
2086-02, 1, -0.0898993467845098
2086-03, 0, -0.398804591242297
2086-04, 0, -0.398804591242297
2086-05, 0, -0.398804591242297
2086-06, 0, -0.398804591242297
2086-07, 0, -0.398804591242297
2086-08, 0, -0.398804591242297
2086-09, 0, -0.398804591242297
2086-10, 0, -0.398804591242297
2086-11, 0, -0.398804591242297
2086-12, 2, 0.219005897673277
2087-01, 5, 1.14572163104664
2087-02, 0, -0.398804591242297
2087-03, 0, -0.398804591242297
2087-04, 0, -0.398804591242297
2087-05, 0, -0.398804591242297
2087-06, 0, -0.398804591242297
2087-07, 0, -0.398804591242297
2087-08, 0, -0.398804591242297
2087-09, 0, -0.398804591242297
2087-10, 0, -0.398804591242297
2087-11, 0, -0.398804591242297
2087-12, 0, -0.398804591242297
2088-01, 1, -0.0898993467845098
2088-02, 0, -0.398804591242297
2088-03, 0, -0.398804591242297
2088-04, 0, -0.398804591242297
2088-05, 0, -0.398804591242297
2088-06, 0, -0.398804591242297
2088-07, 0, -0.398804591242297
2088-08, 0, -0.398804591242297
2088-09, 0, -0.398804591242297
2088-10, 0, -0.398804591242297
2088-11, 0, -0.398804591242297
2088-12, 1, -0.0898993467845098
2089-01, 0, -0.398804591242297
2089-02, 1, -0.0898993467845098
2089-03, 0, -0.398804591242297
2089-04, 0, -0.398804591242297
2089-05, 0, -0.398804591242297
2089-06, 0, -0.398804591242297
2089-07, 0, -0.398804591242297
2089-08, 0, -0.398804591242297
2089-09, 0, -0.398804591242297
2089-10, 0, -0.398804591242297
2089-11, 0, -0.398804591242297
2089-12, 0, -0.398804591242297
2090-01, 3, 0.527911142131064
2090-02, 0, -0.398804591242297
2090-03, 0, -0.398804591242297
2090-04, 0, -0.398804591242297
2090-05, 0, -0.398804591242297
2090-06, 0, -0.398804591242297
2090-07, 0, -0.398804591242297
2090-08, 0, -0.398804591242297
2090-09, 0, -0.398804591242297
2090-10, 0, -0.398804591242297
2090-11, 0, -0.398804591242297
2090-12, 0, -0.398804591242297
2091-01, 3, 0.527911142131064
2091-02, 0, -0.398804591242297
2091-03, 0, -0.398804591242297
2091-04, 0, -0.398804591242297
2091-05, 0, -0.398804591242297
2091-06, 0, -0.398804591242297
2091-07, 0, -0.398804591242297
2091-08, 0, -0.398804591242297
2091-09, 0, -0.398804591242297
2091-10, 0, -0.398804591242297
2091-11, 0, -0.398804591242297
2091-12, 0, -0.398804591242297
2092-01, 9, 2.38134260887779
2092-02, 1, -0.0898993467845098
2092-03, 0, -0.398804591242297
2092-04, 0, -0.398804591242297
2092-05, 0, -0.398804591242297
2092-06, 0, -0.398804591242297
2092-07, 0, -0.398804591242297
2092-08, 0, -0.398804591242297
2092-09, 0, -0.398804591242297
2092-10, 0, -0.398804591242297
2092-11, 0, -0.398804591242297
2092-12, 1, -0.0898993467845098
2093-01, 0, -0.398804591242297
2093-02, 0, -0.398804591242297
2093-03, 0, -0.398804591242297
2093-04, 0, -0.398804591242297
2093-05, 0, -0.398804591242297
2093-06, 0, -0.398804591242297
2093-07, 0, -0.398804591242297
2093-08, 0, -0.398804591242297
2093-09, 0, -0.398804591242297
2093-10, 0, -0.398804591242297
2093-11, 0, -0.398804591242297
2093-12, 0, -0.398804591242297
2094-01, 2, 0.219005897673277
2094-02, 1, -0.0898993467845098
2094-03, 0, -0.398804591242297
2094-04, 0, -0.398804591242297
2094-05, 0, -0.398804591242297
2094-06, 0, -0.398804591242297
2094-07, 0, -0.398804591242297
2094-08, 0, -0.398804591242297
2094-09, 0, -0.398804591242297
2094-10, 0, -0.398804591242297
2094-11, 0, -0.398804591242297
2094-12, 2, 0.219005897673277
2095-01, 4, 0.836816386588851
2095-02, 0, -0.398804591242297
2095-03, 0, -0.398804591242297
2095-04, 0, -0.398804591242297
2095-05, 0, -0.398804591242297
2095-06, 0, -0.398804591242297
2095-07, 0, -0.398804591242297
2095-08, 0, -0.398804591242297
2095-09, 0, -0.398804591242297
2095-10, 0, -0.398804591242297
2095-11, 0, -0.398804591242297
2095-12, 0, -0.398804591242297
2096-01, 5, 1.14572163104664
2096-02, 1, -0.0898993467845098
2096-03, 0, -0.398804591242297
2096-04, 0, -0.398804591242297
2096-05, 0, -0.398804591242297
2096-06, 0, -0.398804591242297
2096-07, 0, -0.398804591242297
2096-08, 0, -0.398804591242297
2096-09, 0, -0.398804591242297
2096-10, 0, -0.398804591242297
2096-11, 0, -0.398804591242297
2096-12, 0, -0.398804591242297
2097-01, 5, 1.14572163104664
2097-02, 0, -0.398804591242297
2097-03, 0, -0.398804591242297
2097-04, 0, -0.398804591242297
2097-05, 0, -0.398804591242297
2097-06, 0, -0.398804591242297
2097-07, 0, -0.398804591242297
2097-08, 0, -0.398804591242297
2097-09, 0, -0.398804591242297
2097-10, 0, -0.398804591242297
2097-11, 0, -0.398804591242297
2097-12, 0, -0.398804591242297
2098-01, 0, -0.398804591242297
2098-02, 0, -0.398804591242297
2098-03, 0, -0.398804591242297
2098-04, 0, -0.398804591242297
2098-05, 0, -0.398804591242297
2098-06, 0, -0.398804591242297
2098-07, 0, -0.398804591242297
2098-08, 0, -0.398804591242297
2098-09, 0, -0.398804591242297
2098-10, 0, -0.398804591242297
2098-11, 0, -0.398804591242297
2098-12, 0, -0.398804591242297
2099-01, 1, -0.0898993467845098
2099-02, 0, -0.398804591242297
2099-03, 0, -0.398804591242297
2099-04, 0, -0.398804591242297
2099-05, 0, -0.398804591242297
2099-06, 0, -0.398804591242297
2099-07, 0, -0.398804591242297
2099-08, 0, -0.398804591242297
2099-09, 0, -0.398804591242297
2099-10, 0, -0.398804591242297
2099-11, 0, -0.398804591242297
2099-12, 0, -0.398804591242297
2100-01, 3, 0.527911142131064
2100-02, 1, -0.0898993467845098
2100-03, 0, -0.398804591242297
2100-04, 0, -0.398804591242297
2100-05, 0, -0.398804591242297
2100-06, 0, -0.398804591242297
2100-07, 0, -0.398804591242297
2100-08, 0, -0.398804591242297
2100-09, 0, -0.398804591242297
2100-10, 0, -0.398804591242297
2100-11, 0, -0.398804591242297
2100-12, 0, -0.398804591242297
