"Description: ","Monthly mean daily maximum temperature"
"Station: ","final_1971_2005_Bucurest_rcp45"
"Latitude: ","44.43"
"Longitude: ","26.1"
"Climpact_version: ","3.1.6"
"Date_of_calculation: ","2024-01-01"
time, txm, normalised (all years)
1971-01, -0.961399999999982, -1.90591599787771
1971-02, 8.22152500000003, -0.995178933674491
1971-03, 9.30847741935486, -0.887378003651454
1971-04, 16.3124033333334, -0.192748032831305
1971-05, 22.9294806451613, 0.463515365223218
1971-06, 28.0597066666667, 0.972316970977894
1971-07, 29.5466677419355, 1.1197896514446
1971-08, 28.8893741935484, 1.05460109806126
1971-09, 22.46605, 0.417553597569012
1971-10, 16.6788064516129, -0.156409186520704
1971-11, 10.82779, -0.736696790497283
1971-12, 1.86120645161292, -1.62597770880935
1972-01, 0.00808064516131194, -1.80976559301476
1972-02, 11.2794275862069, -0.691904625762637
1972-03, 14.4777483870968, -0.374704028286067
1972-04, 20.1777966666667, 0.190610970578899
1972-05, 25.2290870967742, 0.69158396303543
1972-06, 30.9022933333334, 1.25423684242879
1972-07, 30.8751741935484, 1.25154724126669
1972-08, 27.9647258064516, 0.962897032364893
1972-09, 22.8853166666667, 0.459135304173204
1972-10, 21.9997548387097, 0.371307735140026
1972-11, 13.9801233333334, -0.424057102664704
1972-12, 3.61117741935486, -1.45242043576159
1973-01, 2.08517419354841, -1.60376520856934
1973-02, 6.34282142857145, -1.18150354975825
1973-03, 13.9884935483871, -0.423226967921716
1973-04, 15.18094, -0.304963432004623
1973-05, 22.4873322580645, 0.419664312970616
1973-06, 27.1725433333334, 0.884330569077769
1973-07, 30.3710322580645, 1.2015478406112
1973-08, 28.6620580645162, 1.03205651406424
1973-09, 24.8858033333334, 0.657538030295621
1973-10, 19.0804483870968, 0.0817790079369369
1973-11, 12.80015, -0.541083589262181
1973-12, 5.07527741935486, -1.30721505341338
1974-01, 2.97574516129035, -1.51544084692793
1974-02, 8.64444642857145, -0.953234757908516
1974-03, 14.323, -0.390051544655276
1974-04, 14.92687, -0.330161390814273
1974-05, 24.1511419354839, 0.584676347916544
1974-06, 30.1787666666667, 1.1824794718445
1974-07, 32.3155032258065, 1.39439508488137
1974-08, 32.2688741935484, 1.38977054662745
1974-09, 26.5977, 0.827319199631013
1974-10, 17.5167903225807, -0.0733002674676941
1974-11, 8.57538333333335, -0.960084244384986
1974-12, 1.0237612903226, -1.70903320012881
1975-01, 0.445716129032282, -1.76636211800306
1975-02, 4.6189285714286, -1.35247446803485
1975-03, 10.8629387096774, -0.73321083883568
1975-04, 14.1152766666667, -0.410652969448191
1975-05, 21.3842129032258, 0.310259991069747
1975-06, 27.7531833333334, 0.941916835867376
1975-07, 29.1499322580645, 1.08044252513725
1975-08, 26.4965774193549, 0.817290142198728
1975-09, 26.0529233333334, 0.773289758897657
1975-10, 11.5536387096774, -0.664709126119399
1975-11, 7.57681666666669, -1.05911932029067
1975-12, 2.83251935483873, -1.52964558566705
1976-01, -0.744851612903202, -1.8844393286985
1976-02, 5.52073103448278, -1.26303619780035
1976-03, 11.2110032258065, -0.698690764287241
1976-04, 14.7095333333334, -0.351716239377629
1976-05, 23.1057387096774, 0.480996151815675
1976-06, 24.7079366666667, 0.6398977069978
1976-07, 27.2736129032258, 0.894354369050445
1976-08, 27.5297129032258, 0.919753657636864
1976-09, 24.60404, 0.62959352339829
1976-10, 16.7233516129032, -0.151991320816912
1976-11, 6.10273666666669, -1.20531449139363
1976-12, 5.39260322580647, -1.27574355894254
1977-01, 0.279038709677443, -1.78289272274743
1977-02, 3.81873214285717, -1.43183573322465
1977-03, 10.8694161290323, -0.732568426326932
1977-04, 15.1539133333334, -0.307643861939
1977-05, 21.6375483870968, 0.33538510260438
1977-06, 25.7630666666667, 0.744542577619387
1977-07, 29.8052129032258, 1.14543144435454
1977-08, 29.010535483871, 1.06661753921083
1977-09, 19.9693833333334, 0.169941113497329
1977-10, 18.0407806451613, -0.0213323587612691
1977-11, 12.1505233333334, -0.605511762554249
1977-12, 1.0661677419355, -1.70482744572646
1978-01, 6.00617741935486, -1.21489097006665
1978-02, 4.16793571428573, -1.39720269032687
1978-03, 10.3061161290323, -0.788434959949462
1978-04, 14.7719333333334, -0.345527580229669
1978-05, 22.7534258064516, 0.446054734003292
1978-06, 25.8918, 0.757309993019716
1978-07, 28.966935483871, 1.06229341198566
1978-08, 31.1136225806452, 1.27519589178148
1978-09, 26.09166, 0.777131554194576
1978-10, 18.277135483871, 0.00210865942375337
1978-11, 11.9938833333334, -0.621046883851307
1978-12, -1.8206451612903, -1.99113355280975
1979-01, 6.05682903225809, -1.20986748340716
1979-02, 4.91052857142859, -1.32355438778573
1979-03, 12.9262419354839, -0.528578140383713
1979-04, 15.76102, -0.247432704463779
1979-05, 25.0745903225807, 0.676261400936985
1979-06, 25.06568, 0.675377699825602
1979-07, 32.1699064516129, 1.37995520012934
1979-08, 30.7897451612903, 1.24307462649128
1979-09, 25.7687166666667, 0.745102928968521
1979-10, 17.3943451612903, -0.0854440393834517
1979-11, 10.7534366666667, -0.744070948133733
1979-12, 4.31333870967744, -1.38278202401963
1980-01, -0.74666774193546, -1.88461944734512
1980-02, 2.33704137931036, -1.57878571877388
1980-03, 12.3675032258065, -0.583992297867117
1980-04, 17.5026533333334, -0.074702334900866
1980-05, 23.3218677419355, 0.502431230543621
1980-06, 25.5900066666667, 0.727378966206792
1980-07, 30.7878032258065, 1.24288203070928
1980-08, 31.4941580645161, 1.31293634696387
1980-09, 25.7385933333334, 0.742115380212108
1980-10, 14.4603548387097, -0.376429072233844
1980-11, 13.1583, -0.505563264360869
1980-12, 6.5263483870968, -1.16330185439326
1981-01, 0.0395258064516332, -1.80664694902312
1981-02, 8.58060714285716, -0.959566161426705
1981-03, 12.2010032258065, -0.600505306651337
1981-04, 16.33938, -0.190072561758425
1981-05, 20.6239193548387, 0.234856183003068
1981-06, 27.17312, 0.884387761280358
1981-07, 28.7852322580645, 1.04427258937987
1981-08, 31.3510064516129, 1.29873896653536
1981-09, 26.3544166666667, 0.803191032541601
1981-10, 16.1332129032258, -0.210519643320283
1981-11, 6.30450333333336, -1.18530383230036
1981-12, 2.59384193548389, -1.55331695096676
1982-01, 4.62210645161293, -1.3521592946811
1982-02, 3.46268214285717, -1.4671477859431
1982-03, 12.2436419354839, -0.596276517537519
1982-04, 16.1754766666667, -0.206328040335576
1982-05, 24.1386774193549, 0.583440151734387
1982-06, 29.87357, 1.15221091185902
1982-07, 31.9194935483871, 1.35511994204736
1982-08, 31.5868838709678, 1.32213263559126
1982-09, 26.4585633333334, 0.813520010448595
1982-10, 22.7400322580645, 0.444726398975255
1982-11, 4.50609000000002, -1.36366548497899
1982-12, 7.34260967741938, -1.08234732071569
1983-01, 3.90512903225809, -1.42326712905885
1983-02, 10.1741142857143, -0.801526537116089
1983-03, 16.6999645161291, -0.154310788291196
1983-04, 20.11324, 0.184208419205042
1983-05, 20.8771580645162, 0.259971696741261
1983-06, 27.13909, 0.881012760145662
1983-07, 30.9030677419355, 1.25431364612879
1983-08, 31.8308225806452, 1.34632580109104
1983-09, 24.9684366666667, 0.665733375395935
1983-10, 18.5841032258065, 0.032552869748397
1983-11, 9.04922000000002, -0.91309043634323
1983-12, 5.33127419354841, -1.2818260024765
1984-01, 2.07237419354841, -1.60503467711251
1984-02, 8.31982758620692, -0.98542955547902
1984-03, 11.4898903225807, -0.67103151456449
1984-04, 17.1307666666667, -0.111585024350725
1984-05, 22.8107290322581, 0.451737909205135
1984-06, 27.1316733333334, 0.880277195690315
1984-07, 29.9814419354839, 1.16290935160807
1984-08, 31.0995258064516, 1.27379781276593
1984-09, 24.8503266666667, 0.654019552768281
1984-10, 14.1109419354839, -0.411082876079415
1984-11, 8.51867000000002, -0.96570891568538
1984-12, 5.85240000000003, -1.23014218854485
1985-01, 1.53531612903228, -1.65829860826561
1985-02, -2.11361785714284, -2.02018977323107
1985-03, 8.80350000000002, -0.937460265282921
1985-04, 14.7998033333334, -0.342763510831373
1985-05, 18.1731806451613, -0.00820129351784109
1985-06, 23.0124066666667, 0.471739738325675
1985-07, 28.4280580645162, 1.00884904225939
1985-08, 32.7615580645162, 1.43863356818382
1985-09, 27.6847166666667, 0.935126501524472
1985-10, 19.9846451612903, 0.171454739317842
1985-11, 8.50601666666668, -0.966963838234828
1985-12, 2.45857096774196, -1.56673275083806
1986-01, -3.98714838709675, -2.20600134139103
1986-02, 2.28770714285716, -1.58367855168628
1986-03, 14.7217935483871, -0.350500305210192
1986-04, 13.8088866666667, -0.441039880928054
1986-05, 19.4771903225807, 0.121126774097382
1986-06, 27.7102366666667, 0.93765750443242
1986-07, 29.4642258064516, 1.11161328865281
1986-08, 29.4163677419355, 1.10686685838404
1986-09, 24.2776166666667, 0.597219761412061
1986-10, 17.4232870967742, -0.0825736583931936
1986-11, 10.3655466666667, -0.782540803853319
1986-12, 7.42133548387099, -1.0745395133074
1987-01, 1.22057419354841, -1.68951384157136
1987-02, 8.68927857142859, -0.948788430167883
1987-03, 14.6532935483871, -0.357293945460757
1987-04, 19.99767, 0.172746506741424
1987-05, 21.8242838709678, 0.353905010625326
1987-06, 26.7034833333334, 0.837810497604338
1987-07, 30.6668806451613, 1.23088926412427
1987-08, 27.8681870967742, 0.953322590557564
1987-09, 22.7149833333334, 0.442242116007568
1987-10, 18.1480225806452, -0.0106964006670802
1987-11, 13.9434166666667, -0.427697568184864
1987-12, 4.24076451612905, -1.38997973150054
1988-01, 4.14979677419357, -1.39900166015917
1988-02, 7.33327586206899, -1.08327302266687
1988-03, 13.9232741935484, -0.429695242872782
1988-04, 14.6234933333334, -0.360249448241258
1988-05, 19.9059741935484, 0.163652370660875
1988-06, 24.9595433333334, 0.664851359231047
1988-07, 27.6413258064516, 0.930823116203831
1988-08, 28.8815322580645, 1.05382335662263
1988-09, 25.3453666666667, 0.703116248675431
1988-10, 22.4559290322581, 0.416549828024106
1988-11, 9.07022666666669, -0.911007053333056
1988-12, 5.04701612903228, -1.31001792990197
1989-01, 4.05065806451615, -1.40883396276433
1989-02, 8.90707500000002, -0.927187983692377
1989-03, 16.2195838709678, -0.201953609992805
1989-04, 18.04172, -0.0212391961504402
1989-05, 22.8701225806452, 0.457628396810193
1989-06, 26.4210766666667, 0.809802186689085
1989-07, 27.3029516129033, 0.897264101006134
1989-08, 27.8074935483871, 0.94730317255359
1989-09, 21.72964, 0.34451849367239
1989-10, 14.0391387096774, -0.418204121115319
1989-11, 13.4729666666667, -0.474355496007905
1989-12, 4.91583870967744, -1.32302774298364
1990-01, 0.49490000000002, -1.76148419792299
1990-02, 2.96416428571431, -1.51658940608779
1990-03, 13.2866677419355, -0.492832107302663
1990-04, 16.5334966666667, -0.170820608474156
1990-05, 21.477635483871, 0.319525383831541
1990-06, 28.1632566666667, 0.98258677313769
1990-07, 25.5493774193549, 0.723349470004053
1990-08, 26.0629322580645, 0.774282416327118
1990-09, 25.19655, 0.688357023907229
1990-10, 17.1374903225807, -0.110918190782137
1990-11, 10.17999, -0.800943800049342
1990-12, 5.42444516129034, -1.27258556398547
1991-01, 4.87459354838712, -1.32711832382865
1991-02, 8.86108928571431, -0.931748719451828
1991-03, 12.0793129032258, -0.612574215754819
1991-04, 15.7862966666667, -0.244925834681779
1991-05, 22.4219645161291, 0.413181321398341
1991-06, 25.3785966666667, 0.706411908026179
1991-07, 30.098570967742, 1.17452588457242
1991-08, 30.8543612903226, 1.24948307517784
1991-09, 24.1695666666667, 0.586503661717556
1991-10, 20.2121645161291, 0.194019478687411
1991-11, 11.0348233333334, -0.716163797993014
1991-12, 3.53029032258067, -1.46044259395716
1992-01, 7.32037741935486, -1.08455225448574
1992-02, 7.23248275862071, -1.09326940346345
1992-03, 11.0111161290323, -0.718515012845106
1992-04, 19.35317, 0.108826782048151
1992-05, 22.4374903225807, 0.414721127874721
1992-06, 30.1971266666667, 1.18430036578611
1992-07, 31.9982645161291, 1.36293222842733
1992-08, 31.5881516129033, 1.32225836672469
1992-09, 25.7396266666667, 0.742217863349705
1992-10, 16.5511935483871, -0.169065480766634
1992-11, 7.15605333333335, -1.10084946214899
1992-12, 2.77338064516131, -1.5355107990748
1993-01, 5.97696451612906, -1.21778822488695
1993-02, 3.8592535714286, -1.42781693018592
1993-03, 11.2191838709678, -0.69787943056106
1993-04, 15.4892933333334, -0.274381802563313
1993-05, 22.7631290322581, 0.447017073060217
1993-06, 25.8398166666667, 0.752154430016918
1993-07, 31.5357580645162, 1.31706211972918
1993-08, 28.5013806451613, 1.01612097269947
1993-09, 24.26644, 0.596111290572148
1993-10, 16.007670967742, -0.222970544722277
1993-11, 11.63456, -0.656683576702417
1993-12, 3.96069354838712, -1.41775639426648
1994-01, 4.45314193548389, -1.36891672734813
1994-02, 6.15773214285717, -1.19986019240609
1994-03, 10.1211741935484, -0.80677698880962
1994-04, 18.57033, 0.0311868793656353
1994-05, 24.1891838709678, 0.588449241699213
1994-06, 29.2126366666667, 1.08666137468715
1994-07, 32.3993903225807, 1.40271477476675
1994-08, 32.1958032258065, 1.38252357045812
1994-09, 22.10101, 0.381349941553446
1994-10, 21.6175064516129, 0.333397398960546
1994-11, 16.3812133333334, -0.18592364763946
1994-12, 4.32060322580647, -1.38206154943313
1995-01, 5.73006774193551, -1.24227476303142
1995-02, 11.1062642857143, -0.70907848223194
1995-03, 14.8452903225807, -0.338252237239731
1995-04, 14.8225133333334, -0.340511195939543
1995-05, 28.2953129032258, 0.995683744875296
1995-06, 32.3958433333334, 1.40236299419859
1995-07, 30.4257451612903, 1.20697411479485
1995-08, 27.6477161290323, 0.931456890695777
1995-09, 23.44102, 0.514248421438989
1995-10, 15.6617419354839, -0.25727882789582
1995-11, 7.37470000000002, -1.07916469141442
1995-12, 2.89503225806454, -1.5234457290899
1996-01, 4.6937548387097, -1.34505340611952
1996-02, 9.91860344827589, -0.826867394191668
1996-03, 16.3536806451613, -0.18865426338504
1996-04, 17.28391, -0.096396692767677
1996-05, 23.2272322580645, 0.493045545399712
1996-06, 27.93086, 0.959538315491499
1996-07, 27.9351032258065, 0.959959146872978
1996-08, 31.3024870967742, 1.29392695132421
1996-09, 26.2678833333334, 0.79460889624454
1996-10, 15.9880064516129, -0.224920816959979
1996-11, 6.58027333333335, -1.15795372760111
1996-12, -2.09068709677417, -2.0179155639374
1997-01, -0.530525806451591, -1.86318308891099
1997-02, 4.79193571428575, -1.33531609884727
1997-03, 6.16760645161293, -1.19888088581617
1997-04, 17.8817133333334, -0.0371082141216075
1997-05, 21.9237096774194, 0.363765786693275
1997-06, 25.19946, 0.68864562964634
1997-07, 30.307670967742, 1.19526384335189
1997-08, 30.3609870967742, 1.20055158934017
1997-09, 23.3034766666667, 0.50060725464293
1997-10, 17.3043419354839, -0.0943703100041677
1997-11, 3.83333333333336, -1.43038762759947
1997-12, 6.71428064516131, -1.14466325362295
1998-01, 4.98738387096777, -1.31593209207159
1998-02, 9.98585000000003, -0.82019806746897
1998-03, 17.2882064516129, -0.0959705825981585
1998-04, 22.9778766666667, 0.468315148576011
1998-05, 24.6982322580645, 0.638935250634474
1998-06, 27.15073, 0.882167183102108
1998-07, 29.5067, 1.11582576151267
1998-08, 30.0906, 1.17373534607187
1998-09, 25.4357033333334, 0.712075589037019
1998-10, 18.2665677419355, 0.00106058005191987
1998-11, 8.99304000000003, -0.918662213120992
1998-12, 5.16407741935486, -1.29840811539513
1999-01, 2.78360000000002, -1.53449727177017
1999-02, 7.74817500000002, -1.04212447546435
1999-03, 13.9249419354839, -0.429529840847373
1999-04, 16.5781733333334, -0.166389700431412
1999-05, 24.8664774193549, 0.655621339681267
1999-06, 27.2472233333334, 0.891737124609334
1999-07, 31.3443129032258, 1.29807511894789
1999-08, 29.7337387096774, 1.13834283182655
1999-09, 25.5426033333334, 0.722677634917097
1999-10, 20.2687741935484, 0.199633869681386
1999-11, 14.60278, -0.362303739263991
1999-12, 2.28097419354841, -1.58434630694802
2000-01, 1.04383548387098, -1.7070422972195
2000-02, 10.5680620689655, -0.7624558872341
2000-03, 16.6841806451613, -0.155876188891437
2000-04, 20.0286233333334, 0.175816372598693
2000-05, 26.556170967742, 0.823200465249773
2000-06, 29.9482266666667, 1.15961515325522
2000-07, 31.7699677419355, 1.34029038675966
2000-08, 31.8142387096774, 1.34468105870685
2000-09, 23.9567733333334, 0.56539940836887
2000-10, 17.9678677419355, -0.0285636585297412
2000-11, 7.57998333333336, -1.05880525906254
2000-12, 8.8377612903226, -0.93406232541472
2001-01, 8.2277548387097, -0.994561075528322
2001-02, 5.45316428571431, -1.26973728077894
2001-03, 10.5569580645162, -0.763557151636571
2001-04, 21.7195533333334, 0.343518126013116
2001-05, 21.6664387096774, 0.33825036476986
2001-06, 28.9130366666667, 1.05694787659855
2001-07, 33.2893064516129, 1.49097419131887
2001-08, 30.9377258064516, 1.25775093696241
2001-09, 21.34815, 0.306683372224389
2001-10, 19.1805064516129, 0.0917024896083267
2001-11, 11.9089733333334, -0.62946802244511
2001-12, 7.12638064516131, -1.10379231716663
2002-01, 4.90427419354841, -1.32417467965886
2002-02, 8.6419035714286, -0.953486951436065
2002-03, 10.9471419354839, -0.724859796148579
2002-04, 20.8878433333334, 0.261031432103664
2002-05, 24.1033161290323, 0.579933116913255
2002-06, 28.2716633333334, 0.993338246044208
2002-07, 30.9221225806452, 1.25620345224888
2002-08, 30.0926483870968, 1.17393849942997
2002-09, 21.6075466666667, 0.332409615078831
2002-10, 18.1839258064516, -0.00713561818586139
2002-11, 9.57144000000002, -0.861298103326441
2002-12, 4.42727741935486, -1.37148189841143
2003-01, 5.12410967741937, -1.30237200532706
2003-02, 8.18833928571431, -0.998470200890772
2003-03, 15.9185838709678, -0.231805956203317
2003-04, 18.5127133333334, 0.0254726179675392
2003-05, 26.0872290322581, 0.776692103088002
2003-06, 27.91154, 0.95762221140915
2003-07, 29.5825032258065, 1.12334371546832
2003-08, 26.6261483870968, 0.8301406318594
2003-09, 23.0459066666667, 0.475062175528506
2003-10, 18.3020451612903, 0.00457913222878055
2003-11, 12.7370766666667, -0.547339027744961
2003-12, 3.48251290322583, -1.46518102606223
2004-01, 9.50165806451615, -0.868218882387252
2004-02, 9.77620000000002, -0.840990573724897
2004-03, 15.0403258064516, -0.318909158210333
2004-04, 15.66425, -0.257030085004614
2004-05, 21.9013193548387, 0.361545176522364
2004-06, 23.0040966666667, 0.470915575544913
2004-07, 29.7369612903226, 1.13866243844819
2004-08, 30.0042774193549, 1.16517411164263
2004-09, 27.1735066666667, 0.88442610980927
2004-10, 17.9979483870968, -0.0255803434679782
2004-11, 6.64120666666669, -1.15191052839039
2004-12, -1.8031516129032, -1.98939859113898
2005-01, -4.49102258064514, -2.25597418814302
2005-02, -7.31658214285712, -2.53620535854028
2005-03, 2.99647741935486, -1.51338467900279
2005-04, 17.4278733333334, -0.0821188081554242
2005-05, 23.2096838709678, 0.49130514497763
2005-06, 27.89119, 0.955603954779968
2005-07, 29.5209161290323, 1.1172356778105
2005-08, 29.0556838709678, 1.07109523117914
2005-09, 26.66579, 0.834072177217305
2005-10, 15.2035612903226, -0.302719915092866
2005-11, 7.84464000000002, -1.03255734397864
2005-12, -2.39551612903224, -2.0481476629606
2006-01, -4.39779354838707, -2.24672799097412
2006-02, 5.66855714285717, -1.24837521385967
2006-03, 12.6532387096774, -0.555653844082591
2006-04, 16.5343533333334, -0.170735646647175
2006-05, 25.2922096774194, 0.697844285730185
2006-06, 28.6760733333334, 1.03344650960232
2006-07, 32.1927419354839, 1.3822199601639
2006-08, 31.6453548387097, 1.32793162420353
2006-09, 27.58169, 0.924908602115006
2006-10, 17.9647161290323, -0.0288762267673087
2006-11, 12.95068, -0.526154440840027
2006-12, 7.07132903225809, -1.10925218363784
2007-01, 1.21008064516131, -1.69055456263259
2007-02, 0.777878571428594, -1.73341916707767
2007-03, 4.18037096774196, -1.39596939633554
2007-04, 17.87563, -0.037711542270387
2007-05, 23.3172290322581, 0.501971176167342
2007-06, 27.2135466666667, 0.888397166095878
2007-07, 33.3888870967742, 1.50085032386113
2007-08, 29.6923645161291, 1.13423945391963
2007-09, 26.18457, 0.786346110627861
2007-10, 17.6996548387097, -0.0551642713045688
2007-11, 8.73964333333335, -0.943793392595821
2007-12, 2.12715806451615, -1.5996013645448
2008-01, 0.290964516129053, -1.78170995429882
2008-02, 0.7220655172414, -1.73895455118618
2008-03, 14.6989935483871, -0.352761546052716
2008-04, 17.3717466666667, -0.0876852954809273
2008-05, 24.4316096774194, 0.612492361647904
2008-06, 28.0654466666667, 0.972886248277722
2008-07, 33.1405258064516, 1.47621853906379
2008-08, 30.6939096774194, 1.23356992867146
2008-09, 28.7975433333334, 1.04549356772256
2008-10, 12.9717548387097, -0.524064296715467
2008-11, 9.66291000000002, -0.852226362104263
2008-12, 6.85048709677421, -1.13115467505267
2009-01, 3.99241935483873, -1.41460991666514
2009-02, 7.93180000000003, -1.02391305661748
2009-03, 15.0164806451613, -0.321274055254464
2009-04, 25.1315166666667, 0.681907198053776
2009-05, 26.8931451612903, 0.85662063232556
2009-06, 29.82845, 1.14773603524434
2009-07, 32.9598838709678, 1.45830297229237
2009-08, 29.685235483871, 1.13353241624815
2009-09, 24.6948033333334, 0.638595179377987
2009-10, 19.3767516129033, 0.111165541093306
2009-11, 9.52225666666669, -0.866175970085422
2009-12, 3.78841290322583, -1.43484271142503
2010-01, 6.57699032258067, -1.15827932751341
2010-02, 4.74751428571431, -1.33972169308275
2010-03, 10.0198322580645, -0.816827801247191
2010-04, 17.4973133333334, -0.0752319413087203
2010-05, 22.8136225806452, 0.452024883318851
2010-06, 26.9422333333334, 0.86148906125138
2010-07, 28.1302612903226, 0.979314383111211
2010-08, 28.9064806451613, 1.05629766854624
2010-09, 26.7098533333334, 0.838442256559025
2010-10, 21.7496290322581, 0.346500950520835
2010-11, 13.1162766666667, -0.509731022153512
2010-12, 5.26501612903228, -1.28839729377608
2011-01, 1.37923548387099, -1.67377825429921
2011-02, 9.35484285714288, -0.882779607966903
2011-03, 12.9690935483871, -0.524328236117716
2011-04, 19.4937766666667, 0.122771761758585
2011-05, 26.2366806451613, 0.791514300065098
2011-06, 28.4973966666667, 1.01572585274826
2011-07, 29.762170967742, 1.1411626644222
2011-08, 32.2713290322581, 1.39001401073062
2011-09, 25.1952566666667, 0.688228754689849
2011-10, 12.4640290322581, -0.574419135765981
2011-11, 8.59019333333336, -0.958615429609644
2011-12, 0.833716129032283, -1.72788135278818
2012-01, 3.13830645161292, -1.49931846845904
2012-02, 7.58121379310347, -1.05868322547099
2012-03, 10.1295741935484, -0.805943900078164
2012-04, 18.0506633333334, -0.0203522211240461
2012-05, 24.7730387096774, 0.646354347286727
2012-06, 29.01355, 1.0669165105701
2012-07, 31.9458290322581, 1.35773182238669
2012-08, 28.038770967742, 0.970240626351784
2012-09, 24.0208866666667, 0.571757991170783
2012-10, 20.4322, 0.215841988465191
2012-11, 10.4298966666667, -0.776158749106986
2012-12, 4.19830000000002, -1.39419124458076
2013-01, 2.5760612903226, -1.55508038610031
2013-02, 5.35334285714288, -1.27963729355283
2013-03, 16.0596193548387, -0.217818447590422
2013-04, 22.22883, 0.39402677508377
2013-05, 28.3654774193549, 1.00264246722473
2013-06, 24.9090533333334, 0.659843900891616
2013-07, 28.9865967741936, 1.0642433642968
2013-08, 28.4116161290323, 1.00721837664332
2013-09, 25.30559, 0.699171309059369
2013-10, 12.5860290322581, -0.562319513713879
2013-11, 14.7373933333334, -0.348953161751632
2013-12, 2.90018064516131, -1.52293512631901
2014-01, 4.96552903225808, -1.3180995944355
2014-02, 8.57492500000002, -0.960129700615372
2014-03, 11.3527258064516, -0.684635111319584
2014-04, 16.2840366666667, -0.195561360253805
2014-05, 21.8053903225807, 0.352031200832646
2014-06, 30.49446, 1.21378906215352
2014-07, 32.3494806451613, 1.39776487121333
2014-08, 30.9374032258065, 1.2577189443076
2014-09, 26.32241, 0.800016700002137
2014-10, 18.2568935483871, 0.000101120333932125
2014-11, 11.8004733333334, -0.640228751893085
2014-12, 1.47157419354841, -1.66462035685761
2015-01, -1.28734193548385, -1.93824201615873
2015-02, 9.10791785714287, -0.907268945468667
2015-03, 11.7519451612903, -0.645041641570142
2015-04, 17.4761566666667, -0.077330200903387
2015-05, 22.3589903225807, 0.406935715324803
2015-06, 28.4665533333334, 1.01266689638629
2015-07, 29.7017451612903, 1.13516980032172
2015-08, 31.5102322580645, 1.31453054095344
2015-09, 24.2750033333334, 0.596960578251167
2015-10, 18.9667419354839, 0.070501917040202
2015-11, 3.91919333333336, -1.42187227063723
2015-12, 3.98933225806454, -1.41491608637175
2016-01, 6.14307096774196, -1.20131424714161
2016-02, 7.89785517241382, -1.02727961058811
2016-03, 16.6497483870968, -0.159291084866691
2016-04, 19.5409966666667, 0.127454910556127
2016-05, 30.7811096774194, 1.24221818312181
2016-06, 30.4161633333334, 1.20602381564036
2016-07, 29.7846967741936, 1.14339671150813
2016-08, 30.3789838709678, 1.20233645955246
2016-09, 24.575, 0.62671341664097
2016-10, 19.7397129032258, 0.147163036441218
2016-11, 10.6095966666667, -0.75833660088762
2016-12, -0.429999999999978, -1.85321321789011
2017-01, 3.5216419354839, -1.46130031703282
2017-02, 12.1631285714286, -0.604261609957292
2017-03, 14.2567096774194, -0.396626035220335
2017-04, 14.7078566666667, -0.351882526533157
2017-05, 20.4515193548387, 0.21775802856223
2017-06, 26.5473433333334, 0.822324964922247
2017-07, 30.7696419354839, 1.24108084424304
2017-08, 30.4102419354839, 1.20543654780431
2017-09, 25.7604266666667, 0.744280749732358
2017-10, 21.6577548387097, 0.337389122502169
2017-11, 11.0585833333334, -0.713807347009752
2017-12, 2.98508709677421, -1.51451433964441
2018-01, 3.12653870967745, -1.50048556050679
2018-02, 7.37754285714288, -1.07888274471788
2018-03, 14.9243548387097, -0.330410837543886
2018-04, 19.2921033333334, 0.102770359206778
2018-05, 24.9823064516129, 0.667108942246696
2018-06, 26.5966633333334, 0.827216385902654
2018-07, 31.7082903225807, 1.33417339115849
2018-08, 29.4747967741936, 1.1126616879512
2018-09, 22.85067, 0.45569914374671
2018-10, 23.1883290322581, 0.489187231228688
2018-11, 12.5896, -0.56196535502505
2018-12, 0.303332258064538, -1.7804833559131
2019-01, 2.99531612903228, -1.51349985256014
2019-02, 8.18729285714288, -0.998573982777811
2019-03, 12.2319451612903, -0.597436571201219
2019-04, 19.16777, 0.090439323618155
2019-05, 21.7584483870968, 0.347375629703553
2019-06, 28.8435066666667, 1.05005208380115
2019-07, 30.592470967742, 1.22350951843745
2019-08, 31.0050096774194, 1.26442396490432
2019-09, 25.70074, 0.738361191468286
2019-10, 20.0789161290323, 0.18080427276181
2019-11, 8.33472000000002, -0.983952567131971
2019-12, 6.02811290322583, -1.21271546953904
2020-01, -1.92236129032256, -2.00122147672691
2020-02, 5.36571034482761, -1.278410720383
2020-03, 11.8495645161291, -0.635360024369163
2020-04, 20.2254933333334, 0.195341393856047
2020-05, 22.8614096774194, 0.456764275203564
2020-06, 26.3594533333334, 0.803690555189711
2020-07, 29.9643290322581, 1.16121214126998
2020-08, 33.2300516129032, 1.48509746055538
2020-09, 23.21996, 0.492324302989501
2020-10, 16.5941096774194, -0.164809177969667
2020-11, 11.0492366666667, -0.714734323518884
2020-12, 2.41005483870971, -1.57154444612266
2021-01, 2.09717096774196, -1.60257540173666
2021-02, 8.14991071428573, -1.00228144015543
2021-03, 10.674670967742, -0.751882711966999
2021-04, 15.7213933333334, -0.25136276749534
2021-05, 21.1805387096774, 0.290060148744319
2021-06, 28.28664, 0.994823590357865
2021-07, 30.5301161290323, 1.21732533826116
2021-08, 32.5987838709678, 1.42249007456274
2021-09, 22.9940766666667, 0.469921819700962
2021-10, 16.3931483870968, -0.184739962068077
2021-11, 13.26499, -0.494982045699077
2021-12, 2.14318709677422, -1.5980116495269
2022-01, 6.96300000000002, -1.11999595697876
2022-02, 10.0704535714286, -0.811807319612055
2022-03, 15.2782322580645, -0.295314255355639
2022-04, 18.09481, -0.0159738770131777
2022-05, 25.6224322580645, 0.730594846540638
2022-06, 29.3442766666667, 1.09971706523583
2022-07, 32.1065161290323, 1.3736683235311
2022-08, 30.0332258064516, 1.16804513248597
2022-09, 25.8930566666667, 0.757434625738671
2022-10, 20.6774838709678, 0.240168563335574
2022-11, 8.48870000000002, -0.96868125726654
2022-12, 8.23425806451615, -0.993916103607195
2023-01, 0.183780645161318, -1.79234015371514
2023-02, 9.46108928571431, -0.872242381490674
2023-03, 14.0824774193549, -0.413905907940537
2023-04, 16.7733433333334, -0.147033280464948
2023-05, 22.1041064516129, 0.381657039047042
2023-06, 27.8767, 0.954166876718206
2023-07, 31.2173129032258, 1.28547961074612
2023-08, 30.6103387096774, 1.2252815915878
2023-09, 25.7881033333334, 0.747025644866203
2023-10, 20.3169741935484, 0.204414212164265
2023-11, 12.22859, -0.597769326803976
2023-12, 0.882619354838726, -1.7230312663178
2024-01, -4.78598709677417, -2.28522795178189
2024-02, 2.66865172413795, -1.545897523356
2024-03, 13.1483580645162, -0.506549277982348
2024-04, 16.9991666666667, -0.124636747810205
2024-05, 26.3827548387097, 0.806001533946255
2024-06, 32.41695, 1.40445629493175
2024-07, 32.5527, 1.41791960389546
2024-08, 31.2164161290323, 1.28539067116573
2024-09, 26.3619566666667, 0.803938828855313
2024-10, 17.2957935483871, -0.0952181153568428
2024-11, 8.55848666666669, -0.961760008980124
2024-12, 3.90209677419357, -1.42356786001413
2025-01, 3.00384193548389, -1.5126542866933
2025-02, 10.5976892857143, -0.759517541946263
2025-03, 12.8706548387097, -0.534091114661921
2025-04, 18.0637366666667, -0.0190556441380292
2025-05, 26.1025096774194, 0.778207595146723
2025-06, 33.09315, 1.47151993781397
2025-07, 32.1709806451613, 1.38006173566989
2025-08, 28.9280096774194, 1.05843285832879
2025-09, 28.1464133333334, 0.980916297994817
2025-10, 22.608035483871, 0.431635324550355
2025-11, 9.88039000000003, -0.830657298137942
2025-12, -0.248490322580626, -1.83521159087722
2026-01, 5.49306451612906, -1.26578008645262
2026-02, 6.57741071428574, -1.15823763422862
2026-03, 15.803135483871, -0.243255807436071
2026-04, 19.7270033333334, 0.145902536505621
2026-05, 26.1328258064516, 0.781214264846497
2026-06, 31.41706, 1.30528997449179
2026-07, 32.1069, 1.37370639479033
2026-08, 33.0406806451613, 1.46631617254458
2026-09, 25.9237833333334, 0.760482011423818
2026-10, 19.4415290322581, 0.11758998610727
2026-11, 14.2786833333334, -0.394446748895234
2026-12, 4.17739677419357, -1.39626436861296
2027-01, 1.84982580645164, -1.62710640967133
2027-02, 9.64344285714288, -0.854157059407588
2027-03, 12.4313193548387, -0.577663190964512
2027-04, 17.3567633333334, -0.0891713009761203
2027-05, 25.926535483871, 0.760754962090502
2027-06, 29.4366433333334, 1.10887773537418
2027-07, 33.8748806451613, 1.54904981775657
2027-08, 29.8349387096774, 1.148379567496
2027-09, 24.9226066666667, 0.661188082948002
2027-10, 18.0683290322581, -0.0186001860398243
2027-11, 11.74129, -0.646098390951427
2027-12, 0.581203225806473, -1.75292488305303
2028-01, -4.8083516129032, -2.28744600254041
2028-02, 4.15508620689657, -1.39847706887576
2028-03, 13.3094161290323, -0.490575985284907
2028-04, 15.9793166666667, -0.225782645759676
2028-05, 22.9121451612903, 0.461796079953305
2028-06, 29.04466, 1.07000191419339
2028-07, 30.0164032258065, 1.16637671553723
2028-08, 27.7146290322581, 0.938093127084638
2028-09, 24.0165566666667, 0.571328553765163
2028-10, 14.2111806451613, -0.401141478521326
2028-11, 12.2815133333334, -0.59252053720503
2028-12, 3.35465161290325, -1.47786195465237
2029-01, 7.57690000000002, -1.05911105552151
2029-02, 8.43761785714288, -0.973747442694268
2029-03, 14.3736548387097, -0.385027738069231
2029-04, 17.8341533333334, -0.0418250831773284
2029-05, 25.1166483870968, 0.68043260327213
2029-06, 30.64605, 1.22882333843941
2029-07, 31.169235483871, 1.28071142547207
2029-08, 31.3570193548387, 1.29933530962117
2029-09, 26.9384366666667, 0.861112518368389
2029-10, 14.3053, -0.39180698162513
2029-11, 11.3371, -0.686184835518958
2029-12, 4.81251935483874, -1.33327467039524
2030-01, 8.33764516129034, -0.983662457738083
2030-02, 10.9972785714286, -0.719887383477311
2030-03, 14.7653161290323, -0.346183856222168
2030-04, 15.13448, -0.309571206107415
2030-05, 26.0740225806452, 0.77538232379976
2030-06, 29.9355433333334, 1.15835725538888
2030-07, 31.4711612903226, 1.31065559060191
2030-08, 31.5035806451613, 1.3138708524111
2030-09, 24.9532233333334, 0.664224559137856
2030-10, 23.1822419354839, 0.488583529832275
2030-11, 13.7811366666667, -0.443792049058757
2030-12, 5.19630967741938, -1.29521140932573
2031-01, 2.97431290322583, -1.51558289431532
2031-02, 6.29813214285717, -1.18593570932318
2031-03, 13.966470967742, -0.425411106466123
2031-04, 18.3249866666667, 0.00685440718255649
2031-05, 20.4912677419355, 0.221700163488884
2031-06, 24.7392433333334, 0.64300261547631
2031-07, 31.0783290322581, 1.27169557541786
2031-08, 31.2759935483871, 1.29129939458403
2031-09, 26.92438, 0.859718417106263
2031-10, 20.2532677419355, 0.198095982764293
2031-11, 12.95775, -0.525453257824385
2031-12, 6.14860000000002, -1.20076589303803
2032-01, 3.73966774193551, -1.43967712149455
2032-02, 7.28336206896555, -1.08822333440243
2032-03, 10.7750225806452, -0.741930116979724
2032-04, 18.1482366666667, -0.0106751682084999
2032-05, 21.4630096774194, 0.318074836862102
2032-06, 25.90751, 0.758868067301999
2032-07, 27.9725032258065, 0.963668375272556
2032-08, 30.866170967742, 1.25065432627073
2032-09, 28.4749566666667, 1.01350031570851
2032-10, 18.4723967741936, 0.0214741333115329
2032-11, 13.6372933333334, -0.458058032403408
2032-12, 6.61373225806454, -1.15463536412966
2033-01, -1.03746129032256, -1.9134595459572
2033-02, 9.0792535714286, -0.910111789923881
2033-03, 14.8535516129033, -0.337432905349845
2033-04, 21.7808566666667, 0.349598020798911
2033-05, 26.0811387096774, 0.776088081765036
2033-06, 30.9392733333334, 1.2579044163918
2033-07, 31.969535483871, 1.36008296258926
2033-08, 29.5257516129032, 1.11771524770621
2033-09, 25.30377, 0.698990806500887
2033-10, 16.3980774193549, -0.184251114302457
2033-11, 6.32740333333336, -1.18303267373484
2033-12, 9.3100677419355, -0.887220279863203
2034-01, 7.83475161290325, -1.03353804681943
2034-02, 7.47457857142859, -1.06925901137024
2034-03, 14.9656129032258, -0.326318976992689
2034-04, 18.41778, 0.0160573929390121
2034-05, 26.5844064516129, 0.82600078232597
2034-06, 28.8650433333334, 1.05218803074319
2034-07, 30.9441322580645, 1.25838631108709
2034-08, 32.899770967742, 1.45234114106706
2034-09, 25.4022133333334, 0.708754143606487
2034-10, 20.3361935483871, 0.20632033453831
2034-11, 10.8675433333334, -0.732754165016584
2034-12, 4.57408064516132, -1.35692236113038
2035-01, 3.71299354838712, -1.44232259412144
2035-02, 9.41957500000003, -0.876359653350557
2035-03, 8.42554516129034, -0.974944779226774
2035-04, 18.35542, 0.00987270088024939
2035-05, 26.1234161290323, 0.780281039105466
2035-06, 31.8471666666667, 1.34794676226848
2035-07, 32.0815419354839, 1.3711914521951
2035-08, 27.854070967742, 0.951922591982742
2035-09, 18.9966733333334, 0.0734704301670058
2035-10, 18.8380774193549, 0.0577413267395678
2035-11, 12.28519, -0.592155895589641
2035-12, 4.60981935483873, -1.35337789490312
2036-01, 9.47400967741937, -0.870960972831688
2036-02, 10.2944482758621, -0.789592145306174
2036-03, 15.5354032258065, -0.269808751155219
2036-04, 17.8533666666667, -0.0399195579995089
2036-05, 26.1639516129032, 0.784301236109867
2036-06, 35.0100533333334, 1.66163310046764
2036-07, 32.2240290322581, 1.38532292775468
2036-08, 31.2927935483871, 1.29296557204694
2036-09, 23.8006533333334, 0.549915859231378
2036-10, 13.6626870967742, -0.455539549287718
2036-11, 10.85867, -0.733634197636883
2036-12, 4.45361935483873, -1.368869378219
2037-01, 5.09695161290325, -1.30506546693617
2037-02, 10.4814642857143, -0.771044415495488
2037-03, 14.5450741935484, -0.36802684129904
2037-04, 19.92086, 0.165128703710097
2037-05, 23.4334838709678, 0.51350100903714
2037-06, 31.7148866666667, 1.33482759829264
2037-07, 31.713264516129, 1.33466671789578
2037-08, 30.5907193548387, 1.22333579832178
2037-09, 25.6033566666667, 0.728702982226427
2037-10, 18.6530258064516, 0.039388420376767
2037-11, 13.3288133333334, -0.488652224293836
2037-12, 7.42243548387099, -1.07443041835447
2038-01, 4.79775161290325, -1.3347392941328
2038-02, 9.2914785714286, -0.889063902300871
2038-03, 14.9823774193549, -0.3246563187218
2038-04, 17.18122, -0.106581202509728
2038-05, 23.2497774193549, 0.495281512044938
2038-06, 31.3582133333334, 1.29945372510087
2038-07, 31.3921096774194, 1.30281547061225
2038-08, 31.2456290322581, 1.28828792598603
2038-09, 24.9077166666667, 0.659711333994266
2038-10, 16.263, -0.197647718580879
2038-11, 11.01594, -0.718036594684965
2038-12, 7.9851548387097, -1.01862147151062
2039-01, 7.98509354838712, -1.01862755011503
2039-02, 8.94842857142859, -0.923086651030162
2039-03, 14.544035483871, -0.368129857647552
2039-04, 19.3680633333334, 0.11030386159266
2039-05, 22.5846677419355, 0.42931777663535
2039-06, 26.83193, 0.850549482198748
2039-07, 30.1136387096774, 1.17602026147896
2039-08, 32.3793741935484, 1.4007296305353
2039-09, 29.3798666666667, 1.10324678284922
2039-10, 22.9829838709678, 0.468821666951307
2039-11, 16.3398066666667, -0.190030246140315
2039-12, 9.24685161290325, -0.893489880427851
2040-01, 3.0545612903226, -1.50762408157629
2040-02, 10.6806620689655, -0.75128853114339
2040-03, 19.9645935483871, 0.169466075894369
2040-04, 25.04972, 0.673794831235835
2040-05, 30.8146258064516, 1.24554221995738
2040-06, 33.28139, 1.49018905957699
2040-07, 32.7033258064516, 1.4328582541361
2040-08, 30.7477161290323, 1.23890630349507
2040-09, 24.5237333333334, 0.621628930652963
2040-10, 18.7914225806452, 0.0531142290732636
2040-11, 13.3085233333334, -0.490664530289222
2040-12, 4.47416451612905, -1.36683176603366
2041-01, 3.35956451612906, -1.47737470651949
2041-02, 11.0740464285714, -0.712273760057823
2041-03, 12.0206, -0.61839719885821
2041-04, 17.6370266666667, -0.0613755599237024
2041-05, 24.8248032258065, 0.651488208605351
2041-06, 31.0910466666667, 1.27295687516983
2041-07, 34.2388677419355, 1.58514904974681
2041-08, 32.8867677419355, 1.45105151715135
2041-09, 25.9312366666667, 0.761221212377599
2041-10, 14.9774838709678, -0.325141647295386
2041-11, 11.55297, -0.664775446892834
2041-12, 5.91492580645164, -1.22394105226152
2042-01, 6.1613612903226, -1.19950026361344
2042-02, 11.7982535714286, -0.640448901729919
2042-03, 18.6015322580645, 0.0342814328881974
2042-04, 17.86259, -0.0390048133487427
2042-05, 23.3829225806452, 0.508486480320993
2042-06, 28.4507566666667, 1.01110022674408
2042-07, 30.4216064516129, 1.20656364903354
2042-08, 31.4017258064516, 1.30376917165237
2042-09, 22.6261333333334, 0.433430219127821
2042-10, 15.3552741935484, -0.287673449605496
2042-11, 10.4728033333334, -0.771903384761227
2042-12, 1.78600645161292, -1.63343583650049
2043-01, 2.77962580645164, -1.53489142127752
2043-02, 8.35849642857145, -0.981594486808503
2043-03, 14.6413322580645, -0.358480233101404
2043-04, 19.85035, 0.158135717227362
2043-05, 27.0515774193549, 0.872333504812795
2043-06, 29.31828, 1.09713878784827
2043-07, 31.4512064516129, 1.30867652497488
2043-08, 30.6542193548387, 1.22963355242267
2043-09, 26.0169066666667, 0.769717725666153
2043-10, 24.1397806451613, 0.583549566613859
2043-11, 12.6375, -0.557214765711151
2043-12, 1.74479677419357, -1.63752289815346
2044-01, 7.60468064516131, -1.0563558480886
2044-02, 8.1979206896552, -0.997519943789023
2044-03, 15.3744935483871, -0.28576732723145
2044-04, 14.2405866666667, -0.398225070765004
2044-05, 23.4352032258065, 0.513671529887318
2044-06, 31.8519266666667, 1.34841884588297
2044-07, 32.983870967742, 1.46068194610462
2044-08, 32.3504774193549, 1.39786372851672
2044-09, 26.4356266666667, 0.811245215384643
2044-10, 21.900435483871, 0.361457516648167
2044-11, 9.27286333333335, -0.890910110049743
2044-12, 5.52101935483873, -1.26300760298611
2045-01, 4.6337483870968, -1.35100467976873
2045-02, 8.1611785714286, -1.00116392529669
2045-03, 13.7544645161291, -0.446437319065493
2045-04, 14.7955066666667, -0.343189642329332
2045-05, 19.8500064516129, 0.158101645049981
2045-06, 25.2348433333334, 0.692154850632223
2045-07, 31.9145838709678, 1.35463301384104
2045-08, 31.9693838709678, 1.36006792604149
2045-09, 23.38487, 0.508679619978124
2045-10, 20.6730225806452, 0.239726104919442
2045-11, 11.9592733333334, -0.624479407779367
2045-12, 4.79708064516131, -1.33480583885482
2046-01, 0.668654838709699, -1.74425167433192
2046-02, 8.04072857142859, -1.01310982264239
2046-03, 14.1970774193549, -0.402540197389956
2046-04, 20.79962, 0.252281686288003
2046-05, 22.2674096774194, 0.397853000622022
2046-06, 28.4892266666667, 1.01491557477969
2046-07, 30.7507064516129, 1.23920287540523
2046-08, 32.9432806451613, 1.45665631034889
2046-09, 27.6823433333334, 0.934891120898763
2046-10, 17.8099677419355, -0.0442237431365183
2046-11, 7.79261666666669, -1.03771687407064
2046-12, 2.19727419354841, -1.5926474410936
2047-01, 1.11537096774196, -1.6999476060871
2047-02, 10.7669392857143, -0.742731795779721
2047-03, 14.2561870967742, -0.396677863321144
2047-04, 19.9455433333334, 0.167576728335672
2047-05, 21.8136290322581, 0.352848293236691
2047-06, 26.3217133333334, 0.799947606531955
2047-07, 30.5193483870968, 1.21625742344334
2047-08, 33.3031935483871, 1.49235147510878
2047-09, 25.70723, 0.739004851690566
2047-10, 19.2884580645162, 0.102408831543119
2047-11, 11.6897, -0.651214944243787
2047-12, 8.40631290322583, -0.976852181307012
2048-01, 5.58349677419357, -1.25681126560099
2048-02, 4.34183793103451, -1.37995555019012
2048-03, 15.9805, -0.225665286037589
2048-04, 17.35838, -0.0890109644543983
2048-05, 23.7266096774194, 0.542572414543548
2048-06, 30.9269233333334, 1.2566795776021
2048-07, 31.4987516129032, 1.31339192236847
2048-08, 32.0227161290323, 1.36535727166252
2048-09, 28.1523, 0.981500121288363
2048-10, 21.1371935483871, 0.28576129571645
2048-11, 11.8910566666667, -0.631244947814787
2048-12, 3.01079032258067, -1.51196516490852
2049-01, 2.90819677419356, -1.52214010884679
2049-02, 9.68530357142859, -0.85000542972162
2049-03, 11.2306064516129, -0.696746570653967
2049-04, 15.8696933333334, -0.236654784295942
2049-05, 20.4580935483871, 0.218410038867418
2049-06, 30.94834, 1.25880362327654
2049-07, 31.0863838709678, 1.27249443200866
2049-08, 29.8740935483871, 1.15226283593779
2049-09, 24.19153, 0.588681924277698
2049-10, 17.8709838709678, -0.0381723324777223
2049-11, 11.1998733333334, -0.6997945961922
2049-12, 5.64933225806454, -1.25028188467922
2050-01, 7.76774516129034, -1.04018356107819
2050-02, 11.6622571428572, -0.653936650796718
2050-03, 15.4283032258065, -0.280430632481285
2050-04, 17.80435, -0.0447808952201722
2050-05, 26.5384419354839, 0.821442148940982
2050-06, 31.6019133333334, 1.32362321603609
2050-07, 36.4387903225807, 1.80333127736722
2050-08, 31.0888741935484, 1.27274141530385
2050-09, 25.0596633333334, 0.674780983492165
2050-10, 20.9129870967742, 0.26352512091187
2050-11, 14.4905466666667, -0.373434730370387
2050-12, 2.49886774193551, -1.56273622839822
2051-01, 3.28565161290325, -1.4847051835179
2051-02, 4.80356785714288, -1.33416245514049
2051-03, 14.0776161290323, -0.414388037248643
2051-04, 17.4023066666667, -0.0846544393341057
2051-05, 23.0703387096774, 0.477485277875967
2051-06, 28.46411, 1.01242457335447
2051-07, 29.4952161290323, 1.11468682300116
2051-08, 29.4001419354839, 1.1052576278467
2051-09, 23.44029, 0.514176022061136
2051-10, 19.8034741935484, 0.153486704592511
2051-11, 13.17347, -0.504058745782751
2051-12, 5.96149032258067, -1.21932291253856
2052-01, 1.77561290322583, -1.63446663983872
2052-02, 11.684251724138, -0.651755289151703
2052-03, 13.8984419354839, -0.432158037440657
2052-04, 15.8245066666667, -0.241136272725953
2052-05, 23.0398161290323, 0.47445813287711
2052-06, 32.4511033333334, 1.40784352792482
2052-07, 33.5016838709678, 1.51203719547129
2052-08, 30.5267225806452, 1.21698877553248
2052-09, 27.74585, 0.941189536181178
2052-10, 21.6667032258065, 0.338276598746818
2052-11, 13.83033, -0.438913190527479
2052-12, 8.25144516129034, -0.992211534958502
2053-01, 9.07142580645164, -0.91088812597088
2053-02, 10.7272642857143, -0.746666652377402
2053-03, 13.4021290322581, -0.481380976363717
2053-04, 15.3699, -0.286222902636057
2053-05, 23.2617322580645, 0.496467159832479
2053-06, 30.14062, 1.17869619111323
2053-07, 31.3172387096774, 1.29538997542903
2053-08, 31.5047129032258, 1.31398314662951
2053-09, 25.6119133333334, 0.72955160872391
2053-10, 24.0787612903226, 0.57749783602852
2053-11, 8.97914000000003, -0.920040776617092
2053-12, 6.52367419354841, -1.1635670735017
2054-01, -5.35096774193546, -2.34126116713602
2054-02, 2.21669642857145, -1.59072119762486
2054-03, 16.0079, -0.222947829937363
2054-04, 19.33838, 0.107359950817409
2054-05, 28.0436419354839, 0.97072371543953
2054-06, 33.0922733333334, 1.4714329924424
2054-07, 30.6806870967742, 1.23225854975047
2054-08, 33.2522870967742, 1.48730271425198
2054-09, 28.8367966666667, 1.04938660458828
2054-10, 20.313270967742, 0.204046936486962
2054-11, 11.6592866666667, -0.654231254396881
2054-12, 7.09564516129034, -1.10684057731767
2055-01, 4.3292419354839, -1.38120478613711
2055-02, 3.16933571428574, -1.49624107214022
2055-03, 14.5555419354839, -0.3669886796502
2055-04, 20.5760133333334, 0.230104996492953
2055-05, 28.8806645161291, 1.05373729638118
2055-06, 33.3496933333334, 1.49696319497234
2055-07, 33.4365548387097, 1.50557787846356
2055-08, 33.0810258064516, 1.47031749388264
2055-09, 28.4026266666667, 1.00632682666729
2055-10, 22.9695548387097, 0.467489812731238
2055-11, 13.7295266666667, -0.448910585895716
2055-12, 2.31409354838712, -1.58106162107787
2056-01, 6.89747096774196, -1.12649494487845
2056-02, 7.47835862068967, -1.06888411655551
2056-03, 10.5636451612903, -0.762893943902206
2056-04, 19.16441, 0.0901060881255725
2056-05, 26.2251806451613, 0.790373761920842
2056-06, 29.1357366666667, 1.07903464570513
2056-07, 34.0201516129032, 1.56345738992723
2056-08, 34.3356193548387, 1.59474460670632
2056-09, 21.28927, 0.300843816925801
2056-10, 15.5715903225807, -0.266219815137755
2056-11, 12.1059033333334, -0.60993705055396
2056-12, 5.18863870967744, -1.2959721946573
2057-01, 3.73068709677422, -1.44056779700468
2057-02, 9.75866785714288, -0.842729363088298
2057-03, 15.7585516129033, -0.247677512258438
2057-04, 20.7655166666667, 0.248899412156447
2057-05, 23.6957903225807, 0.539515836302254
2057-06, 29.3415533333334, 1.09944697257964
2057-07, 34.3007516129032, 1.59128652064706
2057-08, 33.5447967741936, 1.51631301378769
2057-09, 22.47405, 0.418347015408494
2057-10, 22.0013516129033, 0.37146609878138
2057-11, 8.27536333333336, -0.98983939691016
2057-12, 0.707548387096797, -1.74039431994053
2058-01, 5.8835483870968, -1.22705297779565
2058-02, 7.36675714285716, -1.07995244198362
2058-03, 14.0280096774194, -0.419307867706528
2058-04, 22.2065633333334, 0.391818428763885
2058-05, 28.4622, 1.0122351448453
2058-06, 35.3010033333334, 1.6904887155173
2058-07, 28.9771290322581, 1.0633043798779
2058-08, 30.6667645161291, 1.23087774676854
2058-09, 24.2111833333334, 0.590631087436698
2058-10, 20.1924645161291, 0.192065687257687
2058-11, 10.9031966666667, -0.729218166178629
2058-12, 8.7555483870968, -0.94221597342159
2059-01, 1.16175161290324, -1.69534770217739
2059-02, 7.50701785714288, -1.06604177287202
2059-03, 14.6630193548387, -0.356329366918001
2059-04, 16.32173, -0.191823039866782
2059-05, 23.0004161290323, 0.470550550017661
2059-06, 28.51571, 1.01754211841913
2059-07, 29.9764677419355, 1.16241602487078
2059-08, 31.7359483870968, 1.33691644138257
2059-09, 25.5966166666667, 0.728034527696664
2059-10, 14.3853419354839, -0.383868644185181
2059-11, 7.26569000000002, -1.08997600124966
2059-12, 7.69348387096777, -1.0475485901438
2060-01, -1.1343516129032, -1.92306885975828
2060-02, 1.8217931034483, -1.6298866155028
2060-03, 11.9396, -0.626430554482966
2060-04, 19.1302166666667, 0.086714888043323
2060-05, 23.5269774193549, 0.522773440182991
2060-06, 28.6850166666667, 1.03433348462871
2060-07, 32.5458580645162, 1.41724103968679
2060-08, 35.4050161290323, 1.70080441647254
2060-09, 28.2866633333334, 0.994825904493237
2060-10, 17.6694967741936, -0.0581552646034844
2060-11, 13.27582, -0.493907956298878
2060-12, 6.27233225806454, -1.18849447042956
2061-01, 6.78011290322584, -1.13813419262772
2061-02, 8.49716428571431, -0.967841792856016
2061-03, 14.2390096774194, -0.398381472190189
2061-04, 19.3330133333334, 0.10682769968343
2061-05, 25.5481935483871, 0.723232056960866
2061-06, 30.1733866666667, 1.18194589834745
2061-07, 32.4015483870968, 1.40292880562748
2061-08, 32.5538612903226, 1.41803477745281
2061-09, 24.27445, 0.596905700183929
2061-10, 21.2101483870968, 0.292996754530052
2061-11, 10.59243, -0.760039143334845
2061-12, 7.50813870967744, -1.06593060982247
2062-01, 1.78069677419357, -1.63396243559879
2062-02, 6.30299642857145, -1.18545328294042
2062-03, 16.9163032258065, -0.132854914337623
2062-04, 19.2254133333334, 0.0961562297423961
2062-05, 23.6144129032258, 0.531445049271355
2062-06, 32.70975, 1.4334953878568
2062-07, 36.3827225806452, 1.79777063403334
2062-08, 31.9068290322581, 1.35386391041922
2062-09, 27.5689533333334, 0.923645414796404
2062-10, 19.6424451612903, 0.137516291233998
2062-11, 13.6347433333334, -0.458310934339743
2062-12, 7.00842903225809, -1.11549043140077
2063-01, 9.33828064516131, -0.884422202272835
2063-02, 10.9321214285715, -0.726349488416374
2063-03, 17.7268645161291, -0.0524656908706808
2063-04, 17.72711, -0.0524413444603714
2063-05, 25.8380838709678, 0.751982576139458
2063-06, 32.5878533333333, 1.42140601411845
2063-07, 34.2577806451613, 1.58702477909878
2063-08, 28.6641870967742, 1.03226766558603
2063-09, 23.16491, 0.486864596481565
2063-10, 20.1877967741936, 0.191602753542471
2063-11, 11.5555666666667, -0.664517916685766
2063-12, 8.48262903225809, -0.969283359030211
2064-01, 2.21220000000002, -1.59116714095518
2064-02, 10.5171206896552, -0.767508112123177
2064-03, 17.0987387096774, -0.11476146840541
2064-04, 17.2246433333334, -0.102274596595166
2064-05, 25.2735322580645, 0.695991911016227
2064-06, 28.22949, 0.989155611667065
2064-07, 34.3259548387097, 1.59378610676798
2064-08, 33.1278774193549, 1.47496410706839
2064-09, 26.26468, 0.794291198517974
2064-10, 21.7625258064516, 0.347780016860446
2064-11, 12.4187933333334, -0.578905487079518
2064-12, 4.65008709677421, -1.34938425180221
2065-01, 5.97084516129035, -1.21839512554885
2065-02, 11.1677678571429, -0.702978728386526
2065-03, 12.7588838709678, -0.545176249629746
2065-04, 22.2773466666667, 0.398838523689466
2065-05, 24.3596645161291, 0.605357039843887
2065-06, 29.7079, 1.13578022017565
2065-07, 31.9446161290323, 1.35761153000458
2065-08, 30.9119483870968, 1.25519440391592
2065-09, 26.1699666666667, 0.784897792480043
2065-10, 23.6991419354839, 0.539848239985809
2065-11, 17.16491, -0.108198783129972
2065-12, 8.6845483870968, -0.949257556746993
2066-01, 6.08124193548389, -1.20744627929054
2066-02, 7.14528214285717, -1.10191771898353
2066-03, 17.5215903225807, -0.072824216764005
2066-04, 17.4457433333334, -0.0803465110564813
2066-05, 29.3170387096774, 1.09701568011253
2066-06, 32.8380466666667, 1.44621949586673
2066-07, 31.1560806451613, 1.2794067650086
2066-08, 32.6025645161291, 1.42286502847721
2066-09, 24.79669, 0.648700016745318
2066-10, 17.0040645161291, -0.124150992667884
2066-11, 9.09865000000002, -0.90818810586753
2066-12, 5.74999354838712, -1.24029857674332
2067-01, 7.09050967741938, -1.10734990038237
2067-02, 9.65712142857145, -0.852800456583831
2067-03, 16.7301612903226, -0.151315955873704
2067-04, 16.3395566666667, -0.190055040447799
2067-05, 25.9257419354839, 0.76067626015965
2067-06, 31.70037, 1.33338787550475
2067-07, 31.5205419354839, 1.31555302620142
2067-08, 33.2606225806452, 1.48812940445247
2067-09, 23.9697166666667, 0.566683092314995
2067-10, 17.7769258064516, -0.0475007507695107
2067-11, 6.51694666666669, -1.16423429098215
2067-12, 7.89871612903228, -1.0271942232956
2068-01, 8.24264838709679, -0.993083974655384
2068-02, 5.15404827586209, -1.29940277806537
2068-03, 16.5168129032258, -0.172475257917119
2068-04, 23.8418866666667, 0.554005267012372
2068-05, 20.8841, 0.260660178672933
2068-06, 26.6859466666667, 0.836071259582036
2068-07, 30.4966967741936, 1.21401089922203
2068-08, 32.5711483870968, 1.4197492638245
2068-09, 24.8343233333334, 0.652432386498554
2068-10, 19.4813193548387, 0.121536280079044
2068-11, 10.1904466666667, -0.799906736814983
2068-12, 6.22454516129035, -1.19323386231427
2069-01, 5.74120000000002, -1.24117069651366
2069-02, 7.88219285714288, -1.02883295563106
2069-03, 11.7432580645161, -0.645903203764386
2069-04, 17.4503733333334, -0.0798873204818812
2069-05, 23.7484161290323, 0.544735118009233
2069-06, 34.72615, 1.63347635429825
2069-07, 33.3687161290323, 1.49884982315538
2069-08, 31.1583741935484, 1.27963423278435
2069-09, 24.6587866666667, 0.635023146146482
2069-10, 17.6485096774194, -0.0602367067259327
2069-11, 12.5310833333334, -0.567768875930088
2069-12, 5.15430967741938, -1.29937685298301
2070-01, 2.03805806451615, -1.60843805573203
2070-02, 5.35327500000002, -1.27964402343629
2070-03, 12.7967387096774, -0.541421911586882
2070-04, 12.5505533333334, -0.565837895263248
2070-05, 21.0513225806452, 0.277244851003949
2070-06, 27.03184, 0.870376002235105
2070-07, 28.384770967742, 1.00455594790938
2070-08, 28.8564483870968, 1.051335607784
2070-09, 23.7662666666667, 0.546505484884667
2070-10, 16.9478645161291, -0.129724752990245
2070-11, 10.3084833333334, -0.788200187184188
2070-12, 3.72736774193551, -1.44089700142276
2071-01, 1.9766419354839, -1.61452913728279
2071-02, 10.6752142857143, -0.751828827195532
2071-03, 15.2513193548387, -0.29798340254709
2071-04, 15.5549133333334, -0.267873792734962
2071-05, 22.7802870967742, 0.448718762369974
2071-06, 31.5546033333334, 1.31893114128786
2071-07, 33.6173548387097, 1.52350912163586
2071-08, 33.5337193548387, 1.51521438602124
2071-09, 22.8738233333334, 0.457995427210484
2071-10, 20.2120161290323, 0.194004762066193
2071-11, 6.34993000000003, -1.18079854133517
2071-12, 1.75193870967744, -1.6368145807758
2072-01, 7.61350322580648, -1.05548084897933
2072-02, 8.49596896551726, -0.967960341402045
2072-03, 13.8492193548387, -0.437039796639313
2072-04, 18.9575066666667, 0.0695859886612047
2072-05, 27.3924387096774, 0.906139183379138
2072-06, 30.5277633333334, 1.21709199450114
2072-07, 33.1669258064516, 1.47883681793408
2072-08, 31.3352580645162, 1.29717708512716
2072-09, 29.4476433333334, 1.10996868490347
2072-10, 18.0306838709678, -0.0223337288570621
2072-11, 10.01796, -0.817013486615752
2072-12, 2.37258064516131, -1.57526103283285
2073-01, 3.69171290322583, -1.44443314955977
2073-02, 5.03387500000002, -1.31132123067761
2073-03, 15.6112548387097, -0.262285998301358
2073-04, 16.0477866666667, -0.218991980826009
2073-05, 23.3067580645161, 0.500932694591949
2073-06, 29.97, 1.16177457214168
2073-07, 30.3332935483871, 1.19780501992406
2073-08, 31.0201129032258, 1.26592186100288
2073-09, 25.7285866666667, 0.74112294673122
2073-10, 19.4587193548387, 0.119294874682507
2073-11, 12.1370533333334, -0.606847679841477
2073-12, 0.624509677419377, -1.74862986914374
2074-01, 2.21459032258067, -1.59093007538298
2074-02, 9.87198571428573, -0.831490811914671
2074-03, 17.7155161290323, -0.0535911924671747
2074-04, 18.6150233333334, 0.0356194403622152
2074-05, 27.6533225806452, 0.932012923036511
2074-06, 31.3797733333334, 1.30159198617828
2074-07, 30.1406322580645, 1.17869740683411
2074-08, 35.4274870967742, 1.70303302480715
2074-09, 29.1479433333334, 1.08024526909187
2074-10, 23.2825806451613, 0.498534845113357
2074-11, 14.2655333333334, -0.395750929468883
2074-12, 1.27735806451615, -1.68388217454378
2075-01, 3.25463870967745, -1.48778095735209
2075-02, 7.2226785714286, -1.09424175559093
2075-03, 10.6981451612903, -0.749554606475914
2075-04, 18.9613633333334, 0.0699684821779916
2075-05, 31.6761548387097, 1.33098628288554
2075-06, 28.7061366666667, 1.03642810772494
2075-07, 33.3791580645162, 1.49988542539183
2075-08, 32.6425322580645, 1.42682891840913
2075-09, 27.1921466666667, 0.886274773375263
2075-10, 19.9482580645162, 0.167845967854401
2075-11, 11.8940533333334, -0.630947746715744
2075-12, 5.15531612903228, -1.29927703589998
2076-01, 5.07913548387099, -1.30683242126176
2076-02, 10.8189724137931, -0.737571294271999
2076-03, 15.1902935483871, -0.304035772985525
2076-04, 15.6407, -0.259365708769589
2076-05, 23.1067903225807, 0.481100447870388
2076-06, 23.98102, 0.567804125604027
2076-07, 32.4941516129033, 1.41211293704604
2076-08, 30.4209967741936, 1.20650318291594
2076-09, 24.4652266666667, 0.615826401520214
2076-10, 19.0218612903226, 0.075968501968923
2076-11, 10.28869, -0.79016323515538
2076-12, 7.6880612903226, -1.04808638667128
2077-01, -1.24023548387095, -1.93357012877568
2077-02, 5.82325714285716, -1.23303249638868
2077-03, 12.4526806451613, -0.575544637362474
2077-04, 18.92436, 0.0662985940796142
2077-05, 29.5751612903226, 1.12261556264466
2077-06, 31.4075966666667, 1.30435142730584
2077-07, 34.4181258064516, 1.60292736802907
2077-08, 34.0997967741936, 1.57135637640176
2077-09, 26.47837, 0.815484380782839
2077-10, 20.3636870967742, 0.209047068508434
2077-11, 15.8961866666667, -0.234027248884194
2077-12, 8.77748064516131, -0.940040792820527
2078-01, 7.60139354838712, -1.05668185324119
2078-02, 11.2835107142857, -0.691499672430311
2078-03, 18.9199548387097, 0.0658617023854242
2078-04, 23.8652766666667, 0.556325022420557
2078-05, 28.6842806451613, 1.03426048805463
2078-06, 31.19206, 1.28297509775636
2078-07, 32.2775193548387, 1.39062794977657
2078-08, 33.0784258064516, 1.47005963308481
2078-09, 24.5020833333334, 0.619481743624865
2078-10, 17.8534741935484, -0.0399088937812384
2078-11, 8.89900333333336, -0.927988509233337
2078-12, 1.11984838709679, -1.69950354803823
2079-01, 2.07028387096777, -1.60524198951573
2079-02, 2.80869642857145, -1.53200827750319
2079-03, 12.1357612903226, -0.606975821088245
2079-04, 13.24187, -0.49727502325518
2079-05, 23.2154838709678, 0.491880372911255
2079-06, 30.7395033333334, 1.23809178116763
2079-07, 31.5602548387097, 1.31949164193604
2079-08, 29.445535483871, 1.10975963423267
2079-09, 25.3112933333334, 0.699736949860773
2079-10, 15.9929838709678, -0.224427170296134
2079-11, 11.91831, -0.628542037708288
2079-12, 8.35774838709679, -0.981668675489836
2080-01, 1.35271935483873, -1.67640805052524
2080-02, 5.83948965517244, -1.23142260078236
2080-03, 13.2420935483871, -0.497252852345391
2080-04, 18.2585633333334, 0.000266724979493539
2080-05, 27.1407677419355, 0.881179153943371
2080-06, 31.9271733333334, 1.35588160184484
2080-07, 33.4405774193549, 1.50597682686915
2080-08, 33.8569935483871, 1.54727582504692
2080-09, 26.3848166666667, 0.806206020331633
2080-10, 17.598670967742, -0.0651795718952849
2080-11, 11.34157, -0.685741513301147
2080-12, 6.18600967741938, -1.19705570485881
2081-01, 8.36629677419357, -0.980820870137163
2081-02, 10.1513892857143, -0.803780339666368
2081-03, 9.91091612903228, -0.827629801219877
2081-04, 19.07049, 0.0807913626900531
2081-05, 24.8316032258065, 0.65216261376891
2081-06, 31.78367, 1.34164933875835
2081-07, 34.5264, 1.61366570261868
2081-08, 30.8458612903226, 1.24864006872339
2081-09, 22.2353733333334, 0.39467572475832
2081-10, 22.7865870967742, 0.449343578918566
2081-11, 14.3848333333334, -0.383919085937606
2081-12, 0.78987419354841, -1.73222947450448
2082-01, 5.16031290322583, -1.29878146967685
2082-02, 6.99281428571431, -1.11703905870912
2082-03, 14.7192645161291, -0.350751127623958
2082-04, 15.9925033333334, -0.224474828687593
2082-05, 23.5727645161291, 0.527314477607834
2082-06, 30.1621566666667, 1.18083213805527
2082-07, 31.3001967741936, 1.29369980347501
2082-08, 31.6900290322581, 1.33236228696926
2082-09, 24.11085, 0.580680305366521
2082-10, 17.5686419354839, -0.0681577681322796
2082-11, 10.99459, -0.720154028544083
2082-12, 5.62839354838712, -1.25235852790345
2083-01, 6.04383225806454, -1.21115646746977
2083-02, 10.0677035714286, -0.812080056994377
2083-03, 15.4369096774194, -0.279577068450745
2083-04, 14.0977066666667, -0.412395513378153
2083-05, 28.0263161290323, 0.969005389949265
2083-06, 28.3209766666667, 0.998229005843078
2083-07, 29.7039387096774, 1.13538735037448
2083-08, 33.4997387096774, 1.51184427976273
2083-09, 26.5934533333334, 0.826898026994561
2083-10, 19.6666645161291, 0.139918299757729
2083-11, 11.8584833333334, -0.634475480784541
2083-12, 0.709632258064538, -1.74018764739041
2084-01, 4.25488064516131, -1.38857973292572
2084-02, 10.1625241379311, -0.802676015867767
2084-03, 13.5729774193549, -0.46443670659255
2084-04, 19.90008, 0.163067800872042
2084-05, 27.2071967741936, 0.887767401350009
2084-06, 31.2043, 1.28418902705076
2084-07, 31.3558580645161, 1.29922013606382
2084-08, 34.1658225806452, 1.57790463298987
2084-09, 26.1748866666667, 0.785385744451324
2084-10, 19.3802451612903, 0.111512021544974
2084-11, 10.1431533333334, -0.804597158609384
2084-12, 6.78484193548389, -1.1376651803081
2085-01, 6.64024516129035, -1.15200588783019
2085-02, 9.35341785714288, -0.88292093551956
2085-03, 12.4364193548387, -0.577157387091843
2085-04, 20.93122, 0.265333409747482
2085-05, 31.7728225806452, 1.3405735217548
2085-06, 33.3427166666667, 1.49627126849815
2085-07, 33.196435483871, 1.48176350599682
2085-08, 31.160670967742, 1.27986202048666
2085-09, 26.3328733333334, 0.801054424418032
2085-10, 19.5047129032258, 0.123856387406433
2085-11, 7.56535000000002, -1.06025655252726
2085-12, 6.62815161290325, -1.15320529245931
2086-01, 5.47482580645163, -1.26758895115602
2086-02, 10.1929071428572, -0.799662713602087
2086-03, 7.54230322580647, -1.06254226775072
2086-04, 16.81784, -0.142620224323602
2086-05, 25.085135483871, 0.677307240822978
2086-06, 33.1053433333334, 1.47272923883766
2086-07, 33.3245645161291, 1.49447098849047
2086-08, 34.5156258064516, 1.61259714794776
2086-09, 26.3129566666667, 0.799079144588485
2086-10, 18.1737193548387, -0.00814786578429723
2086-11, 10.2449433333334, -0.794501908374274
2086-12, 1.47145806451615, -1.66463187421335
2087-01, -1.16186129032256, -1.92579719336115
2087-02, 4.53769642857145, -1.36053084694513
2087-03, 14.6956064516129, -0.353097468928304
2087-04, 16.7849366666667, -0.145883485779235
2087-05, 22.6620451612903, 0.436991854746498
2087-06, 26.02708, 0.770726688685357
2087-07, 30.1287806451613, 1.17752199669611
2087-08, 32.2592032258065, 1.38881140683602
2087-09, 24.8511866666667, 0.654104845186026
2087-10, 19.8917645161291, 0.162243094216155
2087-11, 9.92285000000002, -0.826446232954892
2087-12, -0.560335483870943, -1.8661395301427
2088-01, 6.7568483870968, -1.14044150289319
2088-02, 10.5166586206897, -0.767553938843214
2088-03, 12.0683, -0.613666444990299
2088-04, 17.7521266666667, -0.0499602607581543
2088-05, 26.5135903225807, 0.818977434813819
2088-06, 27.3181833333334, 0.89877474084554
2088-07, 30.8008, 1.24417101477189
2088-08, 32.5360387096774, 1.41626718327412
2088-09, 28.3290233333334, 0.999027051953294
2088-10, 17.6870741935484, -0.0564119848424649
2088-11, 11.32418, -0.687466205329721
2088-12, 6.76616451612905, -1.13951755502205
2089-01, 9.75312258064518, -0.843279328250565
2089-02, 13.9478857142857, -0.427254340421563
2089-03, 16.3599322580645, -0.188034245734673
2089-04, 18.9027166666667, 0.064152068233052
2089-05, 25.1087548387097, 0.679649743008738
2089-06, 29.0437533333334, 1.06991199350492
2089-07, 32.6964483870968, 1.43217617073539
2089-08, 31.8319096774194, 1.34643361633778
2089-09, 27.2638333333334, 0.893384458398559
2089-10, 18.487370967742, 0.0229592323481773
2089-11, 11.27281, -0.692560939631496
2089-12, 6.43161935483873, -1.17269681740707
2090-01, 7.38273225806454, -1.07836807430945
2090-02, 10.842975, -0.735190784260717
2090-03, 15.3681838709678, -0.286393103559682
2090-04, 18.4963733333334, 0.0238520620303968
2090-05, 26.9455580645161, 0.86181879888036
2090-06, 32.02111, 1.36519798023418
2090-07, 31.7303806451613, 1.33636424816041
2090-08, 30.649070967742, 1.22912294965178
2090-09, 24.05443, 0.575084726053574
2090-10, 21.3947225806452, 0.311302311763716
2090-11, 13.0031366666667, -0.520951933948387
2090-12, 6.71634838709679, -1.14445818070557
2091-01, 5.85459354838712, -1.22992463849209
2091-02, 11.925175, -0.627861186024782
2091-03, 16.9753967741936, -0.126994179901546
2091-04, 23.6178333333334, 0.531784278054614
2091-05, 27.4803258064516, 0.914855582184254
2091-06, 31.90316, 1.35350002596332
2091-07, 33.4022645161291, 1.50217705925643
2091-08, 33.6033064516129, 1.52211584151854
2091-09, 29.46576, 1.11176544571912
2091-10, 20.3594935483871, 0.208631163995802
2091-11, 10.7517366666667, -0.744239549424623
2091-12, 7.93493870967744, -1.02360176808611
2092-01, 7.66180000000003, -1.0506909087
2092-02, 12.7504827586207, -0.546009448680706
2092-03, 17.9895967741936, -0.0264086333012089
2092-04, 24.89536, 0.658485834023029
2092-05, 29.8054677419355, 1.14545671855185
2092-06, 33.98446, 1.55991759462757
2092-07, 34.1183677419355, 1.57319819353961
2092-08, 33.8347129032258, 1.54506609237865
2092-09, 27.65891, 0.932567067810606
2092-10, 23.3827322580645, 0.508467604654645
2092-11, 15.0410633333334, -0.318836012337193
2092-12, 2.80303870967744, -1.53256939439085
2093-01, 4.95382903225809, -1.31925996802574
2093-02, 10.8572464285715, -0.733775383507776
2093-03, 15.255135483871, -0.297604929440591
2093-04, 19.7820666666667, 0.15136356537662
2093-05, 26.1606129032258, 0.783970112132505
2093-06, 30.7199133333334, 1.2361488992332
2093-07, 32.1627290322581, 1.37924336355965
2093-08, 34.1180322580645, 1.5731649211786
2093-09, 28.0037, 0.966762384919983
2093-10, 21.5671935483871, 0.328407504588611
2093-11, 16.8096733333334, -0.1434301717014
2093-12, 6.72102258064518, -1.14399460713726
2094-01, 4.14797741935486, -1.39918209873234
2094-02, 9.7503535714286, -0.84355395091433
2094-03, 14.0986967741936, -0.412297317256297
2094-04, 17.0752666666667, -0.117089360612132
2094-05, 26.8886580645162, 0.856175614497053
2094-06, 28.3872966666667, 1.00480643973238
2094-07, 32.417670967742, 1.40452779851528
2094-08, 32.1345161290323, 1.37644528596928
2094-09, 25.0752833333334, 0.676330131823753
2094-10, 16.2213741935484, -0.20177605075857
2094-11, 11.0592633333334, -0.713739906493397
2094-12, 9.25906774193551, -0.8922783185899
2095-01, 2.80031290322583, -1.53283973232406
2095-02, 7.73882857142859, -1.04305142835985
2095-03, 13.9906967741936, -0.423008458089305
2095-04, 17.0420566666667, -0.120383036418282
2095-05, 26.2507258064516, 0.792907260255864
2095-06, 30.8379766666667, 1.24785809359012
2095-07, 32.0636612903226, 1.36941809933855
2095-08, 32.2411935483871, 1.38702525691754
2095-09, 29.5105366666667, 1.11620627148486
2095-10, 16.4021870967742, -0.183843527880084
2095-11, 10.7466066666667, -0.74474832861419
2095-12, 3.73041935483873, -1.44059435090818
2096-01, 7.67791612903228, -1.0490925556653
2096-02, 12.016251724138, -0.618828448813198
2096-03, 15.2359870967742, -0.299504013430579
2096-04, 19.1047866666667, 0.0841928110860694
2096-05, 28.0244580645162, 0.968821112257518
2096-06, 31.3009533333334, 1.29377483691478
2096-07, 34.8153290322581, 1.64232088368591
2096-08, 34.8945677419355, 1.65017955941536
2096-09, 27.4567533333334, 0.912517729597668
2096-10, 21.7076096774194, 0.342333587304266
2096-11, 10.6835133333334, -0.751005750641569
2096-12, 5.22493225806454, -1.29237270106375
2097-01, 2.30306451612906, -1.58215544994609
2097-02, 4.17484642857145, -1.39651730482714
2097-03, 13.4315064516129, -0.478467405289461
2097-04, 20.8625, 0.258517950506332
2097-05, 23.5935129032258, 0.529372245165709
2097-06, 29.41232, 1.10646541455138
2097-07, 33.8857419354839, 1.55012701044429
2097-08, 35.3458193548387, 1.69493344438692
2097-09, 26.2510633333334, 0.792940735237029
2097-10, 18.7712, 0.0511086095427304
2097-11, 14.8220266666667, -0.340559462191449
2097-12, 2.63220000000002, -1.54951270438237
2098-01, 4.33666774193551, -1.3804683152232
2098-02, 11.2261, -0.697193508041771
2098-03, 13.7395548387097, -0.447916019571177
2098-04, 19.72469, 0.145673106513698
2098-05, 22.8025612903226, 0.450927855185146
2098-06, 28.8069833333334, 1.04642980077315
2098-07, 33.0885, 1.47105876369477
2098-08, 31.6205258064516, 1.3254691495622
2098-09, 25.2011433333334, 0.688812577983405
2098-10, 17.1836258064516, -0.106342601290098
2098-11, 9.23021666666669, -0.895139688315715
2098-12, 2.78306451612905, -1.53455037957717
2099-01, 1.70280645161293, -1.6416873820311
2099-02, 11.5523464285715, -0.66483729097978
2099-03, 12.540470967742, -0.566837836353798
2099-04, 17.8374966666667, -0.0414935006385817
2099-05, 22.3534129032258, 0.406382562322997
2099-06, 30.0252266666667, 1.16725179996024
2099-07, 32.7181677419355, 1.43433023618427
2099-08, 33.5660258064516, 1.51841845040124
2099-09, 25.8569433333334, 0.753853005374946
2099-10, 20.2545903225807, 0.19822715264905
2099-11, 15.7441133333334, -0.249109460831211
2099-12, 6.9926548387097, -1.11705487222136
2100-01, 7.53438064516132, -1.06332800735304
2100-02, 8.74473214285717, -0.94328869856358
2100-03, 17.8999129032258, -0.0353032311936663
2100-04, 18.5334333333334, 0.0275275701717974
2100-05, 24.8156161290323, 0.650577057796138
2100-06, 31.45621, 1.30917276304375
2100-07, 32.9710161290323, 1.45940703881013
2100-08, 31.2385870967742, 1.28758952633135
2100-09, 28.7981666666667, 1.04555538819588
2100-10, 27.2309774193549, 0.89012589986318
2100-11, 10.5303166666667, -0.766199371676887
2100-12, 7.92870645161292, -1.02421986617719
