"Description: ","Monthly percentage of days when TX > 50th percentile"
"Station: ","final_1971_2005_Kiev_rcp45"
"Latitude: ","50.45"
"Longitude: ","30.51"
"Climpact_version: ","3.1.6"
"Date_of_calculation: ","2024-01-01"
time, txgt50p, normalised (all years)
1971-01, 29.0322580645161, -1.13772229971922
1971-02, 42.8571428571429, -0.558957269239254
1971-03, 25.8064516129032, -1.27276747349787
1971-04, 33.3333333333333, -0.95766206801434
1971-05, 35.4838709677419, -0.867631952161902
1971-06, 43.3333333333333, -0.539022029300503
1971-07, 58.0645161290323, 0.0776842642887006
1971-08, 16.1290322580645, -1.67790299483384
1971-09, 26.6666666666667, -1.2367554271569
1971-10, 54.8387096774194, -0.0573609094899562
1971-11, 50, -0.259928670157944
1971-12, 45.1612903225806, -0.462496430825932
1972-01, 38.7096774193548, -0.732586778383246
1972-02, 79.3103448275862, 0.967119719175716
1972-03, 48.3870967741936, -0.32745125704727
1972-04, 50, -0.259928670157944
1972-05, 38.7096774193548, -0.732586778383246
1972-06, 66.6666666666667, 0.437804727698453
1972-07, 54.8387096774194, -0.0573609094899562
1972-08, 32.258064516129, -1.00267712594056
1972-09, 16.6666666666667, -1.65539546587073
1972-10, 77.4193548387097, 0.887955306960642
1972-11, 86.6666666666667, 1.27508480512613
1972-12, 48.3870967741936, -0.32745125704727
1973-01, 38.7096774193548, -0.732586778383246
1973-02, 32.1428571428571, -1.00750016786123
1973-03, 35.4838709677419, -0.867631952161902
1973-04, 26.6666666666667, -1.2367554271569
1973-05, 25.8064516129032, -1.27276747349787
1973-06, 20, -1.51584878629946
1973-07, 19.3548387096774, -1.54285782105519
1973-08, 6.45161290322581, -2.08303851616982
1973-09, 33.3333333333333, -0.95766206801434
1973-10, 54.8387096774194, -0.0573609094899562
1973-11, 63.3333333333333, 0.298258048127171
1973-12, 80.6451612903226, 1.0230004807393
1974-01, 77.4193548387097, 0.887955306960642
1974-02, 82.1428571428571, 1.08570002570796
1974-03, 87.0967741935484, 1.29309082829661
1974-04, 66.6666666666667, 0.437804727698453
1974-05, 58.0645161290323, 0.0776842642887006
1974-06, 46.6666666666667, -0.399475349729222
1974-07, 80.6451612903226, 1.0230004807393
1974-08, 74.1935483870968, 0.752910133181986
1974-09, 73.3333333333333, 0.716898086841008
1974-10, 45.1612903225806, -0.462496430825932
1974-11, 60, 0.158711368555893
1974-12, 25.8064516129032, -1.27276747349787
1975-01, 9.67741935483871, -1.94799334239116
1975-02, 14.2857142857143, -1.7550716655645
1975-03, 0, -2.35312886372713
1975-04, 40, -0.678568708871781
1975-05, 80.6451612903226, 1.0230004807393
1975-06, 66.6666666666667, 0.437804727698453
1975-07, 9.67741935483871, -1.94799334239116
1975-08, 0, -2.35312886372713
1975-09, 36.6666666666667, -0.818115388443059
1975-10, 6.45161290322581, -2.08303851616982
1975-11, 26.6666666666667, -1.2367554271569
1975-12, 61.2903225806452, 0.212729438067358
1976-01, 19.3548387096774, -1.54285782105519
1976-02, 27.5862068965517, -1.1982597914131
1976-03, 0, -2.35312886372713
1976-04, 36.6666666666667, -0.818115388443059
1976-05, 58.0645161290323, 0.0776842642887006
1976-06, 60, 0.158711368555893
1976-07, 41.9354838709677, -0.597541604604588
1976-08, 9.67741935483871, -1.94799334239116
1976-09, 30, -1.09720874758562
1976-10, 45.1612903225806, -0.462496430825932
1976-11, 16.6666666666667, -1.65539546587073
1976-12, 74.1935483870968, 0.752910133181986
1977-01, 19.3548387096774, -1.54285782105519
1977-02, 10.7142857142857, -1.90458596510516
1977-03, 19.3548387096774, -1.54285782105519
1977-04, 36.6666666666667, -0.818115388443059
1977-05, 22.5806451612903, -1.40781264727653
1977-06, 43.3333333333333, -0.539022029300503
1977-07, 25.8064516129032, -1.27276747349787
1977-08, 45.1612903225806, -0.462496430825932
1977-09, 0, -2.35312886372713
1977-10, 41.9354838709677, -0.597541604604588
1977-11, 80, 0.995991445983567
1977-12, 29.0322580645161, -1.13772229971922
1978-01, 83.8709677419355, 1.15804565451796
1978-02, 64.2857142857143, 0.338128528004681
1978-03, 38.7096774193548, -0.732586778383246
1978-04, 20, -1.51584878629946
1978-05, 45.1612903225806, -0.462496430825932
1978-06, 43.3333333333333, -0.539022029300503
1978-07, 32.258064516129, -1.00267712594056
1978-08, 51.6129032258064, -0.192406083268618
1978-09, 63.3333333333333, 0.298258048127171
1978-10, 54.8387096774194, -0.0573609094899562
1978-11, 56.6666666666667, 0.0191646889846156
1978-12, 12.9032258064516, -1.8129481686125
1979-01, 70.9677419354839, 0.617864959403329
1979-02, 39.2857142857143, -0.708471568779912
1979-03, 51.6129032258064, -0.192406083268618
1979-04, 20, -1.51584878629946
1979-05, 48.3870967741936, -0.32745125704727
1979-06, 43.3333333333333, -0.539022029300503
1979-07, 64.5161290322581, 0.347774611846015
1979-08, 35.4838709677419, -0.867631952161902
1979-09, 83.3333333333333, 1.13553812555484
1979-10, 70.9677419354839, 0.617864959403329
1979-11, 56.6666666666667, 0.0191646889846156
1979-12, 51.6129032258064, -0.192406083268618
1980-01, 19.3548387096774, -1.54285782105519
1980-02, 17.2413793103448, -1.63133569353086
1980-03, 54.8387096774194, -0.0573609094899562
1980-04, 66, 0.409895391784195
1980-05, 80.6451612903226, 1.0230004807393
1980-06, 24.4444444444444, -1.32978654687108
1980-07, 64.3010752688172, 0.338771600260769
1980-08, 54.6236559139785, -0.0663639210752017
1980-09, 40, -0.678568708871781
1980-10, 13.4408602150538, -1.79044063964939
1980-11, 60.5555555555556, 0.181969148484442
1980-12, 83.8709677419355, 1.15804565451796
1981-01, 74.1935483870968, 0.752910133181986
1981-02, 72.9761904761905, 0.701946656886944
1981-03, 39.0322580645161, -0.719082261005379
1981-04, 53.7777777777778, -0.101775766643827
1981-05, 29.0322580645161, -1.13772229971922
1981-06, 78.3333333333333, 0.926218106197926
1981-07, 21.3978494623656, -1.45732921099537
1981-08, 27.2043010752688, -1.21424789819379
1981-09, 60, 0.158711368555893
1981-10, 45.1612903225806, -0.462496430825932
1981-11, 32.3333333333333, -0.999526071885724
1981-12, 36.3440860215054, -0.831619905820925
1982-01, 57.3118279569892, 0.0461737237403435
1982-02, 41.9047619047619, -0.598827749116765
1982-03, 59.3548387096774, 0.131702333800161
1982-04, 53.3333333333333, -0.120381990586666
1982-05, 74.7311827956989, 0.775417662145093
1982-06, 76.6666666666667, 0.85644476641229
1982-07, 80.6451612903226, 1.0230004807393
1982-08, 83.8709677419355, 1.15804565451796
1982-09, 81.1111111111111, 1.04250700584066
1982-10, 100, 1.83327152341124
1982-11, 13.3333333333333, -1.79494214544201
1982-12, 93.010752688172, 1.54067364689082
1983-01, 60.5376344086021, 0.181218897519001
1983-02, 100, 1.83327152341124
1983-03, 100, 1.83327152341124
1983-04, 40, -0.678568708871781
1983-05, 39.4623655913979, -0.701076237834888
1983-06, 25, -1.30652876694254
1983-07, 58.0645161290323, 0.0776842642887006
1983-08, 46.3440860215054, -0.412979867107088
1983-09, 25.2222222222222, -1.29722565497112
1983-10, 54.8387096774194, -0.0573609094899562
1983-11, 40, -0.678568708871781
1983-12, 46.7741935483871, -0.394973843936601
1984-01, 33.9784946236559, -0.930653033258608
1984-02, 71.1494252873563, 0.625470951949481
1984-03, 43.4408602150538, -0.534520523507878
1984-04, 40, -0.678568708871781
1984-05, 36.5591397849462, -0.822616894235684
1984-06, 27, -1.22280075919977
1984-07, 32.258064516129, -1.00267712594056
1984-08, 36.8817204301075, -0.809112376857817
1984-09, 55.2222222222222, -0.0413055388296077
1984-10, 36.0215053763441, -0.845124423198791
1984-11, 25.3333333333333, -1.29257409898541
1984-12, 29.0322580645161, -1.13772229971922
1985-01, 27.6344086021505, -1.1962418750233
1985-02, 7.14285714285714, -2.05410026464582
1985-03, 20.752688172043, -1.4843382457511
1985-04, 14.5555555555556, -1.74377502959921
1985-05, 12.9032258064516, -1.8129481686125
1985-06, 54.4444444444444, -0.0738664307295737
1985-07, 74.6236559139785, 0.770916156352472
1985-08, 70.9677419354839, 0.617864959403329
1985-09, 93.3333333333333, 1.55417816426868
1985-10, 70.3225806451613, 0.590855924647596
1985-11, 50.7777777777778, -0.227367778257978
1985-12, 19.8924731182796, -1.52035029209208
1986-01, 16.1290322580645, -1.67790299483384
1986-02, 33.8095238095238, -0.937726828075585
1986-03, 72.5806451612903, 0.685387546292655
1986-04, 14.7777777777778, -1.73447191762779
1986-05, 22.0430107526882, -1.43032017623964
1986-06, 59.5555555555556, 0.140105144613058
1986-07, 54.0860215053763, -0.0888714500383133
1986-08, 53.3333333333333, -0.120381990586666
1986-09, 60, 0.158711368555893
1986-10, 44.5161290322581, -0.48950546558166
1986-11, 62.3333333333333, 0.256394044255787
1986-12, 70.6451612903226, 0.604360442025463
1987-01, 19.3548387096774, -1.54285782105519
1987-02, 31.1904761904762, -1.04737064773873
1987-03, 57.3118279569892, 0.0461737237403435
1987-04, 35.4444444444444, -0.869282504285864
1987-05, 20.1075268817204, -1.51134728050683
1987-06, 26.6666666666667, -1.2367554271569
1987-07, 38.7096774193548, -0.732586778383246
1987-08, 26.8817204301075, -1.22775241557165
1987-09, 41.2222222222222, -0.62740159302898
1987-10, 48.3870967741936, -0.32745125704727
1987-11, 83.3333333333333, 1.13553812555484
1987-12, 41.1827956989247, -0.629052145152941
1988-01, 74.1935483870968, 0.752910133181986
1988-02, 58.5057471264368, 0.0961559604722172
1988-03, 61.9354838709677, 0.239738472823086
1988-04, 18.5555555555556, -1.57631901411367
1988-05, 58.0645161290323, 0.0776842642887006
1988-06, 70, 0.57735140726973
1988-07, 25.8064516129032, -1.27276747349787
1988-08, 10.8602150537634, -1.89847677867232
1988-09, 11.3333333333333, -1.87867015318478
1988-10, 93.5483870967742, 1.56318117585393
1988-11, 42.3333333333333, -0.580886033171887
1988-12, 72.9032258064516, 0.698892063670521
1989-01, 57.4193548387097, 0.0506752295329685
1989-02, 58.452380952381, 0.0939218387549442
1989-03, 74.1935483870968, 0.752910133181986
1989-04, 80, 0.995991445983567
1989-05, 49.0322580645161, -0.300442222291542
1989-06, 68.5555555555556, 0.516881179455511
1989-07, 23.6559139784946, -1.36279758935031
1989-08, 14.4086021505376, -1.7499270875158
1989-09, 23.3333333333333, -1.37630210672818
1989-10, 49.3548387096774, -0.286937704913676
1989-11, 93.3333333333333, 1.55417816426868
1989-12, 77.4193548387097, 0.887955306960642
1990-01, 34.6236559139785, -0.903643998502876
1990-02, 43.9285714285714, -0.51410297937706
1990-03, 83.8709677419355, 1.15804565451796
1990-04, 83.3333333333333, 1.13553812555484
1990-05, 33.4408602150538, -0.953160562221715
1990-06, 73.3333333333333, 0.716898086841008
1990-07, 14.6236559139785, -1.74092407593055
1990-08, 19.3548387096774, -1.54285782105519
1990-09, 46.6666666666667, -0.399475349729222
1990-10, 64.5161290322581, 0.347774611846015
1990-11, 62.3333333333333, 0.256394044255787
1990-12, 80.6451612903226, 1.0230004807393
1991-01, 83.8709677419355, 1.15804565451796
1991-02, 92.8571428571429, 1.53424292432993
1991-03, 58.494623655914, 0.0956902874591873
1991-04, 42.5555555555556, -0.571582921200465
1991-05, 58.6021505376344, 0.100191793251808
1991-06, 29.8888888888889, -1.10186030357133
1991-07, 51.8279569892473, -0.183403071683372
1991-08, 58.0645161290323, 0.0776842642887006
1991-09, 46.6666666666667, -0.399475349729222
1991-10, 66.6666666666667, 0.437804727698453
1991-11, 44.3333333333333, -0.49715802542912
1991-12, 54.8387096774194, -0.0573609094899562
1992-01, 76.5591397849462, 0.851943260619665
1992-02, 79.3103448275862, 0.967119719175716
1992-03, 10.2150537634409, -1.92548581342805
1992-04, 63.3333333333333, 0.298258048127171
1992-05, 33.8709677419355, -0.935154539051229
1992-06, 38.3333333333333, -0.748342048657422
1992-07, 96.7741935483871, 1.69822634963258
1992-08, 83.8709677419355, 1.15804565451796
1992-09, 66.6666666666667, 0.437804727698453
1992-10, 41.2903225806452, -0.624550639360316
1992-11, 43.8888888888889, -0.515764249371955
1992-12, 23.3333333333333, -1.37630210672818
1993-01, 73.1182795698925, 0.707895075255766
1993-02, 0, -2.35312886372713
1993-03, 19.3548387096774, -1.54285782105519
1993-04, 53.3333333333333, -0.120381990586666
1993-05, 59.6774193548387, 0.145206851178027
1993-06, 76.6666666666667, 0.85644476641229
1993-07, 58.0645161290323, 0.0776842642887006
1993-08, 38.7096774193548, -0.732586778383246
1993-09, 46.6666666666667, -0.399475349729222
1993-10, 48.3870967741936, -0.32745125704727
1993-11, 56.6666666666667, 0.0191646889846156
1993-12, 51.6129032258064, -0.192406083268618
1994-01, 59.5698924731183, 0.140705345385406
1994-02, 21.4285714285714, -1.45604306648319
1994-03, 0, -2.35312886372713
1994-04, 83.3333333333333, 1.13553812555484
1994-05, 43.8709677419355, -0.516514500337392
1994-06, 20, -1.51584878629946
1994-07, 16.1290322580645, -1.67790299483384
1994-08, 34.1935483870968, -0.921650021673363
1994-09, 14, -1.76703280952776
1994-10, 48.3870967741936, -0.32745125704727
1994-11, 83.3333333333333, 1.13553812555484
1994-12, 27.9569892473118, -1.18273735764544
1995-01, 58.0645161290323, 0.0776842642887006
1995-02, 95.2380952380952, 1.6339191240237
1995-03, 70.9677419354839, 0.617864959403329
1995-04, 15.3333333333333, -1.71121413769925
1995-05, 80.6451612903226, 1.0230004807393
1995-06, 33.3333333333333, -0.95766206801434
1995-07, 43.010752688172, -0.55252654667837
1995-08, 54.8387096774194, -0.0573609094899562
1995-09, 54.1111111111111, -0.0878210986867002
1995-10, 25.8064516129032, -1.27276747349787
1995-11, 40, -0.678568708871781
1995-12, 47.0967741935484, -0.381469326558735
1996-01, 70.9677419354839, 0.617864959403329
1996-02, 62.0689655172414, 0.245326548979447
1996-03, 66.2365591397849, 0.419798704527962
1996-04, 13.3333333333333, -1.79494214544201
1996-05, 40.2150537634409, -0.669565697286536
1996-06, 53.3333333333333, -0.120381990586666
1996-07, 33.4408602150538, -0.953160562221715
1996-08, 51.6129032258064, -0.192406083268618
1996-09, 60, 0.158711368555893
1996-10, 29.0322580645161, -1.13772229971922
1996-11, 13.3333333333333, -1.79494214544201
1996-12, 9.67741935483871, -1.94799334239116
1997-01, 22.5806451612903, -1.40781264727653
1997-02, 25, -1.30652876694254
1997-03, 14.1935483870968, -1.75893009910104
1997-04, 86.6666666666667, 1.27508480512613
1997-05, 57.4193548387097, 0.0506752295329685
1997-06, 34.6666666666667, -0.901843396185826
1997-07, 19.8924731182796, -1.52035029209208
1997-08, 17.0967741935484, -1.63738944270025
1997-09, 27.4444444444444, -1.20419453525693
1997-10, 35.4838709677419, -0.867631952161902
1997-11, 10, -1.93448882501329
1997-12, 51.6129032258064, -0.192406083268618
1998-01, 85.0537634408602, 1.2075622182368
1998-02, 67.8571428571429, 0.487642827545339
1998-03, 80.6451612903226, 1.0230004807393
1998-04, 80, 0.995991445983567
1998-05, 60.2150537634409, 0.167714380141139
1998-06, 48.2222222222222, -0.334353565929294
1998-07, 68.2795698924731, 0.505327314587779
1998-08, 87.0967741935484, 1.29309082829661
1998-09, 63.3333333333333, 0.298258048127171
1998-10, 59.7849462365591, 0.149708356970648
1998-11, 45, -0.469248689514862
1998-12, 9.67741935483871, -1.94799334239116
1999-01, 7.31182795698925, -2.04702646982884
1999-02, 30.1190476190476, -1.09222493760093
1999-03, 44.9462365591398, -0.471499442411173
1999-04, 35, -0.887888728228699
1999-05, 65.0537634408602, 0.370282140809122
1999-06, 43.3333333333333, -0.539022029300503
1999-07, 17.9569892473118, -1.60137739635927
1999-08, 24.6236559139785, -1.32228403721671
1999-09, 36.4444444444444, -0.82741850041448
1999-10, 72.258064516129, 0.671883028914789
1999-11, 91.5555555555556, 1.47975326849734
1999-12, 51.6129032258064, -0.192406083268618
2000-01, 25.0537634408602, -1.30427801404623
2000-02, 89.6551724137931, 1.40019562129348
2000-03, 96.7741935483871, 1.69822634963258
2000-04, 35.4444444444444, -0.869282504285864
2000-05, 40.752688172043, -0.647058168323428
2000-06, 52.4444444444444, -0.157594438472341
2000-07, 61.7204301075269, 0.230735461237844
2000-08, 60.6451612903226, 0.185720403311625
2000-09, 83.3333333333333, 1.13553812555484
2000-10, 54.8387096774194, -0.0573609094899562
2000-11, 20, -1.51584878629946
2000-12, 96.7741935483871, 1.69822634963258
2001-01, 98.494623655914, 1.77025044231454
2001-02, 45.4761904761905, -0.449313449576107
2001-03, 22.5806451612903, -1.40781264727653
2001-04, 56.6666666666667, 0.0191646889846156
2001-05, 54.8387096774194, -0.0573609094899562
2001-06, 41.1111111111111, -0.632053149014688
2001-07, 55.2688172043011, -0.0393548863194695
2001-08, 69.7849462365591, 0.568348395684485
2001-09, 70.4444444444444, 0.595957631212566
2001-10, 52.6881720430108, -0.147391025342394
2001-11, 66.1111111111111, 0.414546947769904
2001-12, 16.1290322580645, -1.67790299483384
2002-01, 87.0967741935484, 1.29309082829661
2002-02, 82.1428571428571, 1.08570002570796
2002-03, 37.0967741935484, -0.800109365272572
2002-04, 70.4444444444444, 0.595957631212566
2002-05, 52.6881720430108, -0.147391025342394
2002-06, 60.7777777777778, 0.191272260455859
2002-07, 25.8064516129032, -1.27276747349787
2002-08, 72.9032258064516, 0.698892063670521
2002-09, 16.6666666666667, -1.65539546587073
2002-10, 54.5161290322581, -0.0708654268678224
2002-11, 64.1111111111111, 0.330818940027137
2002-12, 74.1935483870968, 0.752910133181986
2003-01, 69.1397849462366, 0.541339360928757
2003-02, 39.2857142857143, -0.708471568779912
2003-03, 60.2150537634409, 0.167714380141139
2003-04, 53.4444444444444, -0.115730434600957
2003-05, 87.0967741935484, 1.29309082829661
2003-06, 72.4444444444444, 0.679685638955333
2003-07, 31.7204301075269, -1.02518465490367
2003-08, 19.3548387096774, -1.54285782105519
2003-09, 20.5555555555556, -1.49259100637091
2003-10, 45.1612903225806, -0.462496430825932
2003-11, 68.4444444444444, 0.512229623469798
2003-12, 53.9784946236559, -0.0933729558309341
2004-01, 83.8709677419355, 1.15804565451796
2004-02, 77.9310344827586, 0.909376265560014
2004-03, 79.5698924731183, 0.977985422813081
2004-04, 47.3333333333333, -0.371566013814969
2004-05, 39.247311827957, -0.710079249420134
2004-06, 30, -1.09720874758562
2004-07, 46.3440860215054, -0.412979867107088
2004-08, 74.1935483870968, 0.752910133181986
2004-09, 68.2222222222222, 0.502926511498381
2004-10, 43.1182795698925, -0.548025040885745
2004-11, 29.2222222222222, -1.12976963948558
2004-12, 11.8279569892473, -1.85796322653872
2005-01, 6.45161290322581, -2.08303851616982
2005-02, 0, -2.35312886372713
2005-03, 16.8817204301075, -1.64639245428549
2005-04, 72.3333333333333, 0.675034082969624
2005-05, 27.741935483871, -1.19174036923068
2005-06, 49.6666666666667, -0.27388333811507
2005-07, 58.0645161290323, 0.0776842642887006
2005-08, 35.4838709677419, -0.867631952161902
2005-09, 62.3333333333333, 0.256394044255787
2005-10, 36.8817204301075, -0.809112376857817
2005-11, 34.7777777777778, -0.897191840200117
2005-12, 23.5483870967742, -1.36729909514293
2006-01, 0, -2.35312886372713
2006-02, 65, 0.368031387912812
2006-03, 71.8279569892473, 0.653877005744302
2006-04, 43.3333333333333, -0.539022029300503
2006-05, 30.4301075268817, -1.07920272441513
2006-06, 72.3333333333333, 0.675034082969624
2006-07, 90.3225806451613, 1.42813600207527
2006-08, 93.5483870967742, 1.56318117585393
2006-09, 66, 0.409895391784195
2006-10, 43.3333333333333, -0.539022029300503
2006-11, 72.6666666666667, 0.688988750926755
2006-12, 59.1397849462366, 0.12269932221492
2007-01, 12.9032258064516, -1.8129481686125
2007-02, 0, -2.35312886372713
2007-03, 0, -2.35312886372713
2007-04, 35.7777777777778, -0.855327836328733
2007-05, 68.8172043010753, 0.52783484355089
2007-06, 30, -1.09720874758562
2007-07, 65.1612903225806, 0.374783646601743
2007-08, 65.6989247311828, 0.397291175564854
2007-09, 54.1111111111111, -0.0878210986867002
2007-10, 46.5591397849462, -0.403976855521846
2007-11, 69.3333333333333, 0.549442071355473
2007-12, 67.741935483871, 0.482819785624672
2008-01, 45.1612903225806, -0.462496430825932
2008-02, 8.73563218390805, -1.98742032416102
2008-03, 51.505376344086, -0.196907589061238
2008-04, 31.6666666666667, -1.02743540779998
2008-05, 86.8817204301075, 1.28408781671137
2008-06, 59.4444444444444, 0.135453588627345
2008-07, 96.7741935483871, 1.69822634963258
2008-08, 67.3118279569892, 0.464813762454181
2008-09, 77.7777777777778, 0.902960326269382
2008-10, 15.0537634408602, -1.72291805276006
2008-11, 37.7777777777778, -0.771599828585966
2008-12, 75.3763440860215, 0.802426696900825
2009-01, 64.5161290322581, 0.347774611846015
2009-02, 85.7142857142857, 1.23521432524862
2009-03, 61.0752688172043, 0.203726426482112
2009-04, 93.3333333333333, 1.55417816426868
2009-05, 64.9462365591398, 0.365780635016502
2009-06, 87.6666666666667, 1.31694880899751
2009-07, 80.6451612903226, 1.0230004807393
2009-08, 58.0645161290323, 0.0776842642887006
2009-09, 27.7777777777778, -1.1902398672998
2009-10, 57.8494623655914, 0.0686812527034552
2009-11, 34.2222222222222, -0.920449620128665
2009-12, 29.4623655913978, -1.11971627654873
2010-01, 68.1720430107527, 0.500825808795158
2010-02, 34.5238095238095, -0.907823968167455
2010-03, 14.1935483870968, -1.75893009910104
2010-04, 56.6666666666667, 0.0191646889846156
2010-05, 45.1612903225806, -0.462496430825932
2010-06, 48.8888888888889, -0.306444230015036
2010-07, 38.7096774193548, -0.732586778383246
2010-08, 37.0967741935484, -0.800109365272572
2010-09, 58.1111111111111, 0.0796349167988346
2010-10, 69.3548387096774, 0.550342372513998
2010-11, 57.7777777777778, 0.0656802488417081
2010-12, 52.4731182795699, -0.15639403692764
2011-01, 29.0322580645161, -1.13772229971922
2011-02, 71.4285714285714, 0.637157127085992
2011-03, 64.5161290322581, 0.347774611846015
2011-04, 86.6666666666667, 1.27508480512613
2011-05, 90.3225806451613, 1.42813600207527
2011-06, 50, -0.259928670157944
2011-07, 80.6451612903226, 1.0230004807393
2011-08, 54.8387096774194, -0.0573609094899562
2011-09, 70, 0.57735140726973
2011-10, 22.5806451612903, -1.40781264727653
2011-11, 53.3333333333333, -0.120381990586666
2011-12, 38.7096774193548, -0.732586778383246
2012-01, 70.9677419354839, 0.617864959403329
2012-02, 93.1034482758621, 1.54455425533273
2012-03, 16.1290322580645, -1.67790299483384
2012-04, 40, -0.678568708871781
2012-05, 16.1290322580645, -1.67790299483384
2012-06, 16.6666666666667, -1.65539546587073
2012-07, 77.4193548387097, 0.887955306960642
2012-08, 67.741935483871, 0.482819785624672
2012-09, 56.6666666666667, 0.0191646889846156
2012-10, 100, 1.83327152341124
2012-11, 46.6666666666667, -0.399475349729222
2012-12, 41.9354838709677, -0.597541604604588
2013-01, 54.8387096774194, -0.0573609094899562
2013-02, 32.1428571428571, -1.00750016786123
2013-03, 83.8709677419355, 1.15804565451796
2013-04, 63.3333333333333, 0.298258048127171
2013-05, 32.258064516129, -1.00267712594056
2013-06, 73.3333333333333, 0.716898086841008
2013-07, 45.1612903225806, -0.462496430825932
2013-08, 9.67741935483871, -1.94799334239116
2013-09, 36.6666666666667, -0.818115388443059
2013-10, 19.3548387096774, -1.54285782105519
2013-11, 96.6666666666667, 1.69372484383996
2013-12, 22.5806451612903, -1.40781264727653
2014-01, 58.0645161290323, 0.0776842642887006
2014-02, 35.7142857142857, -0.857985868320569
2014-03, 54.8387096774194, -0.0573609094899562
2014-04, 33.3333333333333, -0.95766206801434
2014-05, 35.4838709677419, -0.867631952161902
2014-06, 56.6666666666667, 0.0191646889846156
2014-07, 74.1935483870968, 0.752910133181986
2014-08, 80.6451612903226, 1.0230004807393
2014-09, 73.3333333333333, 0.716898086841008
2014-10, 64.5161290322581, 0.347774611846015
2014-11, 80, 0.995991445983567
2014-12, 6.45161290322581, -2.08303851616982
2015-01, 22.5806451612903, -1.40781264727653
2015-02, 53.5714285714286, -0.110414370617287
2015-03, 58.0645161290323, 0.0776842642887006
2015-04, 86.6666666666667, 1.27508480512613
2015-05, 77.4193548387097, 0.887955306960642
2015-06, 83.3333333333333, 1.13553812555484
2015-07, 48.3870967741936, -0.32745125704727
2015-08, 38.7096774193548, -0.732586778383246
2015-09, 30, -1.09720874758562
2015-10, 74.1935483870968, 0.752910133181986
2015-11, 6.66666666666667, -2.07403550458457
2015-12, 54.8387096774194, -0.0573609094899562
2016-01, 70.9677419354839, 0.617864959403329
2016-02, 51.7241379310345, -0.187749353138316
2016-03, 77.4193548387097, 0.887955306960642
2016-04, 46.6666666666667, -0.399475349729222
2016-05, 58.0645161290323, 0.0776842642887006
2016-06, 46.6666666666667, -0.399475349729222
2016-07, 67.741935483871, 0.482819785624672
2016-08, 54.8387096774194, -0.0573609094899562
2016-09, 16.6666666666667, -1.65539546587073
2016-10, 58.0645161290323, 0.0776842642887006
2016-11, 56.6666666666667, 0.0191646889846156
2016-12, 9.67741935483871, -1.94799334239116
2017-01, 48.3870967741936, -0.32745125704727
2017-02, 71.4285714285714, 0.637157127085992
2017-03, 45.1612903225806, -0.462496430825932
2017-04, 23.3333333333333, -1.37630210672818
2017-05, 48.3870967741936, -0.32745125704727
2017-06, 80, 0.995991445983567
2017-07, 61.2903225806452, 0.212729438067358
2017-08, 35.4838709677419, -0.867631952161902
2017-09, 60, 0.158711368555893
2017-10, 61.2903225806452, 0.212729438067358
2017-11, 40, -0.678568708871781
2017-12, 35.4838709677419, -0.867631952161902
2018-01, 64.5161290322581, 0.347774611846015
2018-02, 53.5714285714286, -0.110414370617287
2018-03, 67.741935483871, 0.482819785624672
2018-04, 60, 0.158711368555893
2018-05, 48.3870967741936, -0.32745125704727
2018-06, 46.6666666666667, -0.399475349729222
2018-07, 58.0645161290323, 0.0776842642887006
2018-08, 29.0322580645161, -1.13772229971922
2018-09, 20, -1.51584878629946
2018-10, 77.4193548387097, 0.887955306960642
2018-11, 63.3333333333333, 0.298258048127171
2018-12, 35.4838709677419, -0.867631952161902
2019-01, 48.3870967741936, -0.32745125704727
2019-02, 78.5714285714286, 0.936185726167306
2019-03, 54.8387096774194, -0.0573609094899562
2019-04, 100, 1.83327152341124
2019-05, 70.9677419354839, 0.617864959403329
2019-06, 70, 0.57735140726973
2019-07, 61.2903225806452, 0.212729438067358
2019-08, 32.258064516129, -1.00267712594056
2019-09, 40, -0.678568708871781
2019-10, 77.4193548387097, 0.887955306960642
2019-11, 40, -0.678568708871781
2019-12, 67.741935483871, 0.482819785624672
2020-01, 3.2258064516129, -2.21808368994847
2020-02, 31.0344827586207, -1.05390115737384
2020-03, 16.1290322580645, -1.67790299483384
2020-04, 80, 0.995991445983567
2020-05, 64.5161290322581, 0.347774611846015
2020-06, 50, -0.259928670157944
2020-07, 51.6129032258064, -0.192406083268618
2020-08, 61.2903225806452, 0.212729438067358
2020-09, 30, -1.09720874758562
2020-10, 29.0322580645161, -1.13772229971922
2020-11, 66.6666666666667, 0.437804727698453
2020-12, 12.9032258064516, -1.8129481686125
2021-01, 22.5806451612903, -1.40781264727653
2021-02, 39.2857142857143, -0.708471568779912
2021-03, 3.2258064516129, -2.21808368994847
2021-04, 56.6666666666667, 0.0191646889846156
2021-05, 32.258064516129, -1.00267712594056
2021-06, 46.6666666666667, -0.399475349729222
2021-07, 22.5806451612903, -1.40781264727653
2021-08, 22.5806451612903, -1.40781264727653
2021-09, 20, -1.51584878629946
2021-10, 51.6129032258064, -0.192406083268618
2021-11, 73.3333333333333, 0.716898086841008
2021-12, 29.0322580645161, -1.13772229971922
2022-01, 77.4193548387097, 0.887955306960642
2022-02, 100, 1.83327152341124
2022-03, 80.6451612903226, 1.0230004807393
2022-04, 60, 0.158711368555893
2022-05, 51.6129032258064, -0.192406083268618
2022-06, 60, 0.158711368555893
2022-07, 54.8387096774194, -0.0573609094899562
2022-08, 51.6129032258064, -0.192406083268618
2022-09, 70, 0.57735140726973
2022-10, 61.2903225806452, 0.212729438067358
2022-11, 56.6666666666667, 0.0191646889846156
2022-12, 67.741935483871, 0.482819785624672
2023-01, 48.3870967741936, -0.32745125704727
2023-02, 96.4285714285714, 1.68375722387058
2023-03, 70.9677419354839, 0.617864959403329
2023-04, 46.6666666666667, -0.399475349729222
2023-05, 67.741935483871, 0.482819785624672
2023-06, 73.3333333333333, 0.716898086841008
2023-07, 54.8387096774194, -0.0573609094899562
2023-08, 45.1612903225806, -0.462496430825932
2023-09, 53.3333333333333, -0.120381990586666
2023-10, 64.5161290322581, 0.347774611846015
2023-11, 90, 1.4146314846974
2023-12, 29.0322580645161, -1.13772229971922
2024-01, 16.1290322580645, -1.67790299483384
2024-02, 17.2413793103448, -1.63133569353086
2024-03, 48.3870967741936, -0.32745125704727
2024-04, 56.6666666666667, 0.0191646889846156
2024-05, 19.3548387096774, -1.54285782105519
2024-06, 33.3333333333333, -0.95766206801434
2024-07, 45.1612903225806, -0.462496430825932
2024-08, 74.1935483870968, 0.752910133181986
2024-09, 76.6666666666667, 0.85644476641229
2024-10, 45.1612903225806, -0.462496430825932
2024-11, 33.3333333333333, -0.95766206801434
2024-12, 32.258064516129, -1.00267712594056
2025-01, 48.3870967741936, -0.32745125704727
2025-02, 67.8571428571429, 0.487642827545339
2025-03, 38.7096774193548, -0.732586778383246
2025-04, 50, -0.259928670157944
2025-05, 45.1612903225806, -0.462496430825932
2025-06, 80, 0.995991445983567
2025-07, 29.0322580645161, -1.13772229971922
2025-08, 6.45161290322581, -2.08303851616982
2025-09, 43.3333333333333, -0.539022029300503
2025-10, 67.741935483871, 0.482819785624672
2025-11, 50, -0.259928670157944
2025-12, 32.258064516129, -1.00267712594056
2026-01, 61.2903225806452, 0.212729438067358
2026-02, 39.2857142857143, -0.708471568779912
2026-03, 67.741935483871, 0.482819785624672
2026-04, 93.3333333333333, 1.55417816426868
2026-05, 35.4838709677419, -0.867631952161902
2026-06, 73.3333333333333, 0.716898086841008
2026-07, 48.3870967741936, -0.32745125704727
2026-08, 48.3870967741936, -0.32745125704727
2026-09, 63.3333333333333, 0.298258048127171
2026-10, 90.3225806451613, 1.42813600207527
2026-11, 70, 0.57735140726973
2026-12, 61.2903225806452, 0.212729438067358
2027-01, 45.1612903225806, -0.462496430825932
2027-02, 82.1428571428571, 1.08570002570796
2027-03, 48.3870967741936, -0.32745125704727
2027-04, 36.6666666666667, -0.818115388443059
2027-05, 61.2903225806452, 0.212729438067358
2027-06, 43.3333333333333, -0.539022029300503
2027-07, 87.0967741935484, 1.29309082829661
2027-08, 70.9677419354839, 0.617864959403329
2027-09, 46.6666666666667, -0.399475349729222
2027-10, 41.9354838709677, -0.597541604604588
2027-11, 66.6666666666667, 0.437804727698453
2027-12, 41.9354838709677, -0.597541604604588
2028-01, 25.8064516129032, -1.27276747349787
2028-02, 100, 1.83327152341124
2028-03, 54.8387096774194, -0.0573609094899562
2028-04, 16.6666666666667, -1.65539546587073
2028-05, 67.741935483871, 0.482819785624672
2028-06, 26.6666666666667, -1.2367554271569
2028-07, 38.7096774193548, -0.732586778383246
2028-08, 19.3548387096774, -1.54285782105519
2028-09, 33.3333333333333, -0.95766206801434
2028-10, 16.1290322580645, -1.67790299483384
2028-11, 93.3333333333333, 1.55417816426868
2028-12, 74.1935483870968, 0.752910133181986
2029-01, 100, 1.83327152341124
2029-02, 78.5714285714286, 0.936185726167306
2029-03, 67.741935483871, 0.482819785624672
2029-04, 43.3333333333333, -0.539022029300503
2029-05, 74.1935483870968, 0.752910133181986
2029-06, 70, 0.57735140726973
2029-07, 67.741935483871, 0.482819785624672
2029-08, 77.4193548387097, 0.887955306960642
2029-09, 73.3333333333333, 0.716898086841008
2029-10, 32.258064516129, -1.00267712594056
2029-11, 86.6666666666667, 1.27508480512613
2029-12, 61.2903225806452, 0.212729438067358
2030-01, 80.6451612903226, 1.0230004807393
2030-02, 96.4285714285714, 1.68375722387058
2030-03, 74.1935483870968, 0.752910133181986
2030-04, 40, -0.678568708871781
2030-05, 54.8387096774194, -0.0573609094899562
2030-06, 60, 0.158711368555893
2030-07, 54.8387096774194, -0.0573609094899562
2030-08, 45.1612903225806, -0.462496430825932
2030-09, 90, 1.4146314846974
2030-10, 96.7741935483871, 1.69822634963258
2030-11, 70, 0.57735140726973
2030-12, 51.6129032258064, -0.192406083268618
2031-01, 45.1612903225806, -0.462496430825932
2031-02, 64.2857142857143, 0.338128528004681
2031-03, 80.6451612903226, 1.0230004807393
2031-04, 73.3333333333333, 0.716898086841008
2031-05, 38.7096774193548, -0.732586778383246
2031-06, 43.3333333333333, -0.539022029300503
2031-07, 90.3225806451613, 1.42813600207527
2031-08, 54.8387096774194, -0.0573609094899562
2031-09, 80, 0.995991445983567
2031-10, 74.1935483870968, 0.752910133181986
2031-11, 73.3333333333333, 0.716898086841008
2031-12, 83.8709677419355, 1.15804565451796
2032-01, 58.0645161290323, 0.0776842642887006
2032-02, 48.2758620689655, -0.332107987177572
2032-03, 29.0322580645161, -1.13772229971922
2032-04, 76.6666666666667, 0.85644476641229
2032-05, 45.1612903225806, -0.462496430825932
2032-06, 46.6666666666667, -0.399475349729222
2032-07, 38.7096774193548, -0.732586778383246
2032-08, 74.1935483870968, 0.752910133181986
2032-09, 93.3333333333333, 1.55417816426868
2032-10, 45.1612903225806, -0.462496430825932
2032-11, 86.6666666666667, 1.27508480512613
2032-12, 61.2903225806452, 0.212729438067358
2033-01, 41.9354838709677, -0.597541604604588
2033-02, 82.1428571428571, 1.08570002570796
2033-03, 74.1935483870968, 0.752910133181986
2033-04, 60, 0.158711368555893
2033-05, 58.0645161290323, 0.0776842642887006
2033-06, 83.3333333333333, 1.13553812555484
2033-07, 64.5161290322581, 0.347774611846015
2033-08, 25.8064516129032, -1.27276747349787
2033-09, 43.3333333333333, -0.539022029300503
2033-10, 54.8387096774194, -0.0573609094899562
2033-11, 33.3333333333333, -0.95766206801434
2033-12, 96.7741935483871, 1.69822634963258
2034-01, 100, 1.83327152341124
2034-02, 96.4285714285714, 1.68375722387058
2034-03, 67.741935483871, 0.482819785624672
2034-04, 66.6666666666667, 0.437804727698453
2034-05, 93.5483870967742, 1.56318117585393
2034-06, 46.6666666666667, -0.399475349729222
2034-07, 51.6129032258064, -0.192406083268618
2034-08, 74.1935483870968, 0.752910133181986
2034-09, 63.3333333333333, 0.298258048127171
2034-10, 83.8709677419355, 1.15804565451796
2034-11, 80, 0.995991445983567
2034-12, 61.2903225806452, 0.212729438067358
2035-01, 70.9677419354839, 0.617864959403329
2035-02, 75, 0.786671426626649
2035-03, 16.1290322580645, -1.67790299483384
2035-04, 33.3333333333333, -0.95766206801434
2035-05, 70.9677419354839, 0.617864959403329
2035-06, 63.3333333333333, 0.298258048127171
2035-07, 51.6129032258064, -0.192406083268618
2035-08, 6.45161290322581, -2.08303851616982
2035-09, 10, -1.93448882501329
2035-10, 51.6129032258064, -0.192406083268618
2035-11, 83.3333333333333, 1.13553812555484
2035-12, 29.0322580645161, -1.13772229971922
2036-01, 93.5483870967742, 1.56318117585393
2036-02, 58.6206896551724, 0.100967914940191
2036-03, 48.3870967741936, -0.32745125704727
2036-04, 63.3333333333333, 0.298258048127171
2036-05, 58.0645161290323, 0.0776842642887006
2036-06, 86.6666666666667, 1.27508480512613
2036-07, 80.6451612903226, 1.0230004807393
2036-08, 77.4193548387097, 0.887955306960642
2036-09, 53.3333333333333, -0.120381990586666
2036-10, 29.0322580645161, -1.13772229971922
2036-11, 66.6666666666667, 0.437804727698453
2036-12, 61.2903225806452, 0.212729438067358
2037-01, 77.4193548387097, 0.887955306960642
2037-02, 100, 1.83327152341124
2037-03, 83.8709677419355, 1.15804565451796
2037-04, 60, 0.158711368555893
2037-05, 54.8387096774194, -0.0573609094899562
2037-06, 83.3333333333333, 1.13553812555484
2037-07, 58.0645161290323, 0.0776842642887006
2037-08, 45.1612903225806, -0.462496430825932
2037-09, 66.6666666666667, 0.437804727698453
2037-10, 54.8387096774194, -0.0573609094899562
2037-11, 76.6666666666667, 0.85644476641229
2037-12, 67.741935483871, 0.482819785624672
2038-01, 67.741935483871, 0.482819785624672
2038-02, 60.7142857142857, 0.188614228464024
2038-03, 54.8387096774194, -0.0573609094899562
2038-04, 56.6666666666667, 0.0191646889846156
2038-05, 45.1612903225806, -0.462496430825932
2038-06, 73.3333333333333, 0.716898086841008
2038-07, 70.9677419354839, 0.617864959403329
2038-08, 61.2903225806452, 0.212729438067358
2038-09, 63.3333333333333, 0.298258048127171
2038-10, 38.7096774193548, -0.732586778383246
2038-11, 90, 1.4146314846974
2038-12, 90.3225806451613, 1.42813600207527
2039-01, 100, 1.83327152341124
2039-02, 100, 1.83327152341124
2039-03, 87.0967741935484, 1.29309082829661
2039-04, 63.3333333333333, 0.298258048127171
2039-05, 61.2903225806452, 0.212729438067358
2039-06, 43.3333333333333, -0.539022029300503
2039-07, 38.7096774193548, -0.732586778383246
2039-08, 48.3870967741936, -0.32745125704727
2039-09, 96.6666666666667, 1.69372484383996
2039-10, 90.3225806451613, 1.42813600207527
2039-11, 96.6666666666667, 1.69372484383996
2039-12, 100, 1.83327152341124
2040-01, 45.1612903225806, -0.462496430825932
2040-02, 62.0689655172414, 0.245326548979447
2040-03, 100, 1.83327152341124
2040-04, 83.3333333333333, 1.13553812555484
2040-05, 61.2903225806452, 0.212729438067358
2040-06, 70, 0.57735140726973
2040-07, 74.1935483870968, 0.752910133181986
2040-08, 38.7096774193548, -0.732586778383246
2040-09, 43.3333333333333, -0.539022029300503
2040-10, 48.3870967741936, -0.32745125704727
2040-11, 90, 1.4146314846974
2040-12, 48.3870967741936, -0.32745125704727
2041-01, 51.6129032258064, -0.192406083268618
2041-02, 100, 1.83327152341124
2041-03, 38.7096774193548, -0.732586778383246
2041-04, 70, 0.57735140726973
2041-05, 35.4838709677419, -0.867631952161902
2041-06, 60, 0.158711368555893
2041-07, 96.7741935483871, 1.69822634963258
2041-08, 93.5483870967742, 1.56318117585393
2041-09, 50, -0.259928670157944
2041-10, 16.1290322580645, -1.67790299483384
2041-11, 50, -0.259928670157944
2041-12, 48.3870967741936, -0.32745125704727
2042-01, 83.8709677419355, 1.15804565451796
2042-02, 96.4285714285714, 1.68375722387058
2042-03, 83.8709677419355, 1.15804565451796
2042-04, 63.3333333333333, 0.298258048127171
2042-05, 41.9354838709677, -0.597541604604588
2042-06, 60, 0.158711368555893
2042-07, 80.6451612903226, 1.0230004807393
2042-08, 83.8709677419355, 1.15804565451796
2042-09, 23.3333333333333, -1.37630210672818
2042-10, 41.9354838709677, -0.597541604604588
2042-11, 63.3333333333333, 0.298258048127171
2042-12, 54.8387096774194, -0.0573609094899562
2043-01, 41.9354838709677, -0.597541604604588
2043-02, 46.4285714285714, -0.409442969698601
2043-03, 77.4193548387097, 0.887955306960642
2043-04, 70, 0.57735140726973
2043-05, 80.6451612903226, 1.0230004807393
2043-06, 43.3333333333333, -0.539022029300503
2043-07, 70.9677419354839, 0.617864959403329
2043-08, 51.6129032258064, -0.192406083268618
2043-09, 76.6666666666667, 0.85644476641229
2043-10, 93.5483870967742, 1.56318117585393
2043-11, 76.6666666666667, 0.85644476641229
2043-12, 9.67741935483871, -1.94799334239116
2044-01, 41.9354838709677, -0.597541604604588
2044-02, 24.1379310344828, -1.34261842545235
2044-03, 38.7096774193548, -0.732586778383246
2044-04, 16.6666666666667, -1.65539546587073
2044-05, 54.8387096774194, -0.0573609094899562
2044-06, 90, 1.4146314846974
2044-07, 64.5161290322581, 0.347774611846015
2044-08, 64.5161290322581, 0.347774611846015
2044-09, 53.3333333333333, -0.120381990586666
2044-10, 90.3225806451613, 1.42813600207527
2044-11, 70, 0.57735140726973
2044-12, 22.5806451612903, -1.40781264727653
2045-01, 32.258064516129, -1.00267712594056
2045-02, 71.4285714285714, 0.637157127085992
2045-03, 61.2903225806452, 0.212729438067358
2045-04, 40, -0.678568708871781
2045-05, 9.67741935483871, -1.94799334239116
2045-06, 56.6666666666667, 0.0191646889846156
2045-07, 80.6451612903226, 1.0230004807393
2045-08, 87.0967741935484, 1.29309082829661
2045-09, 70, 0.57735140726973
2045-10, 58.0645161290323, 0.0776842642887006
2045-11, 53.3333333333333, -0.120381990586666
2045-12, 19.3548387096774, -1.54285782105519
2046-01, 41.9354838709677, -0.597541604604588
2046-02, 35.7142857142857, -0.857985868320569
2046-03, 83.8709677419355, 1.15804565451796
2046-04, 70, 0.57735140726973
2046-05, 38.7096774193548, -0.732586778383246
2046-06, 50, -0.259928670157944
2046-07, 9.67741935483871, -1.94799334239116
2046-08, 38.7096774193548, -0.732586778383246
2046-09, 56.6666666666667, 0.0191646889846156
2046-10, 16.1290322580645, -1.67790299483384
2046-11, 53.3333333333333, -0.120381990586666
2046-12, 29.0322580645161, -1.13772229971922
2047-01, 25.8064516129032, -1.27276747349787
2047-02, 57.1428571428571, 0.0390999289233667
2047-03, 58.0645161290323, 0.0776842642887006
2047-04, 96.6666666666667, 1.69372484383996
2047-05, 48.3870967741936, -0.32745125704727
2047-06, 70, 0.57735140726973
2047-07, 54.8387096774194, -0.0573609094899562
2047-08, 77.4193548387097, 0.887955306960642
2047-09, 53.3333333333333, -0.120381990586666
2047-10, 80.6451612903226, 1.0230004807393
2047-11, 76.6666666666667, 0.85644476641229
2047-12, 77.4193548387097, 0.887955306960642
2048-01, 96.7741935483871, 1.69822634963258
2048-02, 37.9310344827586, -0.765183889295334
2048-03, 74.1935483870968, 0.752910133181986
2048-04, 60, 0.158711368555893
2048-05, 45.1612903225806, -0.462496430825932
2048-06, 53.3333333333333, -0.120381990586666
2048-07, 67.741935483871, 0.482819785624672
2048-08, 61.2903225806452, 0.212729438067358
2048-09, 66.6666666666667, 0.437804727698453
2048-10, 58.0645161290323, 0.0776842642887006
2048-11, 56.6666666666667, 0.0191646889846156
2048-12, 6.45161290322581, -2.08303851616982
2049-01, 54.8387096774194, -0.0573609094899562
2049-02, 17.8571428571429, -1.60555736602385
2049-03, 9.67741935483871, -1.94799334239116
2049-04, 53.3333333333333, -0.120381990586666
2049-05, 35.4838709677419, -0.867631952161902
2049-06, 63.3333333333333, 0.298258048127171
2049-07, 83.8709677419355, 1.15804565451796
2049-08, 64.5161290322581, 0.347774611846015
2049-09, 36.6666666666667, -0.818115388443059
2049-10, 38.7096774193548, -0.732586778383246
2049-11, 43.3333333333333, -0.539022029300503
2049-12, 83.8709677419355, 1.15804565451796
2050-01, 90.3225806451613, 1.42813600207527
2050-02, 92.8571428571429, 1.53424292432993
2050-03, 83.8709677419355, 1.15804565451796
2050-04, 26.6666666666667, -1.2367554271569
2050-05, 77.4193548387097, 0.887955306960642
2050-06, 70, 0.57735140726973
2050-07, 100, 1.83327152341124
2050-08, 67.741935483871, 0.482819785624672
2050-09, 56.6666666666667, 0.0191646889846156
2050-10, 67.741935483871, 0.482819785624672
2050-11, 80, 0.995991445983567
2050-12, 22.5806451612903, -1.40781264727653
2051-01, 22.5806451612903, -1.40781264727653
2051-02, 3.57142857142857, -2.20361456418647
2051-03, 64.5161290322581, 0.347774611846015
2051-04, 63.3333333333333, 0.298258048127171
2051-05, 54.8387096774194, -0.0573609094899562
2051-06, 40, -0.678568708871781
2051-07, 54.8387096774194, -0.0573609094899562
2051-08, 41.9354838709677, -0.597541604604588
2051-09, 26.6666666666667, -1.2367554271569
2051-10, 54.8387096774194, -0.0573609094899562
2051-11, 76.6666666666667, 0.85644476641229
2051-12, 58.0645161290323, 0.0776842642887006
2052-01, 45.1612903225806, -0.462496430825932
2052-02, 82.7586206896552, 1.11147835321497
2052-03, 35.4838709677419, -0.867631952161902
2052-04, 46.6666666666667, -0.399475349729222
2052-05, 29.0322580645161, -1.13772229971922
2052-06, 63.3333333333333, 0.298258048127171
2052-07, 70.9677419354839, 0.617864959403329
2052-08, 70.9677419354839, 0.617864959403329
2052-09, 100, 1.83327152341124
2052-10, 83.8709677419355, 1.15804565451796
2052-11, 96.6666666666667, 1.69372484383996
2052-12, 93.5483870967742, 1.56318117585393
2053-01, 93.5483870967742, 1.56318117585393
2053-02, 85.7142857142857, 1.23521432524862
2053-03, 67.741935483871, 0.482819785624672
2053-04, 20, -1.51584878629946
2053-05, 61.2903225806452, 0.212729438067358
2053-06, 53.3333333333333, -0.120381990586666
2053-07, 38.7096774193548, -0.732586778383246
2053-08, 12.9032258064516, -1.8129481686125
2053-09, 26.6666666666667, -1.2367554271569
2053-10, 70.9677419354839, 0.617864959403329
2053-11, 26.6666666666667, -1.2367554271569
2053-12, 67.741935483871, 0.482819785624672
2054-01, 45.1612903225806, -0.462496430825932
2054-02, 75, 0.786671426626649
2054-03, 87.0967741935484, 1.29309082829661
2054-04, 33.3333333333333, -0.95766206801434
2054-05, 32.258064516129, -1.00267712594056
2054-06, 43.3333333333333, -0.539022029300503
2054-07, 51.6129032258064, -0.192406083268618
2054-08, 67.741935483871, 0.482819785624672
2054-09, 76.6666666666667, 0.85644476641229
2054-10, 61.2903225806452, 0.212729438067358
2054-11, 53.3333333333333, -0.120381990586666
2054-12, 70.9677419354839, 0.617864959403329
2055-01, 41.9354838709677, -0.597541604604588
2055-02, 7.14285714285714, -2.05410026464582
2055-03, 25.8064516129032, -1.27276747349787
2055-04, 70, 0.57735140726973
2055-05, 45.1612903225806, -0.462496430825932
2055-06, 100, 1.83327152341124
2055-07, 67.741935483871, 0.482819785624672
2055-08, 87.0967741935484, 1.29309082829661
2055-09, 63.3333333333333, 0.298258048127171
2055-10, 74.1935483870968, 0.752910133181986
2055-11, 73.3333333333333, 0.716898086841008
2055-12, 25.8064516129032, -1.27276747349787
2056-01, 93.5483870967742, 1.56318117585393
2056-02, 68.9655172413793, 0.534043817057954
2056-03, 35.4838709677419, -0.867631952161902
2056-04, 63.3333333333333, 0.298258048127171
2056-05, 67.741935483871, 0.482819785624672
2056-06, 36.6666666666667, -0.818115388443059
2056-07, 67.741935483871, 0.482819785624672
2056-08, 77.4193548387097, 0.887955306960642
2056-09, 23.3333333333333, -1.37630210672818
2056-10, 54.8387096774194, -0.0573609094899562
2056-11, 76.6666666666667, 0.85644476641229
2056-12, 38.7096774193548, -0.732586778383246
2057-01, 45.1612903225806, -0.462496430825932
2057-02, 71.4285714285714, 0.637157127085992
2057-03, 74.1935483870968, 0.752910133181986
2057-04, 90, 1.4146314846974
2057-05, 54.8387096774194, -0.0573609094899562
2057-06, 60, 0.158711368555893
2057-07, 90.3225806451613, 1.42813600207527
2057-08, 74.1935483870968, 0.752910133181986
2057-09, 33.3333333333333, -0.95766206801434
2057-10, 67.741935483871, 0.482819785624672
2057-11, 36.6666666666667, -0.818115388443059
2057-12, 3.2258064516129, -2.21808368994847
2058-01, 74.1935483870968, 0.752910133181986
2058-02, 67.8571428571429, 0.487642827545339
2058-03, 64.5161290322581, 0.347774611846015
2058-04, 83.3333333333333, 1.13553812555484
2058-05, 70.9677419354839, 0.617864959403329
2058-06, 83.3333333333333, 1.13553812555484
2058-07, 51.6129032258064, -0.192406083268618
2058-08, 51.6129032258064, -0.192406083268618
2058-09, 16.6666666666667, -1.65539546587073
2058-10, 77.4193548387097, 0.887955306960642
2058-11, 73.3333333333333, 0.716898086841008
2058-12, 61.2903225806452, 0.212729438067358
2059-01, 19.3548387096774, -1.54285782105519
2059-02, 67.8571428571429, 0.487642827545339
2059-03, 83.8709677419355, 1.15804565451796
2059-04, 50, -0.259928670157944
2059-05, 29.0322580645161, -1.13772229971922
2059-06, 83.3333333333333, 1.13553812555484
2059-07, 64.5161290322581, 0.347774611846015
2059-08, 90.3225806451613, 1.42813600207527
2059-09, 43.3333333333333, -0.539022029300503
2059-10, 19.3548387096774, -1.54285782105519
2059-11, 36.6666666666667, -0.818115388443059
2059-12, 61.2903225806452, 0.212729438067358
2060-01, 9.67741935483871, -1.94799334239116
2060-02, 24.1379310344828, -1.34261842545235
2060-03, 58.0645161290323, 0.0776842642887006
2060-04, 53.3333333333333, -0.120381990586666
2060-05, 64.5161290322581, 0.347774611846015
2060-06, 63.3333333333333, 0.298258048127171
2060-07, 74.1935483870968, 0.752910133181986
2060-08, 100, 1.83327152341124
2060-09, 70, 0.57735140726973
2060-10, 54.8387096774194, -0.0573609094899562
2060-11, 76.6666666666667, 0.85644476641229
2060-12, 70.9677419354839, 0.617864959403329
2061-01, 80.6451612903226, 1.0230004807393
2061-02, 53.5714285714286, -0.110414370617287
2061-03, 54.8387096774194, -0.0573609094899562
2061-04, 26.6666666666667, -1.2367554271569
2061-05, 48.3870967741936, -0.32745125704727
2061-06, 80, 0.995991445983567
2061-07, 93.5483870967742, 1.56318117585393
2061-08, 61.2903225806452, 0.212729438067358
2061-09, 53.3333333333333, -0.120381990586666
2061-10, 54.8387096774194, -0.0573609094899562
2061-11, 50, -0.259928670157944
2061-12, 96.7741935483871, 1.69822634963258
2062-01, 32.258064516129, -1.00267712594056
2062-02, 28.5714285714286, -1.15701446740188
2062-03, 77.4193548387097, 0.887955306960642
2062-04, 40, -0.678568708871781
2062-05, 41.9354838709677, -0.597541604604588
2062-06, 96.6666666666667, 1.69372484383996
2062-07, 96.7741935483871, 1.69822634963258
2062-08, 61.2903225806452, 0.212729438067358
2062-09, 76.6666666666667, 0.85644476641229
2062-10, 64.5161290322581, 0.347774611846015
2062-11, 100, 1.83327152341124
2062-12, 83.8709677419355, 1.15804565451796
2063-01, 90.3225806451613, 1.42813600207527
2063-02, 89.2857142857143, 1.38472862478927
2063-03, 61.2903225806452, 0.212729438067358
2063-04, 63.3333333333333, 0.298258048127171
2063-05, 83.8709677419355, 1.15804565451796
2063-06, 93.3333333333333, 1.55417816426868
2063-07, 83.8709677419355, 1.15804565451796
2063-08, 29.0322580645161, -1.13772229971922
2063-09, 3.33333333333333, -2.21358218415585
2063-10, 74.1935483870968, 0.752910133181986
2063-11, 53.3333333333333, -0.120381990586666
2063-12, 87.0967741935484, 1.29309082829661
2064-01, 51.6129032258064, -0.192406083268618
2064-02, 100, 1.83327152341124
2064-03, 96.7741935483871, 1.69822634963258
2064-04, 56.6666666666667, 0.0191646889846156
2064-05, 64.5161290322581, 0.347774611846015
2064-06, 100, 1.83327152341124
2064-07, 100, 1.83327152341124
2064-08, 90.3225806451613, 1.42813600207527
2064-09, 20, -1.51584878629946
2064-10, 80.6451612903226, 1.0230004807393
2064-11, 40, -0.678568708871781
2064-12, 61.2903225806452, 0.212729438067358
2065-01, 77.4193548387097, 0.887955306960642
2065-02, 100, 1.83327152341124
2065-03, 61.2903225806452, 0.212729438067358
2065-04, 63.3333333333333, 0.298258048127171
2065-05, 22.5806451612903, -1.40781264727653
2065-06, 40, -0.678568708871781
2065-07, 51.6129032258064, -0.192406083268618
2065-08, 29.0322580645161, -1.13772229971922
2065-09, 50, -0.259928670157944
2065-10, 77.4193548387097, 0.887955306960642
2065-11, 96.6666666666667, 1.69372484383996
2065-12, 83.8709677419355, 1.15804565451796
2066-01, 80.6451612903226, 1.0230004807393
2066-02, 78.5714285714286, 0.936185726167306
2066-03, 93.5483870967742, 1.56318117585393
2066-04, 60, 0.158711368555893
2066-05, 54.8387096774194, -0.0573609094899562
2066-06, 73.3333333333333, 0.716898086841008
2066-07, 38.7096774193548, -0.732586778383246
2066-08, 61.2903225806452, 0.212729438067358
2066-09, 73.3333333333333, 0.716898086841008
2066-10, 61.2903225806452, 0.212729438067358
2066-11, 13.3333333333333, -1.79494214544201
2066-12, 80.6451612903226, 1.0230004807393
2067-01, 58.0645161290323, 0.0776842642887006
2067-02, 67.8571428571429, 0.487642827545339
2067-03, 77.4193548387097, 0.887955306960642
2067-04, 40, -0.678568708871781
2067-05, 64.5161290322581, 0.347774611846015
2067-06, 53.3333333333333, -0.120381990586666
2067-07, 51.6129032258064, -0.192406083268618
2067-08, 67.741935483871, 0.482819785624672
2067-09, 20, -1.51584878629946
2067-10, 58.0645161290323, 0.0776842642887006
2067-11, 33.3333333333333, -0.95766206801434
2067-12, 61.2903225806452, 0.212729438067358
2068-01, 90.3225806451613, 1.42813600207527
2068-02, 6.89655172413793, -2.06441159564862
2068-03, 58.0645161290323, 0.0776842642887006
2068-04, 73.3333333333333, 0.716898086841008
2068-05, 58.0645161290323, 0.0776842642887006
2068-06, 66.6666666666667, 0.437804727698453
2068-07, 45.1612903225806, -0.462496430825932
2068-08, 83.8709677419355, 1.15804565451796
2068-09, 63.3333333333333, 0.298258048127171
2068-10, 61.2903225806452, 0.212729438067358
2068-11, 56.6666666666667, 0.0191646889846156
2068-12, 67.741935483871, 0.482819785624672
2069-01, 61.2903225806452, 0.212729438067358
2069-02, 42.8571428571429, -0.558957269239254
2069-03, 45.1612903225806, -0.462496430825932
2069-04, 63.3333333333333, 0.298258048127171
2069-05, 67.741935483871, 0.482819785624672
2069-06, 83.3333333333333, 1.13553812555484
2069-07, 38.7096774193548, -0.732586778383246
2069-08, 54.8387096774194, -0.0573609094899562
2069-09, 33.3333333333333, -0.95766206801434
2069-10, 45.1612903225806, -0.462496430825932
2069-11, 70, 0.57735140726973
2069-12, 38.7096774193548, -0.732586778383246
2070-01, 29.0322580645161, -1.13772229971922
2070-02, 7.14285714285714, -2.05410026464582
2070-03, 9.67741935483871, -1.94799334239116
2070-04, 16.6666666666667, -1.65539546587073
2070-05, 35.4838709677419, -0.867631952161902
2070-06, 86.6666666666667, 1.27508480512613
2070-07, 48.3870967741936, -0.32745125704727
2070-08, 45.1612903225806, -0.462496430825932
2070-09, 63.3333333333333, 0.298258048127171
2070-10, 45.1612903225806, -0.462496430825932
2070-11, 83.3333333333333, 1.13553812555484
2070-12, 48.3870967741936, -0.32745125704727
2071-01, 51.6129032258064, -0.192406083268618
2071-02, 92.8571428571429, 1.53424292432993
2071-03, 83.8709677419355, 1.15804565451796
2071-04, 33.3333333333333, -0.95766206801434
2071-05, 48.3870967741936, -0.32745125704727
2071-06, 83.3333333333333, 1.13553812555484
2071-07, 87.0967741935484, 1.29309082829661
2071-08, 70.9677419354839, 0.617864959403329
2071-09, 33.3333333333333, -0.95766206801434
2071-10, 58.0645161290323, 0.0776842642887006
2071-11, 30, -1.09720874758562
2071-12, 6.45161290322581, -2.08303851616982
2072-01, 77.4193548387097, 0.887955306960642
2072-02, 96.551724137931, 1.68891288937199
2072-03, 83.8709677419355, 1.15804565451796
2072-04, 80, 0.995991445983567
2072-05, 77.4193548387097, 0.887955306960642
2072-06, 63.3333333333333, 0.298258048127171
2072-07, 83.8709677419355, 1.15804565451796
2072-08, 87.0967741935484, 1.29309082829661
2072-09, 76.6666666666667, 0.85644476641229
2072-10, 67.741935483871, 0.482819785624672
2072-11, 46.6666666666667, -0.399475349729222
2072-12, 12.9032258064516, -1.8129481686125
2073-01, 45.1612903225806, -0.462496430825932
2073-02, 78.5714285714286, 0.936185726167306
2073-03, 93.5483870967742, 1.56318117585393
2073-04, 30, -1.09720874758562
2073-05, 61.2903225806452, 0.212729438067358
2073-06, 56.6666666666667, 0.0191646889846156
2073-07, 45.1612903225806, -0.462496430825932
2073-08, 67.741935483871, 0.482819785624672
2073-09, 26.6666666666667, -1.2367554271569
2073-10, 77.4193548387097, 0.887955306960642
2073-11, 66.6666666666667, 0.437804727698453
2073-12, 0, -2.35312886372713
2074-01, 35.4838709677419, -0.867631952161902
2074-02, 82.1428571428571, 1.08570002570796
2074-03, 90.3225806451613, 1.42813600207527
2074-04, 50, -0.259928670157944
2074-05, 74.1935483870968, 0.752910133181986
2074-06, 56.6666666666667, 0.0191646889846156
2074-07, 77.4193548387097, 0.887955306960642
2074-08, 90.3225806451613, 1.42813600207527
2074-09, 63.3333333333333, 0.298258048127171
2074-10, 77.4193548387097, 0.887955306960642
2074-11, 80, 0.995991445983567
2074-12, 38.7096774193548, -0.732586778383246
2075-01, 45.1612903225806, -0.462496430825932
2075-02, 71.4285714285714, 0.637157127085992
2075-03, 51.6129032258064, -0.192406083268618
2075-04, 36.6666666666667, -0.818115388443059
2075-05, 90.3225806451613, 1.42813600207527
2075-06, 56.6666666666667, 0.0191646889846156
2075-07, 48.3870967741936, -0.32745125704727
2075-08, 64.5161290322581, 0.347774611846015
2075-09, 60, 0.158711368555893
2075-10, 87.0967741935484, 1.29309082829661
2075-11, 73.3333333333333, 0.716898086841008
2075-12, 35.4838709677419, -0.867631952161902
2076-01, 45.1612903225806, -0.462496430825932
2076-02, 75.8620689655172, 0.82276108513646
2076-03, 64.5161290322581, 0.347774611846015
2076-04, 23.3333333333333, -1.37630210672818
2076-05, 51.6129032258064, -0.192406083268618
2076-06, 43.3333333333333, -0.539022029300503
2076-07, 51.6129032258064, -0.192406083268618
2076-08, 58.0645161290323, 0.0776842642887006
2076-09, 26.6666666666667, -1.2367554271569
2076-10, 48.3870967741936, -0.32745125704727
2076-11, 26.6666666666667, -1.2367554271569
2076-12, 80.6451612903226, 1.0230004807393
2077-01, 9.67741935483871, -1.94799334239116
2077-02, 53.5714285714286, -0.110414370617287
2077-03, 25.8064516129032, -1.27276747349787
2077-04, 43.3333333333333, -0.539022029300503
2077-05, 80.6451612903226, 1.0230004807393
2077-06, 70, 0.57735140726973
2077-07, 64.5161290322581, 0.347774611846015
2077-08, 83.8709677419355, 1.15804565451796
2077-09, 56.6666666666667, 0.0191646889846156
2077-10, 83.8709677419355, 1.15804565451796
2077-11, 83.3333333333333, 1.13553812555484
2077-12, 58.0645161290323, 0.0776842642887006
2078-01, 80.6451612903226, 1.0230004807393
2078-02, 92.8571428571429, 1.53424292432993
2078-03, 100, 1.83327152341124
2078-04, 76.6666666666667, 0.85644476641229
2078-05, 61.2903225806452, 0.212729438067358
2078-06, 76.6666666666667, 0.85644476641229
2078-07, 74.1935483870968, 0.752910133181986
2078-08, 77.4193548387097, 0.887955306960642
2078-09, 56.6666666666667, 0.0191646889846156
2078-10, 67.741935483871, 0.482819785624672
2078-11, 40, -0.678568708871781
2078-12, 48.3870967741936, -0.32745125704727
2079-01, 35.4838709677419, -0.867631952161902
2079-02, 35.7142857142857, -0.857985868320569
2079-03, 64.5161290322581, 0.347774611846015
2079-04, 10, -1.93448882501329
2079-05, 38.7096774193548, -0.732586778383246
2079-06, 86.6666666666667, 1.27508480512613
2079-07, 51.6129032258064, -0.192406083268618
2079-08, 70.9677419354839, 0.617864959403329
2079-09, 43.3333333333333, -0.539022029300503
2079-10, 48.3870967741936, -0.32745125704727
2079-11, 80, 0.995991445983567
2079-12, 87.0967741935484, 1.29309082829661
2080-01, 12.9032258064516, -1.8129481686125
2080-02, 10.3448275862069, -1.92005296160937
2080-03, 41.9354838709677, -0.597541604604588
2080-04, 50, -0.259928670157944
2080-05, 58.0645161290323, 0.0776842642887006
2080-06, 46.6666666666667, -0.399475349729222
2080-07, 25.8064516129032, -1.27276747349787
2080-08, 51.6129032258064, -0.192406083268618
2080-09, 33.3333333333333, -0.95766206801434
2080-10, 38.7096774193548, -0.732586778383246
2080-11, 66.6666666666667, 0.437804727698453
2080-12, 64.5161290322581, 0.347774611846015
2081-01, 80.6451612903226, 1.0230004807393
2081-02, 42.8571428571429, -0.558957269239254
2081-03, 0, -2.35312886372713
2081-04, 53.3333333333333, -0.120381990586666
2081-05, 29.0322580645161, -1.13772229971922
2081-06, 33.3333333333333, -0.95766206801434
2081-07, 41.9354838709677, -0.597541604604588
2081-08, 29.0322580645161, -1.13772229971922
2081-09, 36.6666666666667, -0.818115388443059
2081-10, 83.8709677419355, 1.15804565451796
2081-11, 90, 1.4146314846974
2081-12, 35.4838709677419, -0.867631952161902
2082-01, 83.8709677419355, 1.15804565451796
2082-02, 67.8571428571429, 0.487642827545339
2082-03, 90.3225806451613, 1.42813600207527
2082-04, 46.6666666666667, -0.399475349729222
2082-05, 70.9677419354839, 0.617864959403329
2082-06, 70, 0.57735140726973
2082-07, 80.6451612903226, 1.0230004807393
2082-08, 70.9677419354839, 0.617864959403329
2082-09, 26.6666666666667, -1.2367554271569
2082-10, 48.3870967741936, -0.32745125704727
2082-11, 56.6666666666667, 0.0191646889846156
2082-12, 70.9677419354839, 0.617864959403329
2083-01, 80.6451612903226, 1.0230004807393
2083-02, 96.4285714285714, 1.68375722387058
2083-03, 74.1935483870968, 0.752910133181986
2083-04, 20, -1.51584878629946
2083-05, 67.741935483871, 0.482819785624672
2083-06, 36.6666666666667, -0.818115388443059
2083-07, 35.4838709677419, -0.867631952161902
2083-08, 48.3870967741936, -0.32745125704727
2083-09, 63.3333333333333, 0.298258048127171
2083-10, 100, 1.83327152341124
2083-11, 93.3333333333333, 1.55417816426868
2083-12, 19.3548387096774, -1.54285782105519
2084-01, 51.6129032258064, -0.192406083268618
2084-02, 100, 1.83327152341124
2084-03, 61.2903225806452, 0.212729438067358
2084-04, 83.3333333333333, 1.13553812555484
2084-05, 74.1935483870968, 0.752910133181986
2084-06, 73.3333333333333, 0.716898086841008
2084-07, 45.1612903225806, -0.462496430825932
2084-08, 70.9677419354839, 0.617864959403329
2084-09, 76.6666666666667, 0.85644476641229
2084-10, 48.3870967741936, -0.32745125704727
2084-11, 40, -0.678568708871781
2084-12, 100, 1.83327152341124
2085-01, 67.741935483871, 0.482819785624672
2085-02, 28.5714285714286, -1.15701446740188
2085-03, 29.0322580645161, -1.13772229971922
2085-04, 80, 0.995991445983567
2085-05, 90.3225806451613, 1.42813600207527
2085-06, 83.3333333333333, 1.13553812555484
2085-07, 77.4193548387097, 0.887955306960642
2085-08, 41.9354838709677, -0.597541604604588
2085-09, 33.3333333333333, -0.95766206801434
2085-10, 22.5806451612903, -1.40781264727653
2085-11, 26.6666666666667, -1.2367554271569
2085-12, 74.1935483870968, 0.752910133181986
2086-01, 61.2903225806452, 0.212729438067358
2086-02, 85.7142857142857, 1.23521432524862
2086-03, 3.2258064516129, -2.21808368994847
2086-04, 56.6666666666667, 0.0191646889846156
2086-05, 70.9677419354839, 0.617864959403329
2086-06, 90, 1.4146314846974
2086-07, 96.7741935483871, 1.69822634963258
2086-08, 100, 1.83327152341124
2086-09, 56.6666666666667, 0.0191646889846156
2086-10, 64.5161290322581, 0.347774611846015
2086-11, 60, 0.158711368555893
2086-12, 32.258064516129, -1.00267712594056
2087-01, 3.2258064516129, -2.21808368994847
2087-02, 10.7142857142857, -1.90458596510516
2087-03, 9.67741935483871, -1.94799334239116
2087-04, 66.6666666666667, 0.437804727698453
2087-05, 61.2903225806452, 0.212729438067358
2087-06, 66.6666666666667, 0.437804727698453
2087-07, 51.6129032258064, -0.192406083268618
2087-08, 12.9032258064516, -1.8129481686125
2087-09, 13.3333333333333, -1.79494214544201
2087-10, 29.0322580645161, -1.13772229971922
2087-11, 56.6666666666667, 0.0191646889846156
2087-12, 6.45161290322581, -2.08303851616982
2088-01, 61.2903225806452, 0.212729438067358
2088-02, 100, 1.83327152341124
2088-03, 74.1935483870968, 0.752910133181986
2088-04, 46.6666666666667, -0.399475349729222
2088-05, 64.5161290322581, 0.347774611846015
2088-06, 23.3333333333333, -1.37630210672818
2088-07, 45.1612903225806, -0.462496430825932
2088-08, 54.8387096774194, -0.0573609094899562
2088-09, 90, 1.4146314846974
2088-10, 51.6129032258064, -0.192406083268618
2088-11, 56.6666666666667, 0.0191646889846156
2088-12, 80.6451612903226, 1.0230004807393
2089-01, 96.7741935483871, 1.69822634963258
2089-02, 100, 1.83327152341124
2089-03, 64.5161290322581, 0.347774611846015
2089-04, 36.6666666666667, -0.818115388443059
2089-05, 35.4838709677419, -0.867631952161902
2089-06, 43.3333333333333, -0.539022029300503
2089-07, 70.9677419354839, 0.617864959403329
2089-08, 70.9677419354839, 0.617864959403329
2089-09, 50, -0.259928670157944
2089-10, 45.1612903225806, -0.462496430825932
2089-11, 53.3333333333333, -0.120381990586666
2089-12, 41.9354838709677, -0.597541604604588
2090-01, 96.7741935483871, 1.69822634963258
2090-02, 100, 1.83327152341124
2090-03, 54.8387096774194, -0.0573609094899562
2090-04, 46.6666666666667, -0.399475349729222
2090-05, 48.3870967741936, -0.32745125704727
2090-06, 43.3333333333333, -0.539022029300503
2090-07, 64.5161290322581, 0.347774611846015
2090-08, 48.3870967741936, -0.32745125704727
2090-09, 53.3333333333333, -0.120381990586666
2090-10, 80.6451612903226, 1.0230004807393
2090-11, 76.6666666666667, 0.85644476641229
2090-12, 58.0645161290323, 0.0776842642887006
2091-01, 45.1612903225806, -0.462496430825932
2091-02, 100, 1.83327152341124
2091-03, 87.0967741935484, 1.29309082829661
2091-04, 86.6666666666667, 1.27508480512613
2091-05, 48.3870967741936, -0.32745125704727
2091-06, 86.6666666666667, 1.27508480512613
2091-07, 83.8709677419355, 1.15804565451796
2091-08, 77.4193548387097, 0.887955306960642
2091-09, 80, 0.995991445983567
2091-10, 54.8387096774194, -0.0573609094899562
2091-11, 73.3333333333333, 0.716898086841008
2091-12, 67.741935483871, 0.482819785624672
2092-01, 87.0967741935484, 1.29309082829661
2092-02, 100, 1.83327152341124
2092-03, 77.4193548387097, 0.887955306960642
2092-04, 80, 0.995991445983567
2092-05, 45.1612903225806, -0.462496430825932
2092-06, 66.6666666666667, 0.437804727698453
2092-07, 93.5483870967742, 1.56318117585393
2092-08, 74.1935483870968, 0.752910133181986
2092-09, 50, -0.259928670157944
2092-10, 83.8709677419355, 1.15804565451796
2092-11, 80, 0.995991445983567
2092-12, 32.258064516129, -1.00267712594056
2093-01, 45.1612903225806, -0.462496430825932
2093-02, 78.5714285714286, 0.936185726167306
2093-03, 74.1935483870968, 0.752910133181986
2093-04, 46.6666666666667, -0.399475349729222
2093-05, 90.3225806451613, 1.42813600207527
2093-06, 53.3333333333333, -0.120381990586666
2093-07, 77.4193548387097, 0.887955306960642
2093-08, 77.4193548387097, 0.887955306960642
2093-09, 86.6666666666667, 1.27508480512613
2093-10, 80.6451612903226, 1.0230004807393
2093-11, 100, 1.83327152341124
2093-12, 58.0645161290323, 0.0776842642887006
2094-01, 61.2903225806452, 0.212729438067358
2094-02, 64.2857142857143, 0.338128528004681
2094-03, 77.4193548387097, 0.887955306960642
2094-04, 40, -0.678568708871781
2094-05, 74.1935483870968, 0.752910133181986
2094-06, 80, 0.995991445983567
2094-07, 70.9677419354839, 0.617864959403329
2094-08, 64.5161290322581, 0.347774611846015
2094-09, 60, 0.158711368555893
2094-10, 22.5806451612903, -1.40781264727653
2094-11, 40, -0.678568708871781
2094-12, 90.3225806451613, 1.42813600207527
2095-01, 38.7096774193548, -0.732586778383246
2095-02, 42.8571428571429, -0.558957269239254
2095-03, 48.3870967741936, -0.32745125704727
2095-04, 16.6666666666667, -1.65539546587073
2095-05, 90.3225806451613, 1.42813600207527
2095-06, 73.3333333333333, 0.716898086841008
2095-07, 77.4193548387097, 0.887955306960642
2095-08, 41.9354838709677, -0.597541604604588
2095-09, 96.6666666666667, 1.69372484383996
2095-10, 58.0645161290323, 0.0776842642887006
2095-11, 83.3333333333333, 1.13553812555484
2095-12, 67.741935483871, 0.482819785624672
2096-01, 96.7741935483871, 1.69822634963258
2096-02, 96.551724137931, 1.68891288937199
2096-03, 74.1935483870968, 0.752910133181986
2096-04, 40, -0.678568708871781
2096-05, 93.5483870967742, 1.56318117585393
2096-06, 70, 0.57735140726973
2096-07, 93.5483870967742, 1.56318117585393
2096-08, 96.7741935483871, 1.69822634963258
2096-09, 83.3333333333333, 1.13553812555484
2096-10, 61.2903225806452, 0.212729438067358
2096-11, 40, -0.678568708871781
2096-12, 54.8387096774194, -0.0573609094899562
2097-01, 58.0645161290323, 0.0776842642887006
2097-02, 64.2857142857143, 0.338128528004681
2097-03, 64.5161290322581, 0.347774611846015
2097-04, 100, 1.83327152341124
2097-05, 83.8709677419355, 1.15804565451796
2097-06, 96.6666666666667, 1.69372484383996
2097-07, 100, 1.83327152341124
2097-08, 96.7741935483871, 1.69822634963258
2097-09, 63.3333333333333, 0.298258048127171
2097-10, 41.9354838709677, -0.597541604604588
2097-11, 100, 1.83327152341124
2097-12, 48.3870967741936, -0.32745125704727
2098-01, 54.8387096774194, -0.0573609094899562
2098-02, 89.2857142857143, 1.38472862478927
2098-03, 74.1935483870968, 0.752910133181986
2098-04, 90, 1.4146314846974
2098-05, 80.6451612903226, 1.0230004807393
2098-06, 90, 1.4146314846974
2098-07, 58.0645161290323, 0.0776842642887006
2098-08, 80.6451612903226, 1.0230004807393
2098-09, 83.3333333333333, 1.13553812555484
2098-10, 51.6129032258064, -0.192406083268618
2098-11, 50, -0.259928670157944
2098-12, 48.3870967741936, -0.32745125704727
2099-01, 35.4838709677419, -0.867631952161902
2099-02, 92.8571428571429, 1.53424292432993
2099-03, 61.2903225806452, 0.212729438067358
2099-04, 66.6666666666667, 0.437804727698453
2099-05, 48.3870967741936, -0.32745125704727
2099-06, 53.3333333333333, -0.120381990586666
2099-07, 87.0967741935484, 1.29309082829661
2099-08, 90.3225806451613, 1.42813600207527
2099-09, 86.6666666666667, 1.27508480512613
2099-10, 51.6129032258064, -0.192406083268618
2099-11, 96.6666666666667, 1.69372484383996
2099-12, 90.3225806451613, 1.42813600207527
2100-01, 54.8387096774194, -0.0573609094899562
2100-02, 78.5714285714286, 0.936185726167306
2100-03, 77.4193548387097, 0.887955306960642
2100-04, 83.3333333333333, 1.13553812555484
2100-05, 77.4193548387097, 0.887955306960642
2100-06, 96.6666666666667, 1.69372484383996
2100-07, 74.1935483870968, 0.752910133181986
2100-08, 58.0645161290323, 0.0776842642887006
2100-09, 76.6666666666667, 0.85644476641229
2100-10, 100, 1.83327152341124
2100-11, 80, 0.995991445983567
2100-12, 64.5161290322581, 0.347774611846015
