"Description: ","Standardised Precipitation Index"
"Station: ","final_1971_2005_Vienna_rcp45"
"Latitude: ","48.2"
"Longitude: ","16.37"
"Climpact_version: ","3.1.6"
"Date_of_calculation: ","2024-01-01"
time, spi
1971-01, -99.9
1971-02, -99.9
1971-03, -99.9
1971-04, -99.9
1971-05, -99.9
1971-06, -99.9
1971-07, -99.9
1971-08, -99.9
1971-09, -99.9
1971-10, -99.9
1971-11, -99.9
1971-12, -99.9
1972-01, -99.9
1972-02, -99.9
1972-03, -99.9
1972-04, -99.9
1972-05, -99.9
1972-06, -99.9
1972-07, -99.9
1972-08, -99.9
1972-09, -99.9
1972-10, -99.9
1972-11, -99.9
1972-12, 0.174228066570875
1973-01, 0.164283691521002
1973-02, -0.0576635018958378
1973-03, 0.0279128633380239
1973-04, 0.103067034100133
1973-05, 0.876540129335676
1973-06, 0.745833831056436
1973-07, 0.514226281074547
1973-08, 0.214807398306295
1973-09, -0.0280050212635601
1973-10, 0.00774021279040405
1973-11, -0.0403661076556731
1973-12, -0.0413660653178181
1974-01, -0.327433240981778
1974-02, -0.659416373405489
1974-03, -0.410485833681868
1974-04, -0.652079515860845
1974-05, -0.210954374807418
1974-06, 0.0156526225688164
1974-07, 0.473479018076461
1974-08, 0.0432190508814543
1974-09, 0.187437151650796
1974-10, 0.623313071457483
1974-11, 0.839389733418275
1974-12, 1.5925527192751
1975-01, 1.54233551443946
1975-02, 1.35794204748787
1975-03, 1.3568407182926
1975-04, 1.38788805038353
1975-05, 0.849496937423249
1975-06, 0.779327353315081
1975-07, 1.13518289778568
1975-08, 1.09510361406053
1975-09, 1.36729168280754
1975-10, 1.13586240959035
1975-11, 0.953279418837597
1975-12, 1.3469372842567
1976-01, 1.52438497169299
1976-02, 1.6158496031838
1976-03, 1.31161933051037
1976-04, 1.32687988859266
1976-05, 0.696330727901762
1976-06, 0.730757855794433
1976-07, -0.224159332922742
1976-08, -0.277052585524156
1976-09, -0.434925386004699
1976-10, -0.906380887491277
1976-11, -0.804805487252166
1976-12, -1.35267194312609
1977-01, -1.31312093966602
1977-02, -1.14200265804756
1977-03, -1.35487282102525
1977-04, -1.2999491434225
1977-05, -0.870746827032344
1977-06, -0.705179752340919
1977-07, -0.933925162669979
1977-08, 0.116781289500833
1977-09, -0.377322575050837
1977-10, -0.0336009087925873
1977-11, -0.0195330298638507
1977-12, -0.293609517046714
1978-01, -0.124367315294818
1978-02, -0.229103916020899
1978-03, -0.472957403518594
1978-04, -0.537858072840445
1978-05, -0.373782841162017
1978-06, -0.680641083268685
1978-07, -0.0966940871240416
1978-08, 0.614719260517272
1978-09, 0.783076925787383
1978-10, 0.777153411054076
1978-11, 0.609422110411547
1978-12, 0.432089359004432
1979-01, 0.480104747980983
1979-02, 0.362462645683591
1979-03, 0.306932871655141
1979-04, 0.15468113951858
1979-05, -0.571382640159755
1979-06, -0.767804438200868
1979-07, -0.692696085213006
1979-08, -1.73581234648304
1979-09, -1.46565338570761
1979-10, -2.07691227818879
1979-11, -2.26045977720638
1979-12, -2.17583644148181
1980-01, -2.10377716851049
1980-02, -2.10260420415415
1980-03, -2.2493922627063
1980-04, -2.09350325509767
1980-05, -2.09649468019735
1980-06, -1.41497280843751
1980-07, -1.95580853487432
1980-08, -2.54355545484898
1980-09, -1.98924335463512
1980-10, -1.92762629839613
1980-11, -1.11702348815974
1980-12, -0.833342189016523
1981-01, -0.810320741772833
1981-02, -0.697651439574512
1981-03, -0.795856077310134
1981-04, -0.661476929265427
1981-05, -0.426401417632194
1981-06, -0.0410676700537724
1981-07, -0.228679309897229
1981-08, -0.418406238474525
1981-09, -0.425418623198361
1981-10, -0.550035441790155
1981-11, -0.564478812985654
1981-12, -0.864526902537914
1982-01, -1.17387339144662
1982-02, -1.14516188402876
1982-03, -1.24604413811331
1982-04, -1.4862495846211
1982-05, -1.46187765640508
1982-06, -1.45010104904748
1982-07, -1.44399945000442
1982-08, -1.4704891282503
1982-09, -1.87253104730982
1982-10, -2.1675981892685
1982-11, -2.74473457246399
1982-12, -2.91744996031719
1983-01, -3.16869573376073
1983-02, -3.1549974746026
1983-03, -3.32416847223908
1983-04, -3.6863666300802
1983-05, -3.59905097349933
1983-06, -3.35800029168486
1983-07, -3.81353901491725
1983-08, -3.60202155765527
1983-09, -2.80764330662567
1983-10, -2.70678991234355
1983-11, -2.20615336380917
1983-12, -1.77673649786608
1984-01, -1.27638630649956
1984-02, -1.20960842013232
1984-03, -1.38574755346072
1984-04, -1.30502164909265
1984-05, -1.24837545085106
1984-06, -1.5844785733938
1984-07, -1.99992962317005
1984-08, -1.83982445982902
1984-09, -1.39602372155493
1984-10, -1.496033236283
1984-11, -1.52828794689344
1984-12, -1.63043170934802
1985-01, -1.47842511608186
1985-02, -1.49434544705039
1985-03, -1.70598089267115
1985-04, -1.70135772445036
1985-05, -1.09031007537996
1985-06, -1.10405126428731
1985-07, -1.07899046548533
1985-08, -0.568744539323484
1985-09, -0.846947319114781
1985-10, -0.672986020507325
1985-11, -0.587344985774709
1985-12, -0.764168877634349
1986-01, -1.30281303960889
1986-02, -1.23072986307945
1986-03, -0.90406510358653
1986-04, -1.04159564186058
1986-05, -0.549204803064167
1986-06, -0.316223389696264
1986-07, -0.107417050684893
1986-08, -0.149743889557252
1986-09, -0.138242125444591
1986-10, 0.0321988128346519
1986-11, -0.163146962653186
1986-12, -0.199107518997747
1987-01, -0.14511352248805
1987-02, -0.0841071981495254
1987-03, 0.196913513149999
1987-04, 0.16367150274499
1987-05, -0.0888467064489752
1987-06, -0.245128567566997
1987-07, -0.231871959675382
1987-08, -0.295558116773948
1987-09, 0.121578211528439
1987-10, -0.166509487870196
1987-11, -0.34160148424606
1987-12, -0.301513394404564
1988-01, -0.241665666343808
1988-02, -0.244651748397876
1988-03, -0.469707649171579
1988-04, -0.228717029855659
1988-05, -0.33747379551895
1988-06, -0.399523091097201
1988-07, -0.492103666892439
1988-08, -0.517492726830681
1988-09, -0.62738714996874
1988-10, -0.385184541486251
1988-11, -0.253496865592825
1988-12, -0.367936378178981
1989-01, -0.495149526305844
1989-02, -0.351359491536557
1989-03, -0.599257648220142
1989-04, -0.337020595725241
1989-05, -0.203078054695883
1989-06, -0.17539803651773
1989-07, 0.642350911591147
1989-08, 0.534063677117007
1989-09, 0.353882935429853
1989-10, 0.435264700485012
1989-11, 0.654561803519329
1989-12, 0.55617882082401
1990-01, 0.603412581589239
1990-02, 0.521435901898999
1990-03, 0.743585890603972
1990-04, 1.08043593843524
1990-05, 1.08978003659012
1990-06, 1.13864747321328
1990-07, 1.17981577752258
1990-08, 1.0184127721565
1990-09, 1.10477647647627
1990-10, 0.608275208277795
1990-11, 0.917777909736804
1990-12, 0.879417346577987
1991-01, 0.966923693793297
1991-02, 0.837742100909949
1991-03, 1.14119848200911
1991-04, 1.16571786742848
1991-05, 1.22167284602653
1991-06, 1.29934723645848
1991-07, 0.548660413711718
1991-08, 0.730629322859197
1991-09, 0.670181931178319
1991-10, 0.549419990374077
1991-11, 0.366772706408633
1991-12, 0.735701726816738
1992-01, 0.916256802321559
1992-02, 0.873690670015031
1992-03, 0.64010902072859
1992-04, 0.525899912706258
1992-05, 0.345531467118986
1992-06, 0.279938314835785
1992-07, 0.552102068891645
1992-08, 0.792078357976524
1992-09, 1.03823098870575
1992-10, 1.21380721177572
1992-11, 0.731917039148421
1992-12, 0.893250416999868
1993-01, 1.19239134488767
1993-02, 1.42125173613298
1993-03, 1.12826714226258
1993-04, 0.842607106472125
1993-05, 0.45235106996206
1993-06, 0.177997080232689
1993-07, 0.546368295051003
1993-08, 0.0524088229116456
1993-09, 0.12070569565516
1993-10, 0.322592561990382
1993-11, 0.611663358123171
1993-12, 0.537586041506829
1994-01, 0.868428094089407
1994-02, 0.906087858300239
1994-03, 0.931375280210374
1994-04, 1.08286964620052
1994-05, 0.857677392853964
1994-06, 1.03462820782626
1994-07, 0.700706771445165
1994-08, 0.754128816407967
1994-09, 0.393369797479142
1994-10, 0.429011327232584
1994-11, 0.570742972059156
1994-12, 0.636528312805025
1995-01, 0.68476490486866
1995-02, 0.581759338598204
1995-03, 0.484757302468949
1995-04, 0.85848939158106
1995-05, 0.927899365396932
1995-06, 1.25692852838318
1995-07, 1.01776033340269
1995-08, 1.29482601784473
1995-09, 1.70301452072195
1995-10, 1.61764751292676
1995-11, 1.19957195772793
1995-12, 1.08687874125407
1996-01, 0.852230831794565
1996-02, 0.746149736775431
1996-03, 0.7544705631815
1996-04, 0.128661836197021
1996-05, 0.427391580058744
1996-06, 0.468730883187804
1996-07, 0.589419550610743
1996-08, 0.921247717693102
1996-09, 0.783663047286216
1996-10, 0.828926545143387
1996-11, 0.672065234991034
1996-12, 0.733925195976979
1997-01, 0.709676918012569
1997-02, 0.50408727139604
1997-03, 0.411274236889761
1997-04, 0.11009217723147
1997-05, -0.110196539434784
1997-06, -0.458362897160228
1997-07, 0.208989861438373
1997-08, 0.213939808758177
1997-09, -0.663168308987151
1997-10, -0.651110937240432
1997-11, -0.757841262992445
1997-12, -0.671431955908285
1998-01, -0.585732589516136
1998-02, -0.575451463022488
1998-03, -0.276504055963415
1998-04, 0.108437819495598
1998-05, -0.395129003237702
1998-06, 0.314235113182812
1998-07, 0.327392411604942
1998-08, 0.255315156598342
1998-09, 0.360483233483229
1998-10, 0.374813656823526
1998-11, 0.516937179497375
1998-12, 0.89474286316643
1999-01, 0.91971039171877
1999-02, 0.828358737715996
1999-03, 0.936111050716553
1999-04, 0.894901071265309
1999-05, 1.21785157399852
1999-06, 1.16412914957396
1999-07, 0.633189397358617
1999-08, 0.481447692512997
1999-09, 0.651355315059363
1999-10, 0.565139635540853
1999-11, 0.967820376205204
1999-12, 1.01549190332372
2000-01, 1.0150703637451
2000-02, 1.036793992345
2000-03, 0.576505075505641
2000-04, 0.0993548322376435
2000-05, 0.284097615956087
2000-06, -0.716221331196843
2000-07, -0.64687761646271
2000-08, -1.24827274932281
2000-09, -1.37261748969624
2000-10, -1.58681468845061
2000-11, -1.66289226388805
2000-12, -1.83152854508724
2001-01, -1.3623010976778
2001-02, -1.44288523025723
2001-03, -1.47829495527739
2001-04, -1.47883322940399
2001-05, -1.52340824103968
2001-06, -1.10886473221773
2001-07, -1.32401383008166
2001-08, -1.31796314886295
2001-09, -0.823483473614063
2001-10, -0.635175092667976
2001-11, -0.572886252034596
2001-12, -0.316592972555771
2002-01, -0.391013157317238
2002-02, -0.239761065417493
2002-03, -0.268128640076393
2002-04, -0.0871006583685452
2002-05, -0.0636472724068095
2002-06, -0.099777619843866
2002-07, -0.508372722651033
2002-08, -0.283024373338328
2002-09, -0.262520282903217
2002-10, 0.0395575293315854
2002-11, 0.152318707628126
2002-12, 0.0710304300411132
2003-01, -0.026882109678549
2003-02, 0.208909800142562
2003-03, 0.918213762024528
2003-04, 0.927619655532223
2003-05, 0.92430518173103
2003-06, 0.852783570165493
2003-07, 1.37166806365015
2003-08, 1.1125988115241
2003-09, 0.452177648344695
2003-10, 0.220556490790393
2003-11, 0.0177980004441678
2003-12, 0.171472500004239
2004-01, 0.301141747241787
2004-02, 0.288090688165363
2004-03, 0.47390855683007
2004-04, 0.587114453521013
2004-05, 0.553364348360059
2004-06, 0.620694125921586
2004-07, 0.812673512526561
2004-08, 0.840659387089121
2004-09, 0.867807316263078
2004-10, 1.0694038243873
2004-11, 1.09870654665899
2004-12, 1.11325076988326
2005-01, 0.869610588303264
2005-02, 1.02530462711822
2005-03, 0.448986974173938
2005-04, 0.931300402898258
2005-05, 1.13257566644479
2005-06, 1.03549289026926
2005-07, 0.811502745443098
2005-08, 0.888566446734992
2005-09, 1.16081240471781
2005-10, 1.2859542462376
2005-11, 1.15504299068547
2005-12, 0.840044284733251
2006-01, 0.916726317427857
2006-02, 0.774739288965016
2006-03, 0.690272733978141
2006-04, 0.536781762015078
2006-05, 0.595384986560092
2006-06, 0.271466022821815
2006-07, 0.484195845083958
2006-08, 0.519265496028574
2006-09, 0.603364709602646
2006-10, 0.255511838294024
2006-11, 0.157930405955445
2006-12, 0.363982039886359
2007-01, 0.595114297657075
2007-02, 0.136852674994233
2007-03, -0.181278553318943
2007-04, -0.669459943328377
2007-05, -1.15073804188301
2007-06, -0.833707691038933
2007-07, -1.20193409958047
2007-08, -1.1977828360147
2007-09, -1.44015127342839
2007-10, -1.35205959562874
2007-11, -1.32091707729035
2007-12, -1.1290763764515
2008-01, -0.910179574464073
2008-02, -0.766153484186788
2008-03, -0.627944071873895
2008-04, 0.0240952749201883
2008-05, -0.150913045557482
2008-06, 0.236838561022202
2008-07, 0.585794524949308
2008-08, 0.432699060122893
2008-09, 0.508348183433169
2008-10, 0.351153700933635
2008-11, 0.347315020429266
2008-12, 0.200274140293521
2009-01, 0.0144810665837632
2009-02, -0.100075174058979
2009-03, 0.4751476968977
2009-04, 0.93135438510832
2009-05, 0.890668975763757
2009-06, 0.546779786228755
2009-07, 0.797040653699528
2009-08, 0.609435511768001
2009-09, 0.58925184785076
2009-10, 0.579056773371002
2009-11, 0.687944979763896
2009-12, 0.655695496520217
2010-01, 1.04417550525302
2010-02, 1.28976297855352
2010-03, 1.40080420369224
2010-04, 0.818084090208475
2010-05, 0.904858151465528
2010-06, 1.06490390692819
2010-07, 0.760750560567195
2010-08, 0.834231667318535
2010-09, 0.709053694596052
2010-10, 0.976049063928155
2010-11, 1.23019305269803
2010-12, 1.31004598962407
2011-01, 1.58053707423507
2011-02, 1.60316085370747
2011-03, 1.1980105964607
2011-04, 0.957502734346237
2011-05, 1.09838103760069
2011-06, 1.06030738737652
2011-07, 1.09800982560719
2011-08, 1.27685827078903
2011-09, 1.08482019130687
2011-10, 1.07853302594954
2011-11, 0.844099984452131
2011-12, 0.888392241704985
2012-01, 0.51044767342354
2012-02, -0.0471234852575153
2012-03, -0.64081381065093
2012-04, -0.569644431119706
2012-05, -0.604415279009206
2012-06, -1.11251665090942
2012-07, -1.19215923474484
2012-08, -0.839032788863994
2012-09, -1.23661882160425
2012-10, -1.38875387259309
2012-11, -1.06356752152316
2012-12, -1.07276351026091
2013-01, -1.11272964507822
2013-02, -1.18642063181599
2013-03, -0.868923901172307
2013-04, -0.609300614379043
2013-05, -0.486591631699149
2013-06, -0.349687913563078
2013-07, -0.0821813447115213
2013-08, 0.186695773307942
2013-09, 0.195411996105785
2013-10, 0.527369319447145
2013-11, 1.05423853416487
2013-12, 1.38386605419679
2014-01, 1.34898449566118
2014-02, 1.2110920733961
2014-03, 1.24490673732075
2014-04, 1.14540479336278
2014-05, 1.20322583855549
2014-06, 1.15071337202081
2014-07, 0.944873103546212
2014-08, 1.01842952214798
2014-09, 0.905313258983417
2014-10, 0.802310867996892
2014-11, 0.263740608164543
2014-12, 0.838471378171458
2015-01, 1.05282466733139
2015-02, 1.08066454309829
2015-03, 0.953734006639988
2015-04, 0.509144389759781
2015-05, 0.359847463810121
2015-06, 0.32103205347776
2015-07, 0.453078042513411
2015-08, 0.751228679130765
2015-09, 1.07030552025572
2015-10, 0.704331228112219
2015-11, 0.424226959263443
2015-12, 0.879384205221241
2016-01, 1.33148306912396
2016-02, 1.31260249708946
2016-03, 1.32275241997037
2016-04, 1.29065762216877
2016-05, 1.31957643820191
2016-06, 1.28619969495359
2016-07, 1.83439007657791
2016-08, 1.10095440291836
2016-09, 1.22871580313285
2016-10, 1.99609914855762
2016-11, 1.97659913478599
2016-12, 2.01370998536234
2017-01, 1.90058768513643
2017-02, 1.89493513959935
2017-03, 1.66469769042234
2017-04, 1.89431952011498
2017-05, 1.88905167880607
2017-06, 1.88926299396
2017-07, 1.8660847814556
2017-08, 1.31381748412095
2017-09, 1.21133048319662
2017-10, 1.45522926712369
2017-11, 1.15299042191666
2017-12, 1.14699889802188
2018-01, 0.94036001001842
2018-02, 0.83262001649442
2018-03, 0.763318963276396
2018-04, 0.885109590444601
2018-05, 1.18024827419889
2018-06, 1.02733676867408
2018-07, 0.85535949084588
2018-08, 0.910869004510818
2018-09, 1.24588163813293
2018-10, 0.949732293957002
2018-11, 0.750049188375383
2018-12, 0.695418963810549
2019-01, 0.915483063682345
2019-02, 0.834704184444388
2019-03, 1.08150986777287
2019-04, 0.905390631241713
2019-05, 0.584533804657741
2019-06, 0.414395575525138
2019-07, 0.569619077774029
2019-08, 0.369385838431942
2019-09, 0.214240421524766
2019-10, 0.0699196498945207
2019-11, 0.0921877897523292
2019-12, -0.186592192522859
2020-01, 0.163382932588312
2020-02, 0.394519926182481
2020-03, 0.440068808637966
2020-04, 0.641577451112961
2020-05, 0.0110592238232004
2020-06, 0.00875661408261602
2020-07, 0.0709145026519745
2020-08, 0.256284780884155
2020-09, -0.0359158581167888
2020-10, -0.352285628174203
2020-11, -0.0235472707692827
2020-12, 0.0769131199841204
2021-01, 0.0528442556436593
2021-02, -0.0110940011628264
2021-03, 0.543053886818225
2021-04, 1.15418049529765
2021-05, 1.7785724986344
2021-06, 1.82105100048463
2021-07, 2.00295731444578
2021-08, 2.0113095746308
2021-09, 1.68640395657181
2021-10, 2.33022139283345
2021-11, 2.49631028532127
2021-12, 2.80862502534068
2022-01, 2.97629603800182
2022-02, 2.67886123455917
2022-03, 2.74622298472677
2022-04, 2.72104588907536
2022-05, 2.63369165902167
2022-06, 2.5312630423449
2022-07, 2.77809610292632
2022-08, 2.43261768452387
2022-09, 2.12930555771357
2022-10, 2.54291012590839
2022-11, 2.21430859753206
2022-12, 2.58368441046812
2023-01, 2.63204202784217
2023-02, 2.53337169707545
2023-03, 1.84620067331649
2023-04, 1.41371244951622
2023-05, 1.03525464869615
2023-06, 1.44434459514228
2023-07, 1.40721685825914
2023-08, 1.39197873229401
2023-09, 1.42265560003814
2023-10, 1.14112316628623
2023-11, 0.817673167950055
2023-12, 0.509781126014504
2024-01, 0.181192017668444
2024-02, 0.211957515982465
2024-03, 0.101869072586617
2024-04, -0.172041249853865
2024-05, -0.13213417724632
2024-06, -0.0528062746714687
2024-07, 0.144377726355823
2024-08, 0.264941576199595
2024-09, 0.145860671071339
2024-10, -0.0945635699974639
2024-11, 0.0437763802461677
2024-12, -0.132293939096127
2025-01, 0.200774370378384
2025-02, 0.0995573827289047
2025-03, 0.414664082442369
2025-04, 0.13141883383948
2025-05, 0.124907423533909
2025-06, -0.544465519041654
2025-07, -0.0523230087690105
2025-08, 0.406836312750585
2025-09, 0.339109568978449
2025-10, 0.442944303164599
2025-11, 0.532585245410648
2025-12, 1.01013829363447
2026-01, 1.22161425670638
2026-02, 1.1058873781769
2026-03, 1.21311986472302
2026-04, 1.53052180084323
2026-05, 1.30047412246508
2026-06, 1.23327838345622
2026-07, 1.10204362639378
2026-08, 1.30829829867904
2026-09, 1.23656280949496
2026-10, 1.28059947689288
2026-11, 1.47745534328818
2026-12, 1.62767050190598
2027-01, 1.61603823737735
2027-02, 1.91255991144169
2027-03, 1.85998082771331
2027-04, 1.89664937849763
2027-05, 1.31942908505467
2027-06, 0.97811809528745
2027-07, -0.0261560084064582
2027-08, -0.499571531695142
2027-09, -0.291162254302745
2027-10, -0.510772556836403
2027-11, -0.450343402544774
2027-12, -0.686554992451156
2028-01, -0.664332852374667
2028-02, -0.57541032366864
2028-03, -0.220086570277333
2028-04, -0.392810584858565
2028-05, -0.0438598757774347
2028-06, 0.142485022755085
2028-07, 0.135581820477842
2028-08, 0.342328765804357
2028-09, 0.0368166167152426
2028-10, 0.26556576981677
2028-11, 0.321180722158823
2028-12, 0.263302087188989
2029-01, 0.192425412825861
2029-02, -0.271066913309615
2029-03, -0.475963874458952
2029-04, -0.217186737007379
2029-05, 0.010016866403238
2029-06, 0.0117396046259658
2029-07, 0.614706985956579
2029-08, 0.612060743623924
2029-09, 0.0664490029362151
2029-10, 0.298189669762979
2029-11, 0.392447411564191
2029-12, 0.676170971940935
2030-01, 0.875833245723962
2030-02, 0.771452277421882
2030-03, 0.874796543907891
2030-04, 1.01200695926892
2030-05, 0.723771131541472
2030-06, 0.519811248199521
2030-07, 0.230944831097584
2030-08, -0.348959922057046
2030-09, -0.235993974762588
2030-10, -0.150446648396491
2030-11, -0.012914905638605
2030-12, -0.0645294542571474
2031-01, 0.0541946372536547
2031-02, -0.0283037498457059
2031-03, -0.309238803961946
2031-04, -0.370278442835111
2031-05, -0.039656202383021
2031-06, 0.0974670214761322
2031-07, -0.267321304521861
2031-08, -0.328045434344974
2031-09, -0.298959488991155
2031-10, -0.650428616172118
2031-11, 0.134701611255394
2031-12, -0.0308093802217655
2032-01, -0.288975079353573
2032-02, 0.148999721334646
2032-03, -0.0458189766091402
2032-04, -0.317665812390255
2032-05, 0.932555235492718
2032-06, 1.48781414629861
2032-07, 1.98838351136397
2032-08, 2.09138518030742
2032-09, 1.86900777339694
2032-10, 1.76813558256375
2032-11, 1.51032022604385
2032-12, 1.85490623378294
2033-01, 2.30590053122256
2033-02, 2.25445974273933
2033-03, 2.80881881025553
2033-04, 2.72506401117411
2033-05, 3.22002882117115
2033-06, 3.42331946288601
2033-07, 3.89629270386008
2033-08, 3.83382727530329
2033-09, 3.60198459623466
2033-10, 3.84147010636165
2033-11, 3.16951515021005
2033-12, 3.67385344786482
2034-01, 3.94927107419496
2034-02, 3.39833846507065
2034-03, 3.17779158505853
2034-04, 3.37020186839275
2034-05, 2.69076752614858
2034-06, 2.18670073319896
2034-07, 2.02513866792621
2034-08, 1.93854246762443
2034-09, 1.76892769502416
2034-10, 1.94972500450579
2034-11, 1.61370452693209
2034-12, 1.91156746189631
2035-01, 1.64622624693606
2035-02, 1.60700162332512
2035-03, 1.03006845222793
2035-04, 1.23411832692782
2035-05, 0.677496339453971
2035-06, 0.222191775715055
2035-07, 0.685088684075671
2035-08, 0.770339989556597
2035-09, 0.742453516992079
2035-10, 0.954223454137821
2035-11, 0.78139741579319
2035-12, 0.965242013253621
2036-01, 1.40396512409503
2036-02, 1.47384097078346
2036-03, 1.43986759060829
2036-04, 1.2097026367242
2036-05, 1.03948724151889
2036-06, 0.805221943240638
2036-07, 0.748345134680577
2036-08, 0.656765325866055
2036-09, 1.00199459484589
2036-10, 0.946811819959252
2036-11, 1.08937896064109
2036-12, 0.794037444423127
2037-01, 0.822354786627435
2037-02, 0.694665593381222
2037-03, 1.15164259470165
2037-04, 1.34449343054405
2037-05, 0.757930057034814
2037-06, 0.957391487793038
2037-07, 0.416421559526953
2037-08, 0.221904034441022
2037-09, 0.0942153808196005
2037-10, 0.24755113825168
2037-11, 0.263291084092026
2037-12, 0.163785636087018
2038-01, -0.0951309041123809
2038-02, -0.292633382931791
2038-03, -0.323725052593114
2038-04, -0.145129909402796
2038-05, -0.256252592948386
2038-06, -0.0762918569742623
2038-07, 0.356105257453716
2038-08, 0.764778370033157
2038-09, 0.492601722728938
2038-10, 0.944838877147092
2038-11, 0.696675719160312
2038-12, 0.730577302456986
2039-01, 0.966510614118127
2039-02, 1.1219756168756
2039-03, 0.686383662862634
2039-04, 0.299713834717231
2039-05, 0.617050606790108
2039-06, 0.256666356052037
2039-07, 0.1157171907117
2039-08, 0.379852025512188
2039-09, 0.0995666568887422
2039-10, 0.168374186801321
2039-11, 0.367917090528976
2039-12, 0.482134142672801
2040-01, 0.58648537785347
2040-02, 0.636020430563696
2040-03, 0.594806727300233
2040-04, 0.373897121037083
2040-05, 0.558198523780086
2040-06, 0.432343493525932
2040-07, 0.159609275019078
2040-08, -0.0430606531988556
2040-09, 0.167115190139199
2040-10, 0.0272704170065418
2040-11, 0.354596617326811
2040-12, 0.466623740991793
2041-01, 0.686082201601342
2041-02, 0.547396503689865
2041-03, 0.703661218835253
2041-04, 1.16767155819203
2041-05, 0.850013507136071
2041-06, 0.961455907934886
2041-07, 1.28993401699469
2041-08, 1.45964155271628
2041-09, 1.45858780700005
2041-10, 1.49833418134148
2041-11, 1.30879422995881
2041-12, 1.34363827724869
2042-01, 1.40616802184215
2042-02, 1.55254618552417
2042-03, 1.55272426909232
2042-04, 2.03308462455066
2042-05, 1.81665287226555
2042-06, 1.55292203450596
2042-07, 1.45987707707972
2042-08, 1.64937791130409
2042-09, 1.15015783983693
2042-10, 1.04800364616815
2042-11, 0.884031781146294
2042-12, 0.7831136901846
2043-01, 0.717809633316811
2043-02, 0.731688960527177
2043-03, 0.824821362425407
2043-04, 0.489751973177474
2043-05, 0.647597094617816
2043-06, 0.316934536980697
2043-07, -0.0319121855849299
2043-08, -0.454827191340953
2043-09, -0.359492674201547
2043-10, -0.409291563065247
2043-11, -0.4111130604512
2043-12, -0.328362130575155
2044-01, -0.308067658030846
2044-02, -0.609947112446099
2044-03, -0.549842816094694
2044-04, -1.06360806048129
2044-05, -1.36962058616717
2044-06, -0.795939070736281
2044-07, 0.0252366631724869
2044-08, -0.352435313251934
2044-09, -0.248562915136797
2044-10, -0.0434203047361376
2044-11, 0.00916037438632542
2044-12, 0.604811053559689
2045-01, 0.620357603380673
2045-02, 0.392883014297841
2045-03, 0.592675845147665
2045-04, 0.712373768579787
2045-05, 0.870638782537925
2045-06, 1.36475467288967
2045-07, 1.3011450433811
2045-08, 1.31158125246799
2045-09, 1.05038029193256
2045-10, 1.07110611034732
2045-11, 0.949583554459058
2045-12, 1.06965868673045
2046-01, 1.06393410565142
2046-02, 1.10365773321476
2046-03, 1.49315302843768
2046-04, 1.89990233360496
2046-05, 1.81093471987762
2046-06, 1.20743176727901
2046-07, 0.785981401899603
2046-08, 0.538148306233187
2046-09, 0.437911830415159
2046-10, 0.323509033133724
2046-11, 0.212603889181373
2046-12, 0.145754705776489
2047-01, 0.151484069290751
2047-02, 0.138719355307597
2047-03, 0.324755793322753
2047-04, -0.0645625967496558
2047-05, -0.474623209972575
2047-06, -0.895495982183242
2047-07, -0.405520802727029
2047-08, -0.499118199625311
2047-09, -0.106362030429142
2047-10, -0.0643906028522784
2047-11, 0.200367300346411
2047-12, 0.0539034681259227
2048-01, 0.0346467613245721
2048-02, -0.121650917794006
2048-03, -0.341415193405918
2048-04, -0.880921591220011
2048-05, -0.835883033622002
2048-06, -0.604033433260251
2048-07, -0.925641083060717
2048-08, -0.821020722754564
2048-09, -0.710276567404143
2048-10, -0.994265884079768
2048-11, -0.911260452166804
2048-12, -1.11228179127265
2049-01, -1.03019795451414
2049-02, -0.95116976687925
2049-03, -1.60855127165253
2049-04, -1.20685313460661
2049-05, -1.2824959758598
2049-06, -1.26537330668545
2049-07, -1.09237063236898
2049-08, -1.04068419522513
2049-09, -1.02417077200711
2049-10, -1.43944855923999
2049-11, -1.05563025302722
2049-12, -1.37118739928902
2050-01, -1.43211106608852
2050-02, -0.965495668800608
2050-03, -1.57031156795305
2050-04, -1.3440796921594
2050-05, -0.738894950845764
2050-06, -0.651373795208459
2050-07, -0.814311207771711
2050-08, -0.693442936189885
2050-09, -0.674214545683904
2050-10, -0.620797472635772
2050-11, -0.551205817986837
2050-12, -0.533167165011749
2051-01, -0.370533251221957
2051-02, -0.29082088575791
2051-03, -0.532469179647156
2051-04, -0.674397493826969
2051-05, 0.137714338470539
2051-06, 0.335000128958233
2051-07, -0.160365379660528
2051-08, -0.284360347609092
2051-09, -0.407513094868103
2051-10, -0.119873067113811
2051-11, -0.308546959169666
2051-12, -0.025071398310255
2052-01, 0.164488563566036
2052-02, -0.0739119529318268
2052-03, 0.0721552952949647
2052-04, 0.115804466450301
2052-05, -0.260988971359616
2052-06, 0.018823921722842
2052-07, 0.165406625774459
2052-08, -0.00711991415007152
2052-09, 0.519009337926666
2052-10, 0.4444073394514
2052-11, 0.39783292342496
2052-12, 0.42623788545048
2053-01, 0.394117736219061
2053-02, 0.33460460337333
2053-03, 0.506109589977407
2053-04, 0.246168620072242
2053-05, 0.0483756748325988
2053-06, 0.0285319062787407
2053-07, 0.165645795942573
2053-08, 0.252830696461606
2053-09, 0.34982269096632
2053-10, 0.313395383244981
2053-11, 0.111584434820022
2053-12, -0.0645873109816949
2054-01, -0.192204011871283
2054-02, -0.325585507749098
2054-03, 0.0598000419004097
2054-04, 0.552948906920454
2054-05, 0.346130074655866
2054-06, 0.320435528833997
2054-07, 0.454001954068791
2054-08, 0.576600639489169
2054-09, 0.175819418856373
2054-10, 0.241239194167682
2054-11, 0.317775506389605
2054-12, 0.696525789908903
2055-01, 0.689680469539961
2055-02, 0.646121952718767
2055-03, 0.555509382942494
2055-04, 0.634275513577178
2055-05, 0.573175316779531
2055-06, 0.279077774409507
2055-07, 0.0155805451272143
2055-08, 0.339010591313343
2055-09, 0.230875782216262
2055-10, 0.43422279345909
2055-11, 0.373814003162753
2055-12, 0.556626691316639
2056-01, 0.927417400490793
2056-02, 0.846327258748142
2056-03, 0.287657544660434
2056-04, -0.432016638425893
2056-05, -0.129148006921635
2056-06, -0.206780895127257
2056-07, -0.197667791385743
2056-08, -0.218294227099863
2056-09, -0.375205523997525
2056-10, -0.365825961516995
2056-11, -0.244550541933689
2056-12, -0.576533582429026
2057-01, -0.389508398164816
2057-02, -0.453539008809006
2057-03, -0.486252873279055
2057-04, -0.0352752870344484
2057-05, -0.345437088939411
2057-06, -0.319223940375611
2057-07, -0.0411476167132828
2057-08, -0.0868327793981229
2057-09, 0.19355272433831
2057-10, 0.472536376055297
2057-11, 0.353098945123979
2057-12, 0.653030985744166
2058-01, 0.47471499303266
2058-02, 0.439615480133079
2058-03, 0.490946281751263
2058-04, 0.481611482531972
2058-05, 0.0394115567195425
2058-06, -0.178058865137155
2058-07, -0.0363816382137776
2058-08, 0.374804843306726
2058-09, 0.489202587712332
2058-10, 0.407733877212394
2058-11, 0.477914408404743
2058-12, 0.62283018618901
2059-01, 0.489407183322581
2059-02, 0.550525305657247
2059-03, 0.689194550412391
2059-04, 0.275802261771104
2059-05, 0.381522475636721
2059-06, 0.487582029182128
2059-07, 0.287859066491481
2059-08, 0.0144828367728756
2059-09, -0.0327689971405334
2059-10, -0.842325619904232
2059-11, -0.511319537399467
2059-12, -0.284385376420157
2060-01, -0.16468361489966
2060-02, -0.0389220815733269
2060-03, -0.071451181459666
2060-04, 0.773140550873624
2060-05, 1.17623798607875
2060-06, 1.08325055565048
2060-07, 1.38537982870443
2060-08, 1.17962449671593
2060-09, 1.18655310007298
2060-10, 1.66627792631722
2060-11, 1.59529686885381
2060-12, 1.51407808173186
2061-01, 1.95669691668338
2061-02, 1.83709637775866
2061-03, 2.00446462121966
2061-04, 2.19713928501857
2061-05, 1.88739701685148
2061-06, 1.78325578206287
2061-07, 2.19830495987333
2061-08, 2.10674035656042
2061-09, 1.63849189790028
2061-10, 1.82976213445941
2061-11, 1.65694664471811
2061-12, 1.60375357173509
2062-01, 1.66317259488642
2062-02, 1.4888607397715
2062-03, 1.42651839565301
2062-04, 0.888106038771468
2062-05, 1.02637948069974
2062-06, 0.986535276418089
2062-07, 0.356435851850392
2062-08, 0.502127776345311
2062-09, 0.36752521345935
2062-10, 0.146427713547984
2062-11, -0.249951492813337
2062-12, -0.231997306276679
2063-01, -0.465599336488133
2063-02, -0.526289724260877
2063-03, -0.987526699374361
2063-04, -1.12069005297589
2063-05, -0.833259463845979
2063-06, -0.988330341609103
2063-07, -1.50154115143648
2063-08, -0.983506156763516
2063-09, -0.587261935548052
2063-10, -0.791142265728982
2063-11, -0.573440315910044
2063-12, -0.526732091648193
2064-01, -0.45017581984792
2064-02, 0.644916358272382
2064-03, 1.24229921314227
2064-04, 1.18370513417312
2064-05, 0.769290275336456
2064-06, 0.809706692394505
2064-07, 1.35932623848021
2064-08, 1.07335361231895
2064-09, 0.970618926717232
2064-10, 1.16462736885896
2064-11, 1.51330537108972
2064-12, 1.81888224085702
2065-01, 1.71954952451426
2065-02, 1.64548089777201
2065-03, 1.79423152921864
2065-04, 1.80486280520698
2065-05, 1.54215035846695
2065-06, 1.57610671450089
2065-07, 2.17142976761859
2065-08, 2.04596963670622
2065-09, 1.68576574642015
2065-10, 1.97576265436274
2065-11, 1.98547542753808
2065-12, 1.82865924350316
2066-01, 2.06658066058641
2066-02, 0.989509321038367
2066-03, 0.319810576632642
2066-04, 0.975819301731771
2066-05, 0.961613705280684
2066-06, 1.06636082193086
2066-07, 0.992136842598891
2066-08, 1.13736749289001
2066-09, 1.19817487223379
2066-10, 1.04796267414484
2066-11, 1.17329369540652
2066-12, 1.06589379008523
2067-01, 1.2765328672354
2067-02, 1.43187016149849
2067-03, 1.58525832560946
2067-04, 1.45709069124846
2067-05, 1.70526914716256
2067-06, 1.75416549648496
2067-07, 1.52217489003763
2067-08, 1.11939978787033
2067-09, 0.834527113554246
2067-10, 0.752176766084798
2067-11, 0.604329493103945
2067-12, 1.62613154255194
2068-01, 1.80554963247577
2068-02, 1.86221346412558
2068-03, 1.96123991976693
2068-04, 1.07946663555279
2068-05, 1.01297626022701
2068-06, 0.970529701362553
2068-07, 0.662297307999569
2068-08, 0.177908728727723
2068-09, -0.233148724318953
2068-10, 0.0487328702605397
2068-11, 0.078311637386616
2068-12, 0.54745586273629
2069-01, 0.667068416270968
2069-02, 0.424950818832582
2069-03, -0.0387121446555902
2069-04, 0.00183545125164295
2069-05, -0.420549990506171
2069-06, -0.0694406567294902
2069-07, -0.181581643813917
2069-08, 0.225032021742438
2069-09, 0.412253910575235
2069-10, 0.766509790152718
2069-11, 0.819602355570563
2069-12, 0.203759616354644
2070-01, 0.211749164607924
2070-02, 0.0837720068248364
2070-03, 0.0918451102634402
2070-04, 0.851391633851334
2070-05, 0.617409743902351
2070-06, 0.701170330684707
2070-07, 1.36791952120307
2070-08, 1.82097762961797
2070-09, 1.94203789622028
2070-10, 1.76335427893372
2070-11, 1.60089327222392
2070-12, 1.64787990077605
2071-01, 1.66836773006562
2071-02, 1.56862300611766
2071-03, 1.62132281037745
2071-04, 1.78600055252174
2071-05, 1.94825826821307
2071-06, 1.81660399897211
2071-07, 2.02533167350881
2071-08, 1.64690155868529
2071-09, 1.67198233322422
2071-10, 1.70056047596598
2071-11, 1.33466896946934
2071-12, 1.23574370526012
2072-01, 1.39561195006438
2072-02, 1.24999125463776
2072-03, 1.59966983980635
2072-04, 1.31581605886708
2072-05, 1.52152495625549
2072-06, 1.4638982786281
2072-07, 0.916501806993664
2072-08, 0.665736972098996
2072-09, 0.213111387835982
2072-10, 0.263789327523196
2072-11, -0.0236967715805701
2072-12, 0.371502622713045
2073-01, 0.659251736128145
2073-02, 0.733282952456258
2073-03, 0.918919121254359
2073-04, 0.928696390852295
2073-05, 1.06434031727527
2073-06, 0.824433799644169
2073-07, 0.783349267011844
2073-08, 0.936065272733215
2073-09, 0.671971943285725
2073-10, 0.94038314262342
2073-11, 1.14667165210764
2073-12, 1.2827671378076
2074-01, 1.28023232742261
2074-02, 1.20978665040612
2074-03, 0.838283315234609
2074-04, 0.761244999893633
2074-05, 0.537896939113349
2074-06, 0.569555649646947
2074-07, 1.04683991510574
2074-08, 0.87353841285725
2074-09, 1.1232881002115
2074-10, 1.60143595563412
2074-11, 1.47347286670518
2074-12, 1.15939541080498
2075-01, 1.01226011787894
2075-02, 0.792545379774037
2075-03, 0.544261272447312
2075-04, 0.37344645824211
2075-05, -0.100790855061522
2075-06, -0.376892487436231
2075-07, -0.455530355829312
2075-08, -0.521684048684238
2075-09, -0.144688261353246
2075-10, -0.238583055388788
2075-11, -0.456719120495711
2075-12, -0.510115297741528
2076-01, -0.742499563134758
2076-02, -0.564319167539264
2076-03, -0.475097676741095
2076-04, -0.790807127549396
2076-05, -0.292353981842112
2076-06, -0.226829165303533
2076-07, -0.364305882836404
2076-08, 0.231146525431489
2076-09, 0.0233277981172176
2076-10, -0.508480087355667
2076-11, -0.189489875661965
2076-12, 0.0545639453191969
2077-01, 0.329065418194855
2077-02, 0.317039953487077
2077-03, 0.403515947828292
2077-04, 0.423947717341753
2077-05, 0.587387540391893
2077-06, 0.695537703890831
2077-07, 0.719565972410904
2077-08, 0.845216724681346
2077-09, 0.444034954541086
2077-10, 0.522187332529589
2077-11, 1.25382578110426
2077-12, 1.40155010019969
2078-01, 1.44082183989261
2078-02, 1.23204521770877
2078-03, 1.22029222326215
2078-04, 1.9538841854719
2078-05, 1.91383491480585
2078-06, 1.28611116562986
2078-07, 1.64313556084389
2078-08, 1.14318368572122
2078-09, 1.18400647232847
2078-10, 1.29796099747513
2078-11, 1.02732660757302
2078-12, 1.14943958879028
2079-01, 1.39377541600018
2079-02, 1.5378668628744
2079-03, 1.43646735626424
2079-04, 2.05826948518512
2079-05, 2.08539971282448
2079-06, 2.45107152153997
2079-07, 2.64170385161208
2079-08, 2.91443301984311
2079-09, 2.57576014520039
2079-10, 2.52463433277394
2079-11, 1.93694767930613
2079-12, 2.28331615607371
2080-01, 2.51753466247498
2080-02, 2.64709901544914
2080-03, 2.61065977159537
2080-04, 2.01439028353238
2080-05, 1.70326243051948
2080-06, 1.60507235432939
2080-07, 2.00006182776053
2080-08, 2.04602908562205
2080-09, 1.75278022216357
2080-10, 1.88775824197151
2080-11, 1.97850559300029
2080-12, 1.79970444961199
2081-01, 2.03800493683945
2081-02, 1.91105404758491
2081-03, 1.91793297222591
2081-04, 1.46187278882949
2081-05, 1.4016731338726
2081-06, 0.885719959007665
2081-07, 1.27682294126523
2081-08, 0.630758217179086
2081-09, 1.01514267821174
2081-10, 1.02173743223304
2081-11, 0.867510197695483
2081-12, 0.796249338821851
2082-01, 0.776276387178869
2082-02, 0.502004186445024
2082-03, 0.682229567835229
2082-04, 0.633398106170253
2082-05, 0.750409586698432
2082-06, 0.862029686232601
2082-07, -0.034623663456543
2082-08, -0.146158800262007
2082-09, -0.391967643417095
2082-10, -0.429428947808858
2082-11, -0.450053261782698
2082-12, -0.172438449421825
2083-01, -0.584716387230022
2083-02, -0.502498072572337
2083-03, -0.272174430217184
2083-04, -0.245913092722009
2083-05, -0.630445518625491
2083-06, -0.0838933481393608
2083-07, -0.530364555919407
2083-08, -0.40436144864673
2083-09, -0.77839693771949
2083-10, -0.963589849620131
2083-11, -0.964453270890347
2083-12, -1.18658186158538
2084-01, -0.741253567637356
2084-02, -0.635698110270717
2084-03, -0.832271795079138
2084-04, 0.0966241991542972
2084-05, -0.368130476780725
2084-06, -0.374951951896806
2084-07, -0.346978380426071
2084-08, -0.579242558226677
2084-09, -0.256783948949895
2084-10, -0.237339795031841
2084-11, -0.0492222501150239
2084-12, 0.0597658995251939
2085-01, -0.0352749137426487
2085-02, -0.142477799366255
2085-03, -0.441144722498611
2085-04, -0.77780758433126
2085-05, -0.348566754957341
2085-06, -1.10822517448067
2085-07, -0.706835771626861
2085-08, -0.872083431427814
2085-09, -0.79849359290479
2085-10, -0.625467438305021
2085-11, -0.516225874217174
2085-12, -0.30921767226307
2086-01, -0.675123453055035
2086-02, -0.421148088150043
2086-03, -0.661327270010169
2086-04, -1.64853770759122
2086-05, -1.31090985463476
2086-06, -1.22753001235125
2086-07, -1.20826738820579
2086-08, -0.985699980709599
2086-09, -1.23926085247
2086-10, -1.06262012205459
2086-11, -0.843240490653433
2086-12, -0.972815389842262
2087-01, -0.67509782535858
2087-02, -0.67279996072525
2087-03, -0.48340267920313
2087-04, -0.487068654492666
2087-05, -0.366290597846379
2087-06, 0.0128654106758799
2087-07, -0.168484675865601
2087-08, 0.257444326122477
2087-09, 0.185955472584883
2087-10, 0.0487071350359319
2087-11, -0.0936365062148579
2087-12, 0.152198089590703
2088-01, 0.580255656186368
2088-02, 0.291329150183327
2088-03, 0.440842406957406
2088-04, 0.39644512814131
2088-05, 0.39476492421684
2088-06, 0.401975418763957
2088-07, 0.432121909681978
2088-08, 0.744183495585922
2088-09, 0.993663703118857
2088-10, 0.816500746318905
2088-11, 0.335865505868184
2088-12, 0.286316410149379
2089-01, 0.198621497102107
2089-02, 0.139480206643873
2089-03, 0.241484123352639
2089-04, 0.217409482128673
2089-05, -0.110140887654142
2089-06, -0.363620582992161
2089-07, -0.509552264087644
2089-08, -0.620128344153871
2089-09, -0.17792193451163
2089-10, -0.156073142046053
2089-11, 0.572388108788581
2089-12, 0.571694073352707
2090-01, 0.278969675197721
2090-02, 0.204296881822815
2090-03, 0.0583697678776569
2090-04, -0.0433801206528821
2090-05, 0.453548810983358
2090-06, 0.664581097301103
2090-07, 0.593885512457161
2090-08, 0.219253109563594
2090-09, 0.144287443524496
2090-10, 0.533406756715266
2090-11, 0.570721189726958
2090-12, 0.615928016040523
2091-01, 0.652045939532219
2091-02, 0.574609047278677
2091-03, 0.197997926545687
2091-04, 0.272500201443199
2091-05, 0.421145046595071
2091-06, 0.59669315477637
2091-07, 0.356917611717802
2091-08, -0.0199126153090374
2091-09, -0.377388905771883
2091-10, -0.39309611277557
2091-11, -1.11391201210247
2091-12, -1.26729950388264
2092-01, -0.974812164863066
2092-02, -0.909498228468079
2092-03, -0.437738980117614
2092-04, -0.226245831370541
2092-05, -0.980671136247227
2092-06, -1.30111399400313
2092-07, -1.30242472865792
2092-08, -0.682552569302609
2092-09, -0.40335430451216
2092-10, -0.932771006373851
2092-11, -0.759389551789612
2092-12, -0.956835230232244
2093-01, -0.911301516130746
2093-02, -0.824490375026637
2093-03, -0.656192994216284
2093-04, -0.148442877512102
2093-05, -0.530533964238267
2093-06, -0.228243684661276
2093-07, -0.0670545389049921
2093-08, 0.601908229830216
2093-09, 0.496510614054258
2093-10, 0.514891479460241
2093-11, 0.906870076007893
2093-12, 0.855379967233953
2094-01, 1.01503335267491
2094-02, 1.19270326562446
2094-03, 0.904152356673435
2094-04, 0.995465003240164
2094-05, 1.1058417177186
2094-06, 1.27667564298456
2094-07, 1.55669364180318
2094-08, 1.26360589724197
2094-09, 0.941713577751591
2094-10, 0.895451760022189
2094-11, 0.777399420633433
2094-12, 1.23041236760093
2095-01, 1.24964102376282
2095-02, 1.16285320803929
2095-03, 1.14879780170309
2095-04, 0.802733806208076
2095-05, 1.63683558769464
2095-06, 1.23972437937441
2095-07, 2.02558628982634
2095-08, 1.6936568800558
2095-09, 1.90442123654123
2095-10, 1.96353900436814
2095-11, 1.60298293627067
2095-12, 1.91018624991671
2096-01, 1.79386815347262
2096-02, 1.46241480848607
2096-03, 1.418210577283
2096-04, 1.16012332235924
2096-05, 0.989235559373179
2096-06, 0.760842787557373
2096-07, 0.576229887040488
2096-08, 0.181534148649863
2096-09, 0.0677585687792265
2096-10, 0.627397054523348
2096-11, 0.816424356954783
2096-12, 0.637830372646488
2097-01, 0.645298951115046
2097-02, 0.493436297848912
2097-03, 0.300824284607886
2097-04, 0.174718001555261
2097-05, -0.765061737818705
2097-06, -1.00290399131904
2097-07, -2.27355119739028
2097-08, -2.36204966016958
2097-09, -2.81141998435704
2097-10, -3.10506176995482
2097-11, -2.95413394589467
2097-12, -3.62863347720538
2098-01, -3.52866871366731
2098-02, -2.91389965514815
2098-03, -3.15176278989803
2098-04, -2.80630862553519
2098-05, -2.67945721094328
2098-06, -2.33759333795347
2098-07, -2.59233908180449
2098-08, -2.33843557611345
2098-09, -0.862849374029488
2098-10, -1.45157377662627
2098-11, -1.63188199623031
2098-12, -1.69351565948354
2099-01, -1.66380039438372
2099-02, -1.44525437178845
2099-03, -0.893225392145737
2099-04, -0.53625200250455
2099-05, -0.473736004244597
2099-06, -0.0290877311240267
2099-07, -0.0229875205350728
2099-08, 0.341167968782457
2099-09, 0.562199122178288
2099-10, 0.69213789415484
2099-11, 0.648040588765485
2099-12, 0.778517690514115
2100-01, 0.810894243167023
2100-02, 0.632701587307922
2100-03, 0.615614757338489
2100-04, 0.60427529282378
2100-05, 0.823025033555466
2100-06, 0.810018167768685
2100-07, 1.21912747750815
2100-08, 1.04129336821775
2100-09, -0.0673410489700414
2100-10, -0.145777715467524
2100-11, -0.201990899567828
2100-12, 0.396870347555359
