"Description: ","Monthly percentage of days when TN > 90th percentile"
"Station: ","final_1971_2005_Moscow_rcp45"
"Latitude: ","55.75"
"Longitude: ","37.56"
"Climpact_version: ","3.1.6"
"Date_of_calculation: ","2024-01-01"
time, tn90p, normalised (all years)
1971-01, 3.2258064516129, -0.849919621440316
1971-02, 0, -1.06628843127602
1971-03, 12.9032258064516, -0.200813191933201
1971-04, 0, -1.06628843127602
1971-05, 0, -1.06628843127602
1971-06, 6.66666666666667, -0.61912622428223
1971-07, 22.5806451612903, 0.448293237573915
1971-08, 6.45161290322581, -0.63355081160461
1971-09, 10, -0.395545120785334
1971-10, 0, -1.06628843127602
1971-11, 13.3333333333333, -0.171964017288441
1971-12, 19.3548387096774, 0.231924427738209
1972-01, 9.67741935483871, -0.417182001768905
1972-02, 6.89655172413793, -0.603706837834168
1972-03, 6.45161290322581, -0.63355081160461
1972-04, 13.3333333333333, -0.171964017288441
1972-05, 25.8064516129032, 0.66466204740962
1972-06, 23.3333333333333, 0.498779293202245
1972-07, 9.67741935483871, -0.417182001768905
1972-08, 3.2258064516129, -0.849919621440316
1972-09, 6.66666666666667, -0.61912622428223
1972-10, 9.67741935483871, -0.417182001768905
1972-11, 36.6666666666667, 1.39310370718983
1972-12, 6.45161290322581, -0.63355081160461
1973-01, 0, -1.06628843127602
1973-02, 3.57142857142857, -0.826737248957919
1973-03, 3.2258064516129, -0.849919621440316
1973-04, 0, -1.06628843127602
1973-05, 6.45161290322581, -0.63355081160461
1973-06, 0, -1.06628843127602
1973-07, 0, -1.06628843127602
1973-08, 0, -1.06628843127602
1973-09, 0, -1.06628843127602
1973-10, 9.67741935483871, -0.417182001768905
1973-11, 6.66666666666667, -0.61912622428223
1973-12, 6.45161290322581, -0.63355081160461
1974-01, 19.3548387096774, 0.231924427738209
1974-02, 7.14285714285714, -0.587186066639816
1974-03, 9.67741935483871, -0.417182001768905
1974-04, 3.33333333333333, -0.842707327779126
1974-05, 6.45161290322581, -0.63355081160461
1974-06, 3.33333333333333, -0.842707327779126
1974-07, 9.67741935483871, -0.417182001768905
1974-08, 3.2258064516129, -0.849919621440316
1974-09, 10, -0.395545120785334
1974-10, 9.67741935483871, -0.417182001768905
1974-11, 10, -0.395545120785334
1974-12, 3.2258064516129, -0.849919621440316
1975-01, 0, -1.06628843127602
1975-02, 0, -1.06628843127602
1975-03, 6.45161290322581, -0.63355081160461
1975-04, 0, -1.06628843127602
1975-05, 3.2258064516129, -0.849919621440316
1975-06, 13.3333333333333, -0.171964017288441
1975-07, 9.67741935483871, -0.417182001768905
1975-08, 0, -1.06628843127602
1975-09, 3.33333333333333, -0.842707327779126
1975-10, 0, -1.06628843127602
1975-11, 3.33333333333333, -0.842707327779126
1975-12, 25.8064516129032, 0.66466204740962
1976-01, 0, -1.06628843127602
1976-02, 0, -1.06628843127602
1976-03, 6.45161290322581, -0.63355081160461
1976-04, 0, -1.06628843127602
1976-05, 3.2258064516129, -0.849919621440316
1976-06, 23.3333333333333, 0.498779293202245
1976-07, 12.9032258064516, -0.200813191933201
1976-08, 3.2258064516129, -0.849919621440316
1976-09, 16.6666666666667, 0.0516170862084586
1976-10, 19.3548387096774, 0.231924427738209
1976-11, 3.33333333333333, -0.842707327779126
1976-12, 9.67741935483871, -0.417182001768905
1977-01, 0, -1.06628843127602
1977-02, 0, -1.06628843127602
1977-03, 6.45161290322581, -0.63355081160461
1977-04, 0, -1.06628843127602
1977-05, 0, -1.06628843127602
1977-06, 10, -0.395545120785334
1977-07, 6.45161290322581, -0.63355081160461
1977-08, 12.9032258064516, -0.200813191933201
1977-09, 10, -0.395545120785334
1977-10, 25.8064516129032, 0.66466204740962
1977-11, 36.6666666666667, 1.39310370718983
1977-12, 12.9032258064516, -0.200813191933201
1978-01, 6.45161290322581, -0.63355081160461
1978-02, 10.7142857142857, -0.347634884321715
1978-03, 0, -1.06628843127602
1978-04, 0, -1.06628843127602
1978-05, 6.45161290322581, -0.63355081160461
1978-06, 6.66666666666667, -0.61912622428223
1978-07, 0, -1.06628843127602
1978-08, 0, -1.06628843127602
1978-09, 26.6666666666667, 0.722360396699145
1978-10, 22.5806451612903, 0.448293237573915
1978-11, 0, -1.06628843127602
1978-12, 0, -1.06628843127602
1979-01, 12.9032258064516, -0.200813191933201
1979-02, 0, -1.06628843127602
1979-03, 0, -1.06628843127602
1979-04, 0, -1.06628843127602
1979-05, 9.67741935483871, -0.417182001768905
1979-06, 0, -1.06628843127602
1979-07, 6.45161290322581, -0.63355081160461
1979-08, 9.67741935483871, -0.417182001768905
1979-09, 23.3333333333333, 0.498779293202245
1979-10, 16.1290322580645, 0.0155556179025043
1979-11, 33.3333333333333, 1.16952260369293
1979-12, 6.45161290322581, -0.63355081160461
1980-01, 6.45161290322581, -0.63355081160461
1980-02, 6.89655172413793, -0.603706837834168
1980-03, 0, -1.06628843127602
1980-04, 0, -1.06628843127602
1980-05, 6.45161290322581, -0.63355081160461
1980-06, 6.22222222222222, -0.648937038081816
1980-07, 0, -1.06628843127602
1980-08, 6.45161290322581, -0.63355081160461
1980-09, 6.55555555555556, -0.626578927732126
1980-10, 0, -1.06628843127602
1980-11, 2.77777777777778, -0.879970845028608
1980-12, 41.7204301075269, 1.73208150926577
1981-01, 7.63440860215054, -0.554215581331518
1981-02, 13.5714285714286, -0.15599393846723
1981-03, 3.2258064516129, -0.849919621440316
1981-04, 0, -1.06628843127602
1981-05, 0, -1.06628843127602
1981-06, 24.1111111111111, 0.550948217351522
1981-07, 3.11827956989247, -0.857131915101506
1981-08, 0, -1.06628843127602
1981-09, 13.3333333333333, -0.171964017288441
1981-10, 12.9032258064516, -0.200813191933201
1981-11, 19.2222222222222, 0.223029265556075
1981-12, 6.12903225806452, -0.655187692588181
1982-01, 9.67741935483871, -0.417182001768905
1982-02, 3.57142857142857, -0.826737248957919
1982-03, 0, -1.06628843127602
1982-04, 0, -1.06628843127602
1982-05, 3.2258064516129, -0.849919621440316
1982-06, 13.3333333333333, -0.171964017288441
1982-07, 15.5913978494624, -0.0205058504034431
1982-08, 12.4731182795699, -0.22966236657796
1982-09, 3.33333333333333, -0.842707327779126
1982-10, 38.3870967741935, 1.50850040576887
1982-11, 3, -0.865065438128815
1982-12, 36.2365591397849, 1.36425453254507
1983-01, 19.247311827957, 0.224712134077021
1983-02, 89.2857142857143, 4.92249112667654
1983-03, 78.2795698924731, 4.18426135407043
1983-04, 45.5555555555556, 1.98931998318155
1983-05, 12.5806451612903, -0.222450072916772
1983-06, 0, -1.06628843127602
1983-07, 0, -1.06628843127602
1983-08, 3.2258064516129, -0.849919621440316
1983-09, 13.1111111111111, -0.186869424188233
1983-10, 8.60215053763441, -0.489304938380807
1983-11, 16.4444444444444, 0.0367116793086604
1983-12, 22.5806451612903, 0.448293237573915
1984-01, 3.2258064516129, -0.849919621440316
1984-02, 19.0804597701149, 0.213520643913102
1984-03, 0, -1.06628843127602
1984-04, 15.6666666666667, -0.01545724484061
1984-05, 0, -1.06628843127602
1984-06, 3.33333333333333, -0.842707327779126
1984-07, 3.2258064516129, -0.849919621440316
1984-08, 9.67741935483871, -0.417182001768905
1984-09, 8.88888888888889, -0.4700721552843
1984-10, 3.01075268817204, -0.864344208762696
1984-11, 0, -1.06628843127602
1984-12, 2.90322580645161, -0.871556502423886
1985-01, 0, -1.06628843127602
1985-02, 0, -1.06628843127602
1985-03, 6.45161290322581, -0.63355081160461
1985-04, 0, -1.06628843127602
1985-05, 0, -1.06628843127602
1985-06, 3.33333333333333, -0.842707327779126
1985-07, 3.2258064516129, -0.849919621440316
1985-08, 9.67741935483871, -0.417182001768905
1985-09, 10, -0.395545120785334
1985-10, 28.0645161290323, 0.816120214294618
1985-11, 13.3333333333333, -0.171964017288441
1985-12, 0, -1.06628843127602
1986-01, 0, -1.06628843127602
1986-02, 7.14285714285714, -0.587186066639816
1986-03, 9.67741935483871, -0.417182001768905
1986-04, 0, -1.06628843127602
1986-05, 0, -1.06628843127602
1986-06, 6.66666666666667, -0.61912622428223
1986-07, 9.67741935483871, -0.417182001768905
1986-08, 9.46236559139785, -0.431606589091285
1986-09, 0, -1.06628843127602
1986-10, 11.9354838709677, -0.265723834883914
1986-11, 10, -0.395545120785334
1986-12, 15.4838709677419, -0.0277181440646379
1987-01, 6.45161290322581, -0.63355081160461
1987-02, 0, -1.06628843127602
1987-03, 16.1290322580645, 0.0155556179025043
1987-04, 3.33333333333333, -0.842707327779126
1987-05, 3.2258064516129, -0.849919621440316
1987-06, 5.44444444444444, -0.701105962231092
1987-07, 3.2258064516129, -0.849919621440316
1987-08, 27.6344086021505, 0.787271039649852
1987-09, 40, 1.61668481068672
1987-10, 22.1505376344086, 0.419444062929155
1987-11, 26.2222222222222, 0.692549582899555
1987-12, 3.2258064516129, -0.849919621440316
1988-01, 8.81720430107527, -0.474880351058426
1988-02, 0, -1.06628843127602
1988-03, 21.8279569892473, 0.397807181945584
1988-04, 3.33333333333333, -0.842707327779126
1988-05, 37.741935483871, 1.46522664380173
1988-06, 11.4444444444444, -0.298659975936683
1988-07, 19.3548387096774, 0.231924427738209
1988-08, 8.49462365591398, -0.496517232041997
1988-09, 0, -1.06628843127602
1988-10, 32.258064516129, 1.09739966708103
1988-11, 16.5555555555556, 0.0441643827585629
1988-12, 8.70967741935484, -0.482092644719617
1989-01, 9.67741935483871, -0.417182001768905
1989-02, 27.9761904761905, 0.810195830215782
1989-03, 14.9462365591398, -0.0637796123705854
1989-04, 16.1111111111111, 0.0143535689589731
1989-05, 15.9139784946237, 0.00113103058012817
1989-06, 22.4444444444444, 0.439157665603072
1989-07, 6.45161290322581, -0.63355081160461
1989-08, 0, -1.06628843127602
1989-09, 3.33333333333333, -0.842707327779126
1989-10, 0, -1.06628843127602
1989-11, 33.3333333333333, 1.16952260369293
1989-12, 12.9032258064516, -0.200813191933201
1990-01, 3.2258064516129, -0.849919621440316
1990-02, 10.2380952380952, -0.37957504196413
1990-03, 2.36559139784946, -0.907617970729837
1990-04, 5.77777777777778, -0.678747851881402
1990-05, 16.1290322580645, 0.0155556179025043
1990-06, 36.6666666666667, 1.39310370718983
1990-07, 5.91397849462366, -0.669612279910561
1990-08, 3.2258064516129, -0.849919621440316
1990-09, 19.7777777777778, 0.26029278280556
1990-10, 28.3870967741935, 0.837757095278182
1990-11, 6.66666666666667, -0.61912622428223
1990-12, 25.8064516129032, 0.66466204740962
1991-01, 20.6451612903226, 0.318471951672494
1991-02, 6.90476190476191, -0.603156145461023
1991-03, 19.1397849462366, 0.217499840415833
1991-04, 19.7777777777778, 0.26029278280556
1991-05, 32.258064516129, 1.09739966708103
1991-06, 19.6666666666667, 0.252840079355665
1991-07, 27.741935483871, 0.794483333311047
1991-08, 9.67741935483871, -0.417182001768905
1991-09, 33.2222222222222, 1.16206990024304
1991-10, 9.24731182795699, -0.446031176413666
1991-11, 9.77777777777778, -0.410450527685127
1991-12, 12.9032258064516, -0.200813191933201
1992-01, 9.67741935483871, -0.417182001768905
1992-02, 13.7931034482759, -0.141125244392313
1992-03, 0, -1.06628843127602
1992-04, 2.77777777777778, -0.879970845028608
1992-05, 0, -1.06628843127602
1992-06, 3.33333333333333, -0.842707327779126
1992-07, 26.7741935483871, 0.729572690360333
1992-08, 22.5806451612903, 0.448293237573915
1992-09, 16.5555555555556, 0.0441643827585629
1992-10, 0, -1.06628843127602
1992-11, 10, -0.395545120785334
1992-12, 6.45161290322581, -0.63355081160461
1993-01, 15.2688172043011, -0.0421427313870142
1993-02, 0, -1.06628843127602
1993-03, 6.45161290322581, -0.63355081160461
1993-04, 10, -0.395545120785334
1993-05, 9.46236559139785, -0.431606589091285
1993-06, 5.55555555555556, -0.693653258781195
1993-07, 3.01075268817204, -0.864344208762696
1993-08, 19.3548387096774, 0.231924427738209
1993-09, 10, -0.395545120785334
1993-10, 6.45161290322581, -0.63355081160461
1993-11, 4.55555555555556, -0.760727589830264
1993-12, 8.81720430107527, -0.474880351058426
1994-01, 6.45161290322581, -0.63355081160461
1994-02, 3.57142857142857, -0.826737248957919
1994-03, 0, -1.06628843127602
1994-04, 0, -1.06628843127602
1994-05, 6.23655913978495, -0.64797539892699
1994-06, 0, -1.06628843127602
1994-07, 0, -1.06628843127602
1994-08, 6.45161290322581, -0.63355081160461
1994-09, 0, -1.06628843127602
1994-10, 15.9139784946237, 0.00113103058012817
1994-11, 0, -1.06628843127602
1994-12, 0, -1.06628843127602
1995-01, 31.9354838709677, 1.07576278609746
1995-02, 7.14285714285714, -0.587186066639816
1995-03, 5.91397849462366, -0.669612279910561
1995-04, 0, -1.06628843127602
1995-05, 22.258064516129, 0.426656356590343
1995-06, 3.33333333333333, -0.842707327779126
1995-07, 12.3655913978495, -0.236874660239148
1995-08, 15.5913978494624, -0.0205058504034431
1995-09, 0, -1.06628843127602
1995-10, 0, -1.06628843127602
1995-11, 3.33333333333333, -0.842707327779126
1995-12, 2.1505376344086, -0.922042558052217
1996-01, 31.8279569892473, 1.06855049243627
1996-02, 13.448275862069, -0.164254324064406
1996-03, 0, -1.06628843127602
1996-04, 0, -1.06628843127602
1996-05, 9.13978494623656, -0.453243470074856
1996-06, 16.6666666666667, 0.0516170862084586
1996-07, 0, -1.06628843127602
1996-08, 21.505376344086, 0.376170300962013
1996-09, 3.33333333333333, -0.842707327779126
1996-10, 3.2258064516129, -0.849919621440316
1996-11, 0, -1.06628843127602
1996-12, 2.90322580645161, -0.871556502423886
1997-01, 3.2258064516129, -0.849919621440316
1997-02, 0, -1.06628843127602
1997-03, 0, -1.06628843127602
1997-04, 0, -1.06628843127602
1997-05, 0, -1.06628843127602
1997-06, 3.22222222222222, -0.850160031229022
1997-07, 0, -1.06628843127602
1997-08, 0, -1.06628843127602
1997-09, 9.88888888888889, -0.402997824235231
1997-10, 3.2258064516129, -0.849919621440316
1997-11, 3.33333333333333, -0.842707327779126
1997-12, 3.2258064516129, -0.849919621440316
1998-01, 12.9032258064516, -0.200813191933201
1998-02, 7.14285714285714, -0.587186066639816
1998-03, 9.67741935483871, -0.417182001768905
1998-04, 24.8888888888889, 0.603117141500799
1998-05, 17.8494623655914, 0.130952316481548
1998-06, 12.4444444444444, -0.231585644887614
1998-07, 31.3978494623656, 1.03970131779151
1998-08, 6.45161290322581, -0.63355081160461
1998-09, 3.11111111111111, -0.857612734678919
1998-10, 9.46236559139785, -0.431606589091285
1998-11, 3.33333333333333, -0.842707327779126
1998-12, 0, -1.06628843127602
1999-01, 3.2258064516129, -0.849919621440316
1999-02, 3.57142857142857, -0.826737248957919
1999-03, 3.2258064516129, -0.849919621440316
1999-04, 0, -1.06628843127602
1999-05, 5.48387096774194, -0.698461454555321
1999-06, 3.33333333333333, -0.842707327779126
1999-07, 0, -1.06628843127602
1999-08, 3.2258064516129, -0.849919621440316
1999-09, 16.5555555555556, 0.0441643827585629
1999-10, 8.81720430107527, -0.474880351058426
1999-11, 29, 0.87886716914697
1999-12, 3.2258064516129, -0.849919621440316
2000-01, 3.2258064516129, -0.849919621440316
2000-02, 6.7816091954023, -0.611416531058199
2000-03, 25.8064516129032, 0.66466204740962
2000-04, 29.8888888888889, 0.938488796746142
2000-05, 6.45161290322581, -0.63355081160461
2000-06, 23.1111111111111, 0.483873886302454
2000-07, 3.2258064516129, -0.849919621440316
2000-08, 6.23655913978495, -0.64797539892699
2000-09, 5.88888888888889, -0.671295148431505
2000-10, 3.2258064516129, -0.849919621440316
2000-11, 0, -1.06628843127602
2000-12, 22.5806451612903, 0.448293237573915
2001-01, 2.79569892473118, -0.878768796085076
2001-02, 0, -1.06628843127602
2001-03, 9.67741935483871, -0.417182001768905
2001-04, 6.22222222222222, -0.648937038081816
2001-05, 3.2258064516129, -0.849919621440316
2001-06, 0, -1.06628843127602
2001-07, 2.47311827956989, -0.900405677068647
2001-08, 12.9032258064516, -0.200813191933201
2001-09, 0, -1.06628843127602
2001-10, 0, -1.06628843127602
2001-11, 0, -1.06628843127602
2001-12, 0, -1.06628843127602
2002-01, 22.0430107526882, 0.412231769267967
2002-02, 17.8571428571429, 0.131467480314493
2002-03, 22.3655913978495, 0.433868650251538
2002-04, 12.4444444444444, -0.231585644887614
2002-05, 0, -1.06628843127602
2002-06, 3.11111111111111, -0.857612734678919
2002-07, 2.79569892473118, -0.878768796085076
2002-08, 3.2258064516129, -0.849919621440316
2002-09, 0, -1.06628843127602
2002-10, 6.45161290322581, -0.63355081160461
2002-11, 26.6666666666667, 0.722360396699145
2002-12, 31.3978494623656, 1.03970131779151
2003-01, 12.9032258064516, -0.200813191933201
2003-02, 0, -1.06628843127602
2003-03, 6.45161290322581, -0.63355081160461
2003-04, 16.3333333333333, 0.0292589758587646
2003-05, 16.1290322580645, 0.0155556179025043
2003-06, 16.5555555555556, 0.0441643827585629
2003-07, 22.5806451612903, 0.448293237573915
2003-08, 3.2258064516129, -0.849919621440316
2003-09, 0, -1.06628843127602
2003-10, 0, -1.06628843127602
2003-11, 6.22222222222222, -0.648937038081816
2003-12, 0, -1.06628843127602
2004-01, 42.9032258064516, 1.81141673953886
2004-02, 9.54022988505747, -0.426383893681458
2004-03, 42.3655913978495, 1.77535527123291
2004-04, 35.1111111111111, 1.28876585889128
2004-05, 15.2688172043011, -0.0421427313870142
2004-06, 3.11111111111111, -0.857612734678919
2004-07, 9.67741935483871, -0.417182001768905
2004-08, 20, 0.275198189705352
2004-09, 32.4444444444444, 1.10990097609376
2004-10, 6.45161290322581, -0.63355081160461
2004-11, 15.5555555555556, -0.0229099482905058
2004-12, 0, -1.06628843127602
2005-01, 0, -1.06628843127602
2005-02, 0, -1.06628843127602
2005-03, 15.6989247311828, -0.0132935567422549
2005-04, 3.33333333333333, -0.842707327779126
2005-05, 3.2258064516129, -0.849919621440316
2005-06, 9.88888888888889, -0.402997824235231
2005-07, 6.45161290322581, -0.63355081160461
2005-08, 8.49462365591398, -0.496517232041997
2005-09, 3.33333333333333, -0.842707327779126
2005-10, 6.45161290322581, -0.63355081160461
2005-11, 0, -1.06628843127602
2005-12, 6.34408602150538, -0.6407631052658
2006-01, 0, -1.06628843127602
2006-02, 25.5952380952381, 0.650495042003712
2006-03, 5.80645161290323, -0.676824573571751
2006-04, 19.6666666666667, 0.252840079355665
2006-05, 6.12903225806452, -0.655187692588181
2006-06, 0, -1.06628843127602
2006-07, 19.1397849462366, 0.217499840415833
2006-08, 12.9032258064516, -0.200813191933201
2006-09, 9.88888888888889, -0.402997824235231
2006-10, 3.2258064516129, -0.849919621440316
2006-11, 20, 0.275198189705352
2006-12, 8.70967741935484, -0.482092644719617
2007-01, 0, -1.06628843127602
2007-02, 0, -1.06628843127602
2007-03, 0, -1.06628843127602
2007-04, 9.88888888888889, -0.402997824235231
2007-05, 22.0430107526882, 0.412231769267967
2007-06, 0, -1.06628843127602
2007-07, 0, -1.06628843127602
2007-08, 22.258064516129, 0.426656356590343
2007-09, 5.55555555555556, -0.693653258781195
2007-10, 14.5161290322581, -0.0926287870153448
2007-11, 26.1111111111111, 0.685096879449659
2007-12, 9.67741935483871, -0.417182001768905
2008-01, 9.67741935483871, -0.417182001768905
2008-02, 0, -1.06628843127602
2008-03, 8.81720430107527, -0.474880351058426
2008-04, 13.3333333333333, -0.171964017288441
2008-05, 31.3978494623656, 1.03970131779151
2008-06, 10, -0.395545120785334
2008-07, 38.494623655914, 1.51571269943006
2008-08, 15.6989247311828, -0.0132935567422549
2008-09, 9.22222222222222, -0.44771404493461
2008-10, 0, -1.06628843127602
2008-11, 3.33333333333333, -0.842707327779126
2008-12, 25.4838709677419, 0.643025166426048
2009-01, 19.1397849462366, 0.217499840415833
2009-02, 32.1428571428571, 1.0896722095869
2009-03, 9.46236559139785, -0.431606589091285
2009-04, 44.4444444444444, 1.91479294868258
2009-05, 28.9247311827957, 0.873818563584137
2009-06, 50, 2.28742812117741
2009-07, 47.741935483871, 2.13596995429242
2009-08, 18.2795698924731, 0.159801491126308
2009-09, 3.33333333333333, -0.842707327779126
2009-10, 9.67741935483871, -0.417182001768905
2009-11, 0, -1.06628843127602
2009-12, 2.04301075268817, -0.929254851713408
2010-01, 15.8064516129032, -0.00608126308106677
2010-02, 0, -1.06628843127602
2010-03, 0, -1.06628843127602
2010-04, 3.33333333333333, -0.842707327779126
2010-05, 0, -1.06628843127602
2010-06, 3.33333333333333, -0.842707327779126
2010-07, 5.80645161290323, -0.676824573571751
2010-08, 6.34408602150538, -0.6407631052658
2010-09, 43.3333333333333, 1.84026591418362
2010-10, 31.8279569892473, 1.06855049243627
2010-11, 5, -0.730916776030678
2010-12, 15.8064516129032, -0.00608126308106677
2011-01, 12.9032258064516, -0.200813191933201
2011-02, 7.14285714285714, -0.587186066639816
2011-03, 22.5806451612903, 0.448293237573915
2011-04, 56.6666666666667, 2.7345903281712
2011-05, 48.3870967741936, 2.17924371625956
2011-06, 26.6666666666667, 0.722360396699145
2011-07, 9.67741935483871, -0.417182001768905
2011-08, 0, -1.06628843127602
2011-09, 10, -0.395545120785334
2011-10, 6.45161290322581, -0.63355081160461
2011-11, 6.66666666666667, -0.61912622428223
2011-12, 0, -1.06628843127602
2012-01, 29.0322580645161, 0.881030857245325
2012-02, 6.89655172413793, -0.603706837834168
2012-03, 0, -1.06628843127602
2012-04, 13.3333333333333, -0.171964017288441
2012-05, 0, -1.06628843127602
2012-06, 0, -1.06628843127602
2012-07, 0, -1.06628843127602
2012-08, 9.67741935483871, -0.417182001768905
2012-09, 13.3333333333333, -0.171964017288441
2012-10, 22.5806451612903, 0.448293237573915
2012-11, 26.6666666666667, 0.722360396699145
2012-12, 0, -1.06628843127602
2013-01, 6.45161290322581, -0.63355081160461
2013-02, 10.7142857142857, -0.347634884321715
2013-03, 25.8064516129032, 0.66466204740962
2013-04, 16.6666666666667, 0.0516170862084586
2013-05, 0, -1.06628843127602
2013-06, 30, 0.945941500196038
2013-07, 19.3548387096774, 0.231924427738209
2013-08, 29.0322580645161, 0.881030857245325
2013-09, 10, -0.395545120785334
2013-10, 6.45161290322581, -0.63355081160461
2013-11, 40, 1.61668481068672
2013-12, 0, -1.06628843127602
2014-01, 9.67741935483871, -0.417182001768905
2014-02, 7.14285714285714, -0.587186066639816
2014-03, 3.2258064516129, -0.849919621440316
2014-04, 6.66666666666667, -0.61912622428223
2014-05, 9.67741935483871, -0.417182001768905
2014-06, 16.6666666666667, 0.0516170862084586
2014-07, 19.3548387096774, 0.231924427738209
2014-08, 54.8387096774194, 2.61198133593097
2014-09, 30, 0.945941500196038
2014-10, 3.2258064516129, -0.849919621440316
2014-11, 16.6666666666667, 0.0516170862084586
2014-12, 0, -1.06628843127602
2015-01, 0, -1.06628843127602
2015-02, 0, -1.06628843127602
2015-03, 12.9032258064516, -0.200813191933201
2015-04, 16.6666666666667, 0.0516170862084586
2015-05, 9.67741935483871, -0.417182001768905
2015-06, 6.66666666666667, -0.61912622428223
2015-07, 35.4838709677419, 1.31376847691674
2015-08, 9.67741935483871, -0.417182001768905
2015-09, 23.3333333333333, 0.498779293202245
2015-10, 25.8064516129032, 0.66466204740962
2015-11, 0, -1.06628843127602
2015-12, 19.3548387096774, 0.231924427738209
2016-01, 9.67741935483871, -0.417182001768905
2016-02, 3.44827586206897, -0.834997634555094
2016-03, 0, -1.06628843127602
2016-04, 23.3333333333333, 0.498779293202245
2016-05, 6.45161290322581, -0.63355081160461
2016-06, 0, -1.06628843127602
2016-07, 6.45161290322581, -0.63355081160461
2016-08, 6.45161290322581, -0.63355081160461
2016-09, 3.33333333333333, -0.842707327779126
2016-10, 9.67741935483871, -0.417182001768905
2016-11, 30, 0.945941500196038
2016-12, 0, -1.06628843127602
2017-01, 19.3548387096774, 0.231924427738209
2017-02, 28.5714285714286, 0.850121027268799
2017-03, 3.2258064516129, -0.849919621440316
2017-04, 3.33333333333333, -0.842707327779126
2017-05, 3.2258064516129, -0.849919621440316
2017-06, 33.3333333333333, 1.16952260369293
2017-07, 6.45161290322581, -0.63355081160461
2017-08, 9.67741935483871, -0.417182001768905
2017-09, 26.6666666666667, 0.722360396699145
2017-10, 6.45161290322581, -0.63355081160461
2017-11, 13.3333333333333, -0.171964017288441
2017-12, 6.45161290322581, -0.63355081160461
2018-01, 3.2258064516129, -0.849919621440316
2018-02, 10.7142857142857, -0.347634884321715
2018-03, 16.1290322580645, 0.0155556179025043
2018-04, 30, 0.945941500196038
2018-05, 12.9032258064516, -0.200813191933201
2018-06, 30, 0.945941500196038
2018-07, 6.45161290322581, -0.63355081160461
2018-08, 9.67741935483871, -0.417182001768905
2018-09, 3.33333333333333, -0.842707327779126
2018-10, 29.0322580645161, 0.881030857245325
2018-11, 20, 0.275198189705352
2018-12, 25.8064516129032, 0.66466204740962
2019-01, 19.3548387096774, 0.231924427738209
2019-02, 7.14285714285714, -0.587186066639816
2019-03, 25.8064516129032, 0.66466204740962
2019-04, 46.6666666666667, 2.06384701768052
2019-05, 19.3548387096774, 0.231924427738209
2019-06, 6.66666666666667, -0.61912622428223
2019-07, 19.3548387096774, 0.231924427738209
2019-08, 12.9032258064516, -0.200813191933201
2019-09, 3.33333333333333, -0.842707327779126
2019-10, 32.258064516129, 1.09739966708103
2019-11, 0, -1.06628843127602
2019-12, 16.1290322580645, 0.0155556179025043
2020-01, 0, -1.06628843127602
2020-02, 6.89655172413793, -0.603706837834168
2020-03, 3.2258064516129, -0.849919621440316
2020-04, 20, 0.275198189705352
2020-05, 12.9032258064516, -0.200813191933201
2020-06, 3.33333333333333, -0.842707327779126
2020-07, 9.67741935483871, -0.417182001768905
2020-08, 19.3548387096774, 0.231924427738209
2020-09, 0, -1.06628843127602
2020-10, 3.2258064516129, -0.849919621440316
2020-11, 10, -0.395545120785334
2020-12, 0, -1.06628843127602
2021-01, 0, -1.06628843127602
2021-02, 10.7142857142857, -0.347634884321715
2021-03, 0, -1.06628843127602
2021-04, 0, -1.06628843127602
2021-05, 6.45161290322581, -0.63355081160461
2021-06, 10, -0.395545120785334
2021-07, 0, -1.06628843127602
2021-08, 0, -1.06628843127602
2021-09, 3.33333333333333, -0.842707327779126
2021-10, 22.5806451612903, 0.448293237573915
2021-11, 33.3333333333333, 1.16952260369293
2021-12, 0, -1.06628843127602
2022-01, 12.9032258064516, -0.200813191933201
2022-02, 28.5714285714286, 0.850121027268799
2022-03, 19.3548387096774, 0.231924427738209
2022-04, 20, 0.275198189705352
2022-05, 9.67741935483871, -0.417182001768905
2022-06, 16.6666666666667, 0.0516170862084586
2022-07, 9.67741935483871, -0.417182001768905
2022-08, 6.45161290322581, -0.63355081160461
2022-09, 16.6666666666667, 0.0516170862084586
2022-10, 12.9032258064516, -0.200813191933201
2022-11, 16.6666666666667, 0.0516170862084586
2022-12, 9.67741935483871, -0.417182001768905
2023-01, 16.1290322580645, 0.0155556179025043
2023-02, 17.8571428571429, 0.131467480314493
2023-03, 48.3870967741936, 2.17924371625956
2023-04, 20, 0.275198189705352
2023-05, 58.0645161290323, 2.82835014576668
2023-06, 20, 0.275198189705352
2023-07, 19.3548387096774, 0.231924427738209
2023-08, 6.45161290322581, -0.63355081160461
2023-09, 16.6666666666667, 0.0516170862084586
2023-10, 9.67741935483871, -0.417182001768905
2023-11, 36.6666666666667, 1.39310370718983
2023-12, 12.9032258064516, -0.200813191933201
2024-01, 6.45161290322581, -0.63355081160461
2024-02, 6.89655172413793, -0.603706837834168
2024-03, 9.67741935483871, -0.417182001768905
2024-04, 10, -0.395545120785334
2024-05, 0, -1.06628843127602
2024-06, 6.66666666666667, -0.61912622428223
2024-07, 3.2258064516129, -0.849919621440316
2024-08, 16.1290322580645, 0.0155556179025043
2024-09, 13.3333333333333, -0.171964017288441
2024-10, 16.1290322580645, 0.0155556179025043
2024-11, 3.33333333333333, -0.842707327779126
2024-12, 29.0322580645161, 0.881030857245325
2025-01, 6.45161290322581, -0.63355081160461
2025-02, 14.2857142857143, -0.108083702003611
2025-03, 0, -1.06628843127602
2025-04, 13.3333333333333, -0.171964017288441
2025-05, 6.45161290322581, -0.63355081160461
2025-06, 20, 0.275198189705352
2025-07, 9.67741935483871, -0.417182001768905
2025-08, 0, -1.06628843127602
2025-09, 0, -1.06628843127602
2025-10, 19.3548387096774, 0.231924427738209
2025-11, 13.3333333333333, -0.171964017288441
2025-12, 3.2258064516129, -0.849919621440316
2026-01, 19.3548387096774, 0.231924427738209
2026-02, 7.14285714285714, -0.587186066639816
2026-03, 19.3548387096774, 0.231924427738209
2026-04, 33.3333333333333, 1.16952260369293
2026-05, 9.67741935483871, -0.417182001768905
2026-06, 20, 0.275198189705352
2026-07, 19.3548387096774, 0.231924427738209
2026-08, 16.1290322580645, 0.0155556179025043
2026-09, 13.3333333333333, -0.171964017288441
2026-10, 29.0322580645161, 0.881030857245325
2026-11, 30, 0.945941500196038
2026-12, 16.1290322580645, 0.0155556179025043
2027-01, 3.2258064516129, -0.849919621440316
2027-02, 7.14285714285714, -0.587186066639816
2027-03, 19.3548387096774, 0.231924427738209
2027-04, 0, -1.06628843127602
2027-05, 6.45161290322581, -0.63355081160461
2027-06, 10, -0.395545120785334
2027-07, 12.9032258064516, -0.200813191933201
2027-08, 12.9032258064516, -0.200813191933201
2027-09, 16.6666666666667, 0.0516170862084586
2027-10, 9.67741935483871, -0.417182001768905
2027-11, 20, 0.275198189705352
2027-12, 16.1290322580645, 0.0155556179025043
2028-01, 3.2258064516129, -0.849919621440316
2028-02, 37.9310344827586, 1.47791033265417
2028-03, 16.1290322580645, 0.0155556179025043
2028-04, 10, -0.395545120785334
2028-05, 25.8064516129032, 0.66466204740962
2028-06, 20, 0.275198189705352
2028-07, 9.67741935483871, -0.417182001768905
2028-08, 0, -1.06628843127602
2028-09, 13.3333333333333, -0.171964017288441
2028-10, 0, -1.06628843127602
2028-11, 16.6666666666667, 0.0516170862084586
2028-12, 25.8064516129032, 0.66466204740962
2029-01, 54.8387096774194, 2.61198133593097
2029-02, 32.1428571428571, 1.0896722095869
2029-03, 29.0322580645161, 0.881030857245325
2029-04, 46.6666666666667, 2.06384701768052
2029-05, 35.4838709677419, 1.31376847691674
2029-06, 3.33333333333333, -0.842707327779126
2029-07, 16.1290322580645, 0.0155556179025043
2029-08, 12.9032258064516, -0.200813191933201
2029-09, 13.3333333333333, -0.171964017288441
2029-10, 9.67741935483871, -0.417182001768905
2029-11, 23.3333333333333, 0.498779293202245
2029-12, 3.2258064516129, -0.849919621440316
2030-01, 6.45161290322581, -0.63355081160461
2030-02, 42.8571428571429, 1.80832575654121
2030-03, 12.9032258064516, -0.200813191933201
2030-04, 6.66666666666667, -0.61912622428223
2030-05, 0, -1.06628843127602
2030-06, 26.6666666666667, 0.722360396699145
2030-07, 29.0322580645161, 0.881030857245325
2030-08, 16.1290322580645, 0.0155556179025043
2030-09, 26.6666666666667, 0.722360396699145
2030-10, 12.9032258064516, -0.200813191933201
2030-11, 33.3333333333333, 1.16952260369293
2030-12, 9.67741935483871, -0.417182001768905
2031-01, 9.67741935483871, -0.417182001768905
2031-02, 42.8571428571429, 1.80832575654121
2031-03, 9.67741935483871, -0.417182001768905
2031-04, 53.3333333333333, 2.5110092246743
2031-05, 12.9032258064516, -0.200813191933201
2031-06, 20, 0.275198189705352
2031-07, 6.45161290322581, -0.63355081160461
2031-08, 12.9032258064516, -0.200813191933201
2031-09, 16.6666666666667, 0.0516170862084586
2031-10, 25.8064516129032, 0.66466204740962
2031-11, 33.3333333333333, 1.16952260369293
2031-12, 0, -1.06628843127602
2032-01, 12.9032258064516, -0.200813191933201
2032-02, 3.44827586206897, -0.834997634555094
2032-03, 3.2258064516129, -0.849919621440316
2032-04, 26.6666666666667, 0.722360396699145
2032-05, 6.45161290322581, -0.63355081160461
2032-06, 3.33333333333333, -0.842707327779126
2032-07, 3.2258064516129, -0.849919621440316
2032-08, 3.2258064516129, -0.849919621440316
2032-09, 10, -0.395545120785334
2032-10, 0, -1.06628843127602
2032-11, 70, 3.62891474215878
2032-12, 12.9032258064516, -0.200813191933201
2033-01, 0, -1.06628843127602
2033-02, 21.4285714285714, 0.371018662632591
2033-03, 6.45161290322581, -0.63355081160461
2033-04, 0, -1.06628843127602
2033-05, 25.8064516129032, 0.66466204740962
2033-06, 46.6666666666667, 2.06384701768052
2033-07, 35.4838709677419, 1.31376847691674
2033-08, 3.2258064516129, -0.849919621440316
2033-09, 13.3333333333333, -0.171964017288441
2033-10, 9.67741935483871, -0.417182001768905
2033-11, 10, -0.395545120785334
2033-12, 61.2903225806452, 3.04471895560238
2034-01, 29.0322580645161, 0.881030857245325
2034-02, 17.8571428571429, 0.131467480314493
2034-03, 41.9354838709677, 1.74650609658815
2034-04, 53.3333333333333, 2.5110092246743
2034-05, 22.5806451612903, 0.448293237573915
2034-06, 0, -1.06628843127602
2034-07, 9.67741935483871, -0.417182001768905
2034-08, 0, -1.06628843127602
2034-09, 10, -0.395545120785334
2034-10, 6.45161290322581, -0.63355081160461
2034-11, 33.3333333333333, 1.16952260369293
2034-12, 6.45161290322581, -0.63355081160461
2035-01, 3.2258064516129, -0.849919621440316
2035-02, 3.57142857142857, -0.826737248957919
2035-03, 0, -1.06628843127602
2035-04, 6.66666666666667, -0.61912622428223
2035-05, 19.3548387096774, 0.231924427738209
2035-06, 3.33333333333333, -0.842707327779126
2035-07, 6.45161290322581, -0.63355081160461
2035-08, 6.45161290322581, -0.63355081160461
2035-09, 3.33333333333333, -0.842707327779126
2035-10, 6.45161290322581, -0.63355081160461
2035-11, 33.3333333333333, 1.16952260369293
2035-12, 6.45161290322581, -0.63355081160461
2036-01, 6.45161290322581, -0.63355081160461
2036-02, 13.7931034482759, -0.141125244392313
2036-03, 3.2258064516129, -0.849919621440316
2036-04, 0, -1.06628843127602
2036-05, 38.7096774193548, 1.53013728675244
2036-06, 43.3333333333333, 1.84026591418362
2036-07, 9.67741935483871, -0.417182001768905
2036-08, 16.1290322580645, 0.0155556179025043
2036-09, 3.33333333333333, -0.842707327779126
2036-10, 0, -1.06628843127602
2036-11, 26.6666666666667, 0.722360396699145
2036-12, 25.8064516129032, 0.66466204740962
2037-01, 6.45161290322581, -0.63355081160461
2037-02, 21.4285714285714, 0.371018662632591
2037-03, 6.45161290322581, -0.63355081160461
2037-04, 33.3333333333333, 1.16952260369293
2037-05, 32.258064516129, 1.09739966708103
2037-06, 13.3333333333333, -0.171964017288441
2037-07, 32.258064516129, 1.09739966708103
2037-08, 0, -1.06628843127602
2037-09, 13.3333333333333, -0.171964017288441
2037-10, 41.9354838709677, 1.74650609658815
2037-11, 33.3333333333333, 1.16952260369293
2037-12, 6.45161290322581, -0.63355081160461
2038-01, 16.1290322580645, 0.0155556179025043
2038-02, 3.57142857142857, -0.826737248957919
2038-03, 12.9032258064516, -0.200813191933201
2038-04, 46.6666666666667, 2.06384701768052
2038-05, 19.3548387096774, 0.231924427738209
2038-06, 20, 0.275198189705352
2038-07, 9.67741935483871, -0.417182001768905
2038-08, 22.5806451612903, 0.448293237573915
2038-09, 26.6666666666667, 0.722360396699145
2038-10, 12.9032258064516, -0.200813191933201
2038-11, 43.3333333333333, 1.84026591418362
2038-12, 12.9032258064516, -0.200813191933201
2039-01, 25.8064516129032, 0.66466204740962
2039-02, 57.1428571428571, 2.76653048581361
2039-03, 51.6129032258064, 2.39561252609526
2039-04, 56.6666666666667, 2.7345903281712
2039-05, 58.0645161290323, 2.82835014576668
2039-06, 26.6666666666667, 0.722360396699145
2039-07, 6.45161290322581, -0.63355081160461
2039-08, 9.67741935483871, -0.417182001768905
2039-09, 33.3333333333333, 1.16952260369293
2039-10, 22.5806451612903, 0.448293237573915
2039-11, 60, 2.9581714316681
2039-12, 61.2903225806452, 3.04471895560238
2040-01, 3.2258064516129, -0.849919621440316
2040-02, 13.7931034482759, -0.141125244392313
2040-03, 35.4838709677419, 1.31376847691674
2040-04, 43.3333333333333, 1.84026591418362
2040-05, 29.0322580645161, 0.881030857245325
2040-06, 13.3333333333333, -0.171964017288441
2040-07, 0, -1.06628843127602
2040-08, 16.1290322580645, 0.0155556179025043
2040-09, 6.66666666666667, -0.61912622428223
2040-10, 6.45161290322581, -0.63355081160461
2040-11, 53.3333333333333, 2.5110092246743
2040-12, 6.45161290322581, -0.63355081160461
2041-01, 19.3548387096774, 0.231924427738209
2041-02, 17.8571428571429, 0.131467480314493
2041-03, 3.2258064516129, -0.849919621440316
2041-04, 6.66666666666667, -0.61912622428223
2041-05, 3.2258064516129, -0.849919621440316
2041-06, 13.3333333333333, -0.171964017288441
2041-07, 45.1612903225806, 1.96287490642385
2041-08, 61.2903225806452, 3.04471895560238
2041-09, 20, 0.275198189705352
2041-10, 9.67741935483871, -0.417182001768905
2041-11, 20, 0.275198189705352
2041-12, 25.8064516129032, 0.66466204740962
2042-01, 51.6129032258064, 2.39561252609526
2042-02, 32.1428571428571, 1.0896722095869
2042-03, 35.4838709677419, 1.31376847691674
2042-04, 46.6666666666667, 2.06384701768052
2042-05, 16.1290322580645, 0.0155556179025043
2042-06, 6.66666666666667, -0.61912622428223
2042-07, 25.8064516129032, 0.66466204740962
2042-08, 32.258064516129, 1.09739966708103
2042-09, 16.6666666666667, 0.0516170862084586
2042-10, 12.9032258064516, -0.200813191933201
2042-11, 23.3333333333333, 0.498779293202245
2042-12, 12.9032258064516, -0.200813191933201
2043-01, 9.67741935483871, -0.417182001768905
2043-02, 21.4285714285714, 0.371018662632591
2043-03, 3.2258064516129, -0.849919621440316
2043-04, 20, 0.275198189705352
2043-05, 48.3870967741936, 2.17924371625956
2043-06, 10, -0.395545120785334
2043-07, 3.2258064516129, -0.849919621440316
2043-08, 3.2258064516129, -0.849919621440316
2043-09, 36.6666666666667, 1.39310370718983
2043-10, 9.67741935483871, -0.417182001768905
2043-11, 63.3333333333333, 3.18175253516499
2043-12, 0, -1.06628843127602
2044-01, 0, -1.06628843127602
2044-02, 3.44827586206897, -0.834997634555094
2044-03, 6.45161290322581, -0.63355081160461
2044-04, 0, -1.06628843127602
2044-05, 12.9032258064516, -0.200813191933201
2044-06, 53.3333333333333, 2.5110092246743
2044-07, 16.1290322580645, 0.0155556179025043
2044-08, 3.2258064516129, -0.849919621440316
2044-09, 3.33333333333333, -0.842707327779126
2044-10, 12.9032258064516, -0.200813191933201
2044-11, 30, 0.945941500196038
2044-12, 3.2258064516129, -0.849919621440316
2045-01, 6.45161290322581, -0.63355081160461
2045-02, 50, 2.28742812117741
2045-03, 6.45161290322581, -0.63355081160461
2045-04, 26.6666666666667, 0.722360396699145
2045-05, 16.1290322580645, 0.0155556179025043
2045-06, 0, -1.06628843127602
2045-07, 9.67741935483871, -0.417182001768905
2045-08, 22.5806451612903, 0.448293237573915
2045-09, 13.3333333333333, -0.171964017288441
2045-10, 19.3548387096774, 0.231924427738209
2045-11, 13.3333333333333, -0.171964017288441
2045-12, 3.2258064516129, -0.849919621440316
2046-01, 6.45161290322581, -0.63355081160461
2046-02, 14.2857142857143, -0.108083702003611
2046-03, 38.7096774193548, 1.53013728675244
2046-04, 26.6666666666667, 0.722360396699145
2046-05, 9.67741935483871, -0.417182001768905
2046-06, 16.6666666666667, 0.0516170862084586
2046-07, 3.2258064516129, -0.849919621440316
2046-08, 9.67741935483871, -0.417182001768905
2046-09, 13.3333333333333, -0.171964017288441
2046-10, 0, -1.06628843127602
2046-11, 16.6666666666667, 0.0516170862084586
2046-12, 3.2258064516129, -0.849919621440316
2047-01, 0, -1.06628843127602
2047-02, 21.4285714285714, 0.371018662632591
2047-03, 6.45161290322581, -0.63355081160461
2047-04, 6.66666666666667, -0.61912622428223
2047-05, 0, -1.06628843127602
2047-06, 3.33333333333333, -0.842707327779126
2047-07, 25.8064516129032, 0.66466204740962
2047-08, 9.67741935483871, -0.417182001768905
2047-09, 0, -1.06628843127602
2047-10, 32.258064516129, 1.09739966708103
2047-11, 26.6666666666667, 0.722360396699145
2047-12, 9.67741935483871, -0.417182001768905
2048-01, 51.6129032258064, 2.39561252609526
2048-02, 6.89655172413793, -0.603706837834168
2048-03, 29.0322580645161, 0.881030857245325
2048-04, 30, 0.945941500196038
2048-05, 38.7096774193548, 1.53013728675244
2048-06, 36.6666666666667, 1.39310370718983
2048-07, 35.4838709677419, 1.31376847691674
2048-08, 19.3548387096774, 0.231924427738209
2048-09, 30, 0.945941500196038
2048-10, 6.45161290322581, -0.63355081160461
2048-11, 16.6666666666667, 0.0516170862084586
2048-12, 0, -1.06628843127602
2049-01, 3.2258064516129, -0.849919621440316
2049-02, 0, -1.06628843127602
2049-03, 0, -1.06628843127602
2049-04, 3.33333333333333, -0.842707327779126
2049-05, 0, -1.06628843127602
2049-06, 23.3333333333333, 0.498779293202245
2049-07, 16.1290322580645, 0.0155556179025043
2049-08, 6.45161290322581, -0.63355081160461
2049-09, 3.33333333333333, -0.842707327779126
2049-10, 9.67741935483871, -0.417182001768905
2049-11, 20, 0.275198189705352
2049-12, 38.7096774193548, 1.53013728675244
2050-01, 29.0322580645161, 0.881030857245325
2050-02, 14.2857142857143, -0.108083702003611
2050-03, 48.3870967741936, 2.17924371625956
2050-04, 63.3333333333333, 3.18175253516499
2050-05, 58.0645161290323, 2.82835014576668
2050-06, 23.3333333333333, 0.498779293202245
2050-07, 16.1290322580645, 0.0155556179025043
2050-08, 16.1290322580645, 0.0155556179025043
2050-09, 16.6666666666667, 0.0516170862084586
2050-10, 16.1290322580645, 0.0155556179025043
2050-11, 53.3333333333333, 2.5110092246743
2050-12, 0, -1.06628843127602
2051-01, 3.2258064516129, -0.849919621440316
2051-02, 0, -1.06628843127602
2051-03, 12.9032258064516, -0.200813191933201
2051-04, 6.66666666666667, -0.61912622428223
2051-05, 3.2258064516129, -0.849919621440316
2051-06, 3.33333333333333, -0.842707327779126
2051-07, 29.0322580645161, 0.881030857245325
2051-08, 25.8064516129032, 0.66466204740962
2051-09, 10, -0.395545120785334
2051-10, 12.9032258064516, -0.200813191933201
2051-11, 23.3333333333333, 0.498779293202245
2051-12, 16.1290322580645, 0.0155556179025043
2052-01, 22.5806451612903, 0.448293237573915
2052-02, 3.44827586206897, -0.834997634555094
2052-03, 3.2258064516129, -0.849919621440316
2052-04, 13.3333333333333, -0.171964017288441
2052-05, 6.45161290322581, -0.63355081160461
2052-06, 10, -0.395545120785334
2052-07, 19.3548387096774, 0.231924427738209
2052-08, 48.3870967741936, 2.17924371625956
2052-09, 23.3333333333333, 0.498779293202245
2052-10, 19.3548387096774, 0.231924427738209
2052-11, 73.3333333333333, 3.85249584565568
2052-12, 54.8387096774194, 2.61198133593097
2053-01, 32.258064516129, 1.09739966708103
2053-02, 3.57142857142857, -0.826737248957919
2053-03, 19.3548387096774, 0.231924427738209
2053-04, 0, -1.06628843127602
2053-05, 25.8064516129032, 0.66466204740962
2053-06, 10, -0.395545120785334
2053-07, 22.5806451612903, 0.448293237573915
2053-08, 3.2258064516129, -0.849919621440316
2053-09, 13.3333333333333, -0.171964017288441
2053-10, 25.8064516129032, 0.66466204740962
2053-11, 10, -0.395545120785334
2053-12, 32.258064516129, 1.09739966708103
2054-01, 9.67741935483871, -0.417182001768905
2054-02, 10.7142857142857, -0.347634884321715
2054-03, 19.3548387096774, 0.231924427738209
2054-04, 6.66666666666667, -0.61912622428223
2054-05, 12.9032258064516, -0.200813191933201
2054-06, 3.33333333333333, -0.842707327779126
2054-07, 19.3548387096774, 0.231924427738209
2054-08, 22.5806451612903, 0.448293237573915
2054-09, 16.6666666666667, 0.0516170862084586
2054-10, 29.0322580645161, 0.881030857245325
2054-11, 36.6666666666667, 1.39310370718983
2054-12, 6.45161290322581, -0.63355081160461
2055-01, 0, -1.06628843127602
2055-02, 0, -1.06628843127602
2055-03, 3.2258064516129, -0.849919621440316
2055-04, 0, -1.06628843127602
2055-05, 9.67741935483871, -0.417182001768905
2055-06, 10, -0.395545120785334
2055-07, 6.45161290322581, -0.63355081160461
2055-08, 12.9032258064516, -0.200813191933201
2055-09, 20, 0.275198189705352
2055-10, 48.3870967741936, 2.17924371625956
2055-11, 33.3333333333333, 1.16952260369293
2055-12, 3.2258064516129, -0.849919621440316
2056-01, 41.9354838709677, 1.74650609658815
2056-02, 10.3448275862069, -0.372416041113242
2056-03, 0, -1.06628843127602
2056-04, 3.33333333333333, -0.842707327779126
2056-05, 19.3548387096774, 0.231924427738209
2056-06, 10, -0.395545120785334
2056-07, 3.2258064516129, -0.849919621440316
2056-08, 22.5806451612903, 0.448293237573915
2056-09, 3.33333333333333, -0.842707327779126
2056-10, 6.45161290322581, -0.63355081160461
2056-11, 20, 0.275198189705352
2056-12, 16.1290322580645, 0.0155556179025043
2057-01, 32.258064516129, 1.09739966708103
2057-02, 0, -1.06628843127602
2057-03, 16.1290322580645, 0.0155556179025043
2057-04, 43.3333333333333, 1.84026591418362
2057-05, 22.5806451612903, 0.448293237573915
2057-06, 10, -0.395545120785334
2057-07, 6.45161290322581, -0.63355081160461
2057-08, 9.67741935483871, -0.417182001768905
2057-09, 0, -1.06628843127602
2057-10, 12.9032258064516, -0.200813191933201
2057-11, 0, -1.06628843127602
2057-12, 0, -1.06628843127602
2058-01, 19.3548387096774, 0.231924427738209
2058-02, 17.8571428571429, 0.131467480314493
2058-03, 12.9032258064516, -0.200813191933201
2058-04, 63.3333333333333, 3.18175253516499
2058-05, 29.0322580645161, 0.881030857245325
2058-06, 20, 0.275198189705352
2058-07, 45.1612903225806, 1.96287490642385
2058-08, 32.258064516129, 1.09739966708103
2058-09, 23.3333333333333, 0.498779293202245
2058-10, 35.4838709677419, 1.31376847691674
2058-11, 60, 2.9581714316681
2058-12, 6.45161290322581, -0.63355081160461
2059-01, 0, -1.06628843127602
2059-02, 14.2857142857143, -0.108083702003611
2059-03, 41.9354838709677, 1.74650609658815
2059-04, 43.3333333333333, 1.84026591418362
2059-05, 0, -1.06628843127602
2059-06, 30, 0.945941500196038
2059-07, 19.3548387096774, 0.231924427738209
2059-08, 22.5806451612903, 0.448293237573915
2059-09, 26.6666666666667, 0.722360396699145
2059-10, 0, -1.06628843127602
2059-11, 13.3333333333333, -0.171964017288441
2059-12, 19.3548387096774, 0.231924427738209
2060-01, 0, -1.06628843127602
2060-02, 10.3448275862069, -0.372416041113242
2060-03, 9.67741935483871, -0.417182001768905
2060-04, 6.66666666666667, -0.61912622428223
2060-05, 6.45161290322581, -0.63355081160461
2060-06, 40, 1.61668481068672
2060-07, 32.258064516129, 1.09739966708103
2060-08, 25.8064516129032, 0.66466204740962
2060-09, 26.6666666666667, 0.722360396699145
2060-10, 32.258064516129, 1.09739966708103
2060-11, 43.3333333333333, 1.84026591418362
2060-12, 35.4838709677419, 1.31376847691674
2061-01, 0, -1.06628843127602
2061-02, 21.4285714285714, 0.371018662632591
2061-03, 0, -1.06628843127602
2061-04, 13.3333333333333, -0.171964017288441
2061-05, 9.67741935483871, -0.417182001768905
2061-06, 3.33333333333333, -0.842707327779126
2061-07, 35.4838709677419, 1.31376847691674
2061-08, 3.2258064516129, -0.849919621440316
2061-09, 10, -0.395545120785334
2061-10, 19.3548387096774, 0.231924427738209
2061-11, 20, 0.275198189705352
2061-12, 19.3548387096774, 0.231924427738209
2062-01, 6.45161290322581, -0.63355081160461
2062-02, 10.7142857142857, -0.347634884321715
2062-03, 9.67741935483871, -0.417182001768905
2062-04, 3.33333333333333, -0.842707327779126
2062-05, 19.3548387096774, 0.231924427738209
2062-06, 20, 0.275198189705352
2062-07, 25.8064516129032, 0.66466204740962
2062-08, 25.8064516129032, 0.66466204740962
2062-09, 33.3333333333333, 1.16952260369293
2062-10, 3.2258064516129, -0.849919621440316
2062-11, 30, 0.945941500196038
2062-12, 35.4838709677419, 1.31376847691674
2063-01, 29.0322580645161, 0.881030857245325
2063-02, 57.1428571428571, 2.76653048581361
2063-03, 35.4838709677419, 1.31376847691674
2063-04, 26.6666666666667, 0.722360396699145
2063-05, 19.3548387096774, 0.231924427738209
2063-06, 23.3333333333333, 0.498779293202245
2063-07, 6.45161290322581, -0.63355081160461
2063-08, 3.2258064516129, -0.849919621440316
2063-09, 3.33333333333333, -0.842707327779126
2063-10, 22.5806451612903, 0.448293237573915
2063-11, 13.3333333333333, -0.171964017288441
2063-12, 41.9354838709677, 1.74650609658815
2064-01, 9.67741935483871, -0.417182001768905
2064-02, 24.1379310344828, 0.552747145770466
2064-03, 58.0645161290323, 2.82835014576668
2064-04, 40, 1.61668481068672
2064-05, 32.258064516129, 1.09739966708103
2064-06, 33.3333333333333, 1.16952260369293
2064-07, 25.8064516129032, 0.66466204740962
2064-08, 29.0322580645161, 0.881030857245325
2064-09, 16.6666666666667, 0.0516170862084586
2064-10, 41.9354838709677, 1.74650609658815
2064-11, 10, -0.395545120785334
2064-12, 0, -1.06628843127602
2065-01, 25.8064516129032, 0.66466204740962
2065-02, 53.5714285714286, 2.52697930349552
2065-03, 16.1290322580645, 0.0155556179025043
2065-04, 46.6666666666667, 2.06384701768052
2065-05, 12.9032258064516, -0.200813191933201
2065-06, 10, -0.395545120785334
2065-07, 9.67741935483871, -0.417182001768905
2065-08, 29.0322580645161, 0.881030857245325
2065-09, 23.3333333333333, 0.498779293202245
2065-10, 25.8064516129032, 0.66466204740962
2065-11, 50, 2.28742812117741
2065-12, 54.8387096774194, 2.61198133593097
2066-01, 45.1612903225806, 1.96287490642385
2066-02, 7.14285714285714, -0.587186066639816
2066-03, 41.9354838709677, 1.74650609658815
2066-04, 53.3333333333333, 2.5110092246743
2066-05, 9.67741935483871, -0.417182001768905
2066-06, 60, 2.9581714316681
2066-07, 12.9032258064516, -0.200813191933201
2066-08, 9.67741935483871, -0.417182001768905
2066-09, 26.6666666666667, 0.722360396699145
2066-10, 22.5806451612903, 0.448293237573915
2066-11, 0, -1.06628843127602
2066-12, 16.1290322580645, 0.0155556179025043
2067-01, 25.8064516129032, 0.66466204740962
2067-02, 7.14285714285714, -0.587186066639816
2067-03, 19.3548387096774, 0.231924427738209
2067-04, 16.6666666666667, 0.0516170862084586
2067-05, 29.0322580645161, 0.881030857245325
2067-06, 16.6666666666667, 0.0516170862084586
2067-07, 19.3548387096774, 0.231924427738209
2067-08, 22.5806451612903, 0.448293237573915
2067-09, 3.33333333333333, -0.842707327779126
2067-10, 9.67741935483871, -0.417182001768905
2067-11, 16.6666666666667, 0.0516170862084586
2067-12, 19.3548387096774, 0.231924427738209
2068-01, 22.5806451612903, 0.448293237573915
2068-02, 0, -1.06628843127602
2068-03, 9.67741935483871, -0.417182001768905
2068-04, 23.3333333333333, 0.498779293202245
2068-05, 32.258064516129, 1.09739966708103
2068-06, 16.6666666666667, 0.0516170862084586
2068-07, 19.3548387096774, 0.231924427738209
2068-08, 38.7096774193548, 1.53013728675244
2068-09, 6.66666666666667, -0.61912622428223
2068-10, 22.5806451612903, 0.448293237573915
2068-11, 40, 1.61668481068672
2068-12, 22.5806451612903, 0.448293237573915
2069-01, 0, -1.06628843127602
2069-02, 7.14285714285714, -0.587186066639816
2069-03, 0, -1.06628843127602
2069-04, 26.6666666666667, 0.722360396699145
2069-05, 19.3548387096774, 0.231924427738209
2069-06, 10, -0.395545120785334
2069-07, 22.5806451612903, 0.448293237573915
2069-08, 16.1290322580645, 0.0155556179025043
2069-09, 23.3333333333333, 0.498779293202245
2069-10, 22.5806451612903, 0.448293237573915
2069-11, 10, -0.395545120785334
2069-12, 9.67741935483871, -0.417182001768905
2070-01, 3.2258064516129, -0.849919621440316
2070-02, 7.14285714285714, -0.587186066639816
2070-03, 6.45161290322581, -0.63355081160461
2070-04, 3.33333333333333, -0.842707327779126
2070-05, 0, -1.06628843127602
2070-06, 23.3333333333333, 0.498779293202245
2070-07, 29.0322580645161, 0.881030857245325
2070-08, 22.5806451612903, 0.448293237573915
2070-09, 23.3333333333333, 0.498779293202245
2070-10, 16.1290322580645, 0.0155556179025043
2070-11, 23.3333333333333, 0.498779293202245
2070-12, 0, -1.06628843127602
2071-01, 6.45161290322581, -0.63355081160461
2071-02, 7.14285714285714, -0.587186066639816
2071-03, 29.0322580645161, 0.881030857245325
2071-04, 3.33333333333333, -0.842707327779126
2071-05, 22.5806451612903, 0.448293237573915
2071-06, 13.3333333333333, -0.171964017288441
2071-07, 22.5806451612903, 0.448293237573915
2071-08, 19.3548387096774, 0.231924427738209
2071-09, 10, -0.395545120785334
2071-10, 12.9032258064516, -0.200813191933201
2071-11, 20, 0.275198189705352
2071-12, 0, -1.06628843127602
2072-01, 29.0322580645161, 0.881030857245325
2072-02, 24.1379310344828, 0.552747145770466
2072-03, 0, -1.06628843127602
2072-04, 66.6666666666667, 3.40533363866189
2072-05, 16.1290322580645, 0.0155556179025043
2072-06, 23.3333333333333, 0.498779293202245
2072-07, 6.45161290322581, -0.63355081160461
2072-08, 22.5806451612903, 0.448293237573915
2072-09, 20, 0.275198189705352
2072-10, 0, -1.06628843127602
2072-11, 20, 0.275198189705352
2072-12, 0, -1.06628843127602
2073-01, 9.67741935483871, -0.417182001768905
2073-02, 14.2857142857143, -0.108083702003611
2073-03, 48.3870967741936, 2.17924371625956
2073-04, 16.6666666666667, 0.0516170862084586
2073-05, 22.5806451612903, 0.448293237573915
2073-06, 16.6666666666667, 0.0516170862084586
2073-07, 25.8064516129032, 0.66466204740962
2073-08, 12.9032258064516, -0.200813191933201
2073-09, 3.33333333333333, -0.842707327779126
2073-10, 35.4838709677419, 1.31376847691674
2073-11, 40, 1.61668481068672
2073-12, 0, -1.06628843127602
2074-01, 3.2258064516129, -0.849919621440316
2074-02, 25, 0.610569844950695
2074-03, 67.741935483871, 3.47745657527379
2074-04, 36.6666666666667, 1.39310370718983
2074-05, 29.0322580645161, 0.881030857245325
2074-06, 23.3333333333333, 0.498779293202245
2074-07, 51.6129032258064, 2.39561252609526
2074-08, 9.67741935483871, -0.417182001768905
2074-09, 20, 0.275198189705352
2074-10, 29.0322580645161, 0.881030857245325
2074-11, 36.6666666666667, 1.39310370718983
2074-12, 3.2258064516129, -0.849919621440316
2075-01, 3.2258064516129, -0.849919621440316
2075-02, 7.14285714285714, -0.587186066639816
2075-03, 9.67741935483871, -0.417182001768905
2075-04, 36.6666666666667, 1.39310370718983
2075-05, 32.258064516129, 1.09739966708103
2075-06, 20, 0.275198189705352
2075-07, 6.45161290322581, -0.63355081160461
2075-08, 6.45161290322581, -0.63355081160461
2075-09, 16.6666666666667, 0.0516170862084586
2075-10, 16.1290322580645, 0.0155556179025043
2075-11, 3.33333333333333, -0.842707327779126
2075-12, 6.45161290322581, -0.63355081160461
2076-01, 6.45161290322581, -0.63355081160461
2076-02, 3.44827586206897, -0.834997634555094
2076-03, 3.2258064516129, -0.849919621440316
2076-04, 0, -1.06628843127602
2076-05, 3.2258064516129, -0.849919621440316
2076-06, 40, 1.61668481068672
2076-07, 0, -1.06628843127602
2076-08, 64.5161290322581, 3.26108776543809
2076-09, 13.3333333333333, -0.171964017288441
2076-10, 0, -1.06628843127602
2076-11, 6.66666666666667, -0.61912622428223
2076-12, 3.2258064516129, -0.849919621440316
2077-01, 0, -1.06628843127602
2077-02, 7.14285714285714, -0.587186066639816
2077-03, 0, -1.06628843127602
2077-04, 6.66666666666667, -0.61912622428223
2077-05, 22.5806451612903, 0.448293237573915
2077-06, 43.3333333333333, 1.84026591418362
2077-07, 3.2258064516129, -0.849919621440316
2077-08, 16.1290322580645, 0.0155556179025043
2077-09, 0, -1.06628843127602
2077-10, 12.9032258064516, -0.200813191933201
2077-11, 33.3333333333333, 1.16952260369293
2077-12, 16.1290322580645, 0.0155556179025043
2078-01, 12.9032258064516, -0.200813191933201
2078-02, 32.1428571428571, 1.0896722095869
2078-03, 83.8709677419355, 4.55930062445232
2078-04, 43.3333333333333, 1.84026591418362
2078-05, 35.4838709677419, 1.31376847691674
2078-06, 26.6666666666667, 0.722360396699145
2078-07, 12.9032258064516, -0.200813191933201
2078-08, 9.67741935483871, -0.417182001768905
2078-09, 6.66666666666667, -0.61912622428223
2078-10, 6.45161290322581, -0.63355081160461
2078-11, 3.33333333333333, -0.842707327779126
2078-12, 25.8064516129032, 0.66466204740962
2079-01, 6.45161290322581, -0.63355081160461
2079-02, 10.7142857142857, -0.347634884321715
2079-03, 12.9032258064516, -0.200813191933201
2079-04, 0, -1.06628843127602
2079-05, 6.45161290322581, -0.63355081160461
2079-06, 46.6666666666667, 2.06384701768052
2079-07, 12.9032258064516, -0.200813191933201
2079-08, 25.8064516129032, 0.66466204740962
2079-09, 3.33333333333333, -0.842707327779126
2079-10, 32.258064516129, 1.09739966708103
2079-11, 56.6666666666667, 2.7345903281712
2079-12, 45.1612903225806, 1.96287490642385
2080-01, 0, -1.06628843127602
2080-02, 6.89655172413793, -0.603706837834168
2080-03, 16.1290322580645, 0.0155556179025043
2080-04, 3.33333333333333, -0.842707327779126
2080-05, 32.258064516129, 1.09739966708103
2080-06, 10, -0.395545120785334
2080-07, 12.9032258064516, -0.200813191933201
2080-08, 22.5806451612903, 0.448293237573915
2080-09, 13.3333333333333, -0.171964017288441
2080-10, 22.5806451612903, 0.448293237573915
2080-11, 26.6666666666667, 0.722360396699145
2080-12, 41.9354838709677, 1.74650609658815
2081-01, 25.8064516129032, 0.66466204740962
2081-02, 10.7142857142857, -0.347634884321715
2081-03, 3.2258064516129, -0.849919621440316
2081-04, 26.6666666666667, 0.722360396699145
2081-05, 9.67741935483871, -0.417182001768905
2081-06, 0, -1.06628843127602
2081-07, 22.5806451612903, 0.448293237573915
2081-08, 6.45161290322581, -0.63355081160461
2081-09, 16.6666666666667, 0.0516170862084586
2081-10, 25.8064516129032, 0.66466204740962
2081-11, 23.3333333333333, 0.498779293202245
2081-12, 0, -1.06628843127602
2082-01, 32.258064516129, 1.09739966708103
2082-02, 10.7142857142857, -0.347634884321715
2082-03, 41.9354838709677, 1.74650609658815
2082-04, 50, 2.28742812117741
2082-05, 58.0645161290323, 2.82835014576668
2082-06, 16.6666666666667, 0.0516170862084586
2082-07, 6.45161290322581, -0.63355081160461
2082-08, 3.2258064516129, -0.849919621440316
2082-09, 16.6666666666667, 0.0516170862084586
2082-10, 22.5806451612903, 0.448293237573915
2082-11, 33.3333333333333, 1.16952260369293
2082-12, 12.9032258064516, -0.200813191933201
2083-01, 19.3548387096774, 0.231924427738209
2083-02, 35.7142857142857, 1.329223391905
2083-03, 16.1290322580645, 0.0155556179025043
2083-04, 16.6666666666667, 0.0516170862084586
2083-05, 22.5806451612903, 0.448293237573915
2083-06, 13.3333333333333, -0.171964017288441
2083-07, 12.9032258064516, -0.200813191933201
2083-08, 3.2258064516129, -0.849919621440316
2083-09, 16.6666666666667, 0.0516170862084586
2083-10, 41.9354838709677, 1.74650609658815
2083-11, 80, 4.29965805264947
2083-12, 3.2258064516129, -0.849919621440316
2084-01, 6.45161290322581, -0.63355081160461
2084-02, 24.1379310344828, 0.552747145770466
2084-03, 3.2258064516129, -0.849919621440316
2084-04, 20, 0.275198189705352
2084-05, 22.5806451612903, 0.448293237573915
2084-06, 40, 1.61668481068672
2084-07, 3.2258064516129, -0.849919621440316
2084-08, 9.67741935483871, -0.417182001768905
2084-09, 26.6666666666667, 0.722360396699145
2084-10, 25.8064516129032, 0.66466204740962
2084-11, 3.33333333333333, -0.842707327779126
2084-12, 51.6129032258064, 2.39561252609526
2085-01, 19.3548387096774, 0.231924427738209
2085-02, 3.57142857142857, -0.826737248957919
2085-03, 9.67741935483871, -0.417182001768905
2085-04, 43.3333333333333, 1.84026591418362
2085-05, 22.5806451612903, 0.448293237573915
2085-06, 33.3333333333333, 1.16952260369293
2085-07, 32.258064516129, 1.09739966708103
2085-08, 25.8064516129032, 0.66466204740962
2085-09, 0, -1.06628843127602
2085-10, 0, -1.06628843127602
2085-11, 6.66666666666667, -0.61912622428223
2085-12, 29.0322580645161, 0.881030857245325
2086-01, 19.3548387096774, 0.231924427738209
2086-02, 10.7142857142857, -0.347634884321715
2086-03, 0, -1.06628843127602
2086-04, 0, -1.06628843127602
2086-05, 29.0322580645161, 0.881030857245325
2086-06, 40, 1.61668481068672
2086-07, 32.258064516129, 1.09739966708103
2086-08, 3.2258064516129, -0.849919621440316
2086-09, 6.66666666666667, -0.61912622428223
2086-10, 16.1290322580645, 0.0155556179025043
2086-11, 0, -1.06628843127602
2086-12, 3.2258064516129, -0.849919621440316
2087-01, 0, -1.06628843127602
2087-02, 3.57142857142857, -0.826737248957919
2087-03, 16.1290322580645, 0.0155556179025043
2087-04, 6.66666666666667, -0.61912622428223
2087-05, 22.5806451612903, 0.448293237573915
2087-06, 30, 0.945941500196038
2087-07, 32.258064516129, 1.09739966708103
2087-08, 22.5806451612903, 0.448293237573915
2087-09, 33.3333333333333, 1.16952260369293
2087-10, 3.2258064516129, -0.849919621440316
2087-11, 36.6666666666667, 1.39310370718983
2087-12, 3.2258064516129, -0.849919621440316
2088-01, 9.67741935483871, -0.417182001768905
2088-02, 20.6896551724138, 0.321456349049538
2088-03, 3.2258064516129, -0.849919621440316
2088-04, 13.3333333333333, -0.171964017288441
2088-05, 12.9032258064516, -0.200813191933201
2088-06, 3.33333333333333, -0.842707327779126
2088-07, 3.2258064516129, -0.849919621440316
2088-08, 45.1612903225806, 1.96287490642385
2088-09, 46.6666666666667, 2.06384701768052
2088-10, 6.45161290322581, -0.63355081160461
2088-11, 26.6666666666667, 0.722360396699145
2088-12, 19.3548387096774, 0.231924427738209
2089-01, 22.5806451612903, 0.448293237573915
2089-02, 35.7142857142857, 1.329223391905
2089-03, 35.4838709677419, 1.31376847691674
2089-04, 13.3333333333333, -0.171964017288441
2089-05, 38.7096774193548, 1.53013728675244
2089-06, 20, 0.275198189705352
2089-07, 19.3548387096774, 0.231924427738209
2089-08, 0, -1.06628843127602
2089-09, 0, -1.06628843127602
2089-10, 6.45161290322581, -0.63355081160461
2089-11, 13.3333333333333, -0.171964017288441
2089-12, 16.1290322580645, 0.0155556179025043
2090-01, 25.8064516129032, 0.66466204740962
2090-02, 89.2857142857143, 4.92249112667654
2090-03, 38.7096774193548, 1.53013728675244
2090-04, 30, 0.945941500196038
2090-05, 32.258064516129, 1.09739966708103
2090-06, 13.3333333333333, -0.171964017288441
2090-07, 22.5806451612903, 0.448293237573915
2090-08, 12.9032258064516, -0.200813191933201
2090-09, 6.66666666666667, -0.61912622428223
2090-10, 38.7096774193548, 1.53013728675244
2090-11, 16.6666666666667, 0.0516170862084586
2090-12, 16.1290322580645, 0.0155556179025043
2091-01, 19.3548387096774, 0.231924427738209
2091-02, 64.2857142857143, 3.24563285044982
2091-03, 29.0322580645161, 0.881030857245325
2091-04, 56.6666666666667, 2.7345903281712
2091-05, 45.1612903225806, 1.96287490642385
2091-06, 23.3333333333333, 0.498779293202245
2091-07, 0, -1.06628843127602
2091-08, 19.3548387096774, 0.231924427738209
2091-09, 6.66666666666667, -0.61912622428223
2091-10, 6.45161290322581, -0.63355081160461
2091-11, 30, 0.945941500196038
2091-12, 12.9032258064516, -0.200813191933201
2092-01, 35.4838709677419, 1.31376847691674
2092-02, 58.6206896551724, 2.86565511297973
2092-03, 19.3548387096774, 0.231924427738209
2092-04, 26.6666666666667, 0.722360396699145
2092-05, 3.2258064516129, -0.849919621440316
2092-06, 10, -0.395545120785334
2092-07, 3.2258064516129, -0.849919621440316
2092-08, 9.67741935483871, -0.417182001768905
2092-09, 23.3333333333333, 0.498779293202245
2092-10, 25.8064516129032, 0.66466204740962
2092-11, 53.3333333333333, 2.5110092246743
2092-12, 9.67741935483871, -0.417182001768905
2093-01, 32.258064516129, 1.09739966708103
2093-02, 21.4285714285714, 0.371018662632591
2093-03, 25.8064516129032, 0.66466204740962
2093-04, 26.6666666666667, 0.722360396699145
2093-05, 22.5806451612903, 0.448293237573915
2093-06, 20, 0.275198189705352
2093-07, 16.1290322580645, 0.0155556179025043
2093-08, 25.8064516129032, 0.66466204740962
2093-09, 16.6666666666667, 0.0516170862084586
2093-10, 12.9032258064516, -0.200813191933201
2093-11, 40, 1.61668481068672
2093-12, 3.2258064516129, -0.849919621440316
2094-01, 41.9354838709677, 1.74650609658815
2094-02, 0, -1.06628843127602
2094-03, 12.9032258064516, -0.200813191933201
2094-04, 6.66666666666667, -0.61912622428223
2094-05, 19.3548387096774, 0.231924427738209
2094-06, 43.3333333333333, 1.84026591418362
2094-07, 6.45161290322581, -0.63355081160461
2094-08, 25.8064516129032, 0.66466204740962
2094-09, 20, 0.275198189705352
2094-10, 0, -1.06628843127602
2094-11, 3.33333333333333, -0.842707327779126
2094-12, 41.9354838709677, 1.74650609658815
2095-01, 3.2258064516129, -0.849919621440316
2095-02, 7.14285714285714, -0.587186066639816
2095-03, 0, -1.06628843127602
2095-04, 3.33333333333333, -0.842707327779126
2095-05, 32.258064516129, 1.09739966708103
2095-06, 26.6666666666667, 0.722360396699145
2095-07, 38.7096774193548, 1.53013728675244
2095-08, 6.45161290322581, -0.63355081160461
2095-09, 6.66666666666667, -0.61912622428223
2095-10, 12.9032258064516, -0.200813191933201
2095-11, 36.6666666666667, 1.39310370718983
2095-12, 22.5806451612903, 0.448293237573915
2096-01, 51.6129032258064, 2.39561252609526
2096-02, 51.7241379310345, 2.40307351953788
2096-03, 25.8064516129032, 0.66466204740962
2096-04, 20, 0.275198189705352
2096-05, 58.0645161290323, 2.82835014576668
2096-06, 36.6666666666667, 1.39310370718983
2096-07, 16.1290322580645, 0.0155556179025043
2096-08, 19.3548387096774, 0.231924427738209
2096-09, 0, -1.06628843127602
2096-10, 16.1290322580645, 0.0155556179025043
2096-11, 3.33333333333333, -0.842707327779126
2096-12, 19.3548387096774, 0.231924427738209
2097-01, 16.1290322580645, 0.0155556179025043
2097-02, 21.4285714285714, 0.371018662632591
2097-03, 6.45161290322581, -0.63355081160461
2097-04, 60, 2.9581714316681
2097-05, 16.1290322580645, 0.0155556179025043
2097-06, 63.3333333333333, 3.18175253516499
2097-07, 35.4838709677419, 1.31376847691674
2097-08, 38.7096774193548, 1.53013728675244
2097-09, 50, 2.28742812117741
2097-10, 29.0322580645161, 0.881030857245325
2097-11, 56.6666666666667, 2.7345903281712
2097-12, 12.9032258064516, -0.200813191933201
2098-01, 22.5806451612903, 0.448293237573915
2098-02, 10.7142857142857, -0.347634884321715
2098-03, 54.8387096774194, 2.61198133593097
2098-04, 43.3333333333333, 1.84026591418362
2098-05, 29.0322580645161, 0.881030857245325
2098-06, 16.6666666666667, 0.0516170862084586
2098-07, 12.9032258064516, -0.200813191933201
2098-08, 3.2258064516129, -0.849919621440316
2098-09, 20, 0.275198189705352
2098-10, 25.8064516129032, 0.66466204740962
2098-11, 23.3333333333333, 0.498779293202245
2098-12, 6.45161290322581, -0.63355081160461
2099-01, 9.67741935483871, -0.417182001768905
2099-02, 17.8571428571429, 0.131467480314493
2099-03, 12.9032258064516, -0.200813191933201
2099-04, 33.3333333333333, 1.16952260369293
2099-05, 16.1290322580645, 0.0155556179025043
2099-06, 6.66666666666667, -0.61912622428223
2099-07, 12.9032258064516, -0.200813191933201
2099-08, 12.9032258064516, -0.200813191933201
2099-09, 16.6666666666667, 0.0516170862084586
2099-10, 6.45161290322581, -0.63355081160461
2099-11, 43.3333333333333, 1.84026591418362
2099-12, 64.5161290322581, 3.26108776543809
2100-01, 16.1290322580645, 0.0155556179025043
2100-02, 25, 0.610569844950695
2100-03, 38.7096774193548, 1.53013728675244
2100-04, 13.3333333333333, -0.171964017288441
2100-05, 32.258064516129, 1.09739966708103
2100-06, 40, 1.61668481068672
2100-07, 6.45161290322581, -0.63355081160461
2100-08, 35.4838709677419, 1.31376847691674
2100-09, 26.6666666666667, 0.722360396699145
2100-10, 32.258064516129, 1.09739966708103
2100-11, 46.6666666666667, 2.06384701768052
2100-12, 12.9032258064516, -0.200813191933201
