"Description: ","Monthly number of days when TX >= 35 degrees_C"
"Station: ","final_1971_2005_Athens_rcp85"
"Latitude: ","37.98"
"Longitude: ","23.73"
"Climpact_version: ","3.1.6"
"Date_of_calculation: ","2024-01-01"
time, txge35, normalised (all years)
1971-01, 0, -0.502171235934593
1971-02, 0, -0.502171235934593
1971-03, 0, -0.502171235934593
1971-04, 0, -0.502171235934593
1971-05, 1, -0.327112659832255
1971-06, 0, -0.502171235934593
1971-07, 10, 1.24841452508879
1971-08, 9, 1.07335594898645
1971-09, 0, -0.502171235934593
1971-10, 0, -0.502171235934593
1971-11, 0, -0.502171235934593
1971-12, 0, -0.502171235934593
1972-01, 0, -0.502171235934593
1972-02, 0, -0.502171235934593
1972-03, 0, -0.502171235934593
1972-04, 0, -0.502171235934593
1972-05, 0, -0.502171235934593
1972-06, 8, 0.898297372884116
1972-07, 8, 0.898297372884116
1972-08, 9, 1.07335594898645
1972-09, 1, -0.327112659832255
1972-10, 0, -0.502171235934593
1972-11, 0, -0.502171235934593
1972-12, 0, -0.502171235934593
1973-01, 0, -0.502171235934593
1973-02, 0, -0.502171235934593
1973-03, 0, -0.502171235934593
1973-04, 0, -0.502171235934593
1973-05, 0, -0.502171235934593
1973-06, 0, -0.502171235934593
1973-07, 5, 0.3731216445771
1973-08, 8, 0.898297372884116
1973-09, 2, -0.152054083729916
1973-10, 0, -0.502171235934593
1973-11, 0, -0.502171235934593
1973-12, 0, -0.502171235934593
1974-01, 0, -0.502171235934593
1974-02, 0, -0.502171235934593
1974-03, 0, -0.502171235934593
1974-04, 0, -0.502171235934593
1974-05, 0, -0.502171235934593
1974-06, 2, -0.152054083729916
1974-07, 7, 0.723238796781777
1974-08, 8, 0.898297372884116
1974-09, 0, -0.502171235934593
1974-10, 0, -0.502171235934593
1974-11, 0, -0.502171235934593
1974-12, 0, -0.502171235934593
1975-01, 0, -0.502171235934593
1975-02, 0, -0.502171235934593
1975-03, 0, -0.502171235934593
1975-04, 0, -0.502171235934593
1975-05, 0, -0.502171235934593
1975-06, 3, 0.0230044923724227
1975-07, 5, 0.3731216445771
1975-08, 1, -0.327112659832255
1975-09, 2, -0.152054083729916
1975-10, 0, -0.502171235934593
1975-11, 0, -0.502171235934593
1975-12, 0, -0.502171235934593
1976-01, 0, -0.502171235934593
1976-02, 0, -0.502171235934593
1976-03, 0, -0.502171235934593
1976-04, 0, -0.502171235934593
1976-05, 0, -0.502171235934593
1976-06, 1, -0.327112659832255
1976-07, 6, 0.548180220679439
1976-08, 0, -0.502171235934593
1976-09, 0, -0.502171235934593
1976-10, 0, -0.502171235934593
1976-11, 0, -0.502171235934593
1976-12, 0, -0.502171235934593
1977-01, 0, -0.502171235934593
1977-02, 0, -0.502171235934593
1977-03, 0, -0.502171235934593
1977-04, 0, -0.502171235934593
1977-05, 1, -0.327112659832255
1977-06, 3, 0.0230044923724227
1977-07, 6, 0.548180220679439
1977-08, 7, 0.723238796781777
1977-09, 0, -0.502171235934593
1977-10, 0, -0.502171235934593
1977-11, 0, -0.502171235934593
1977-12, 0, -0.502171235934593
1978-01, 0, -0.502171235934593
1978-02, 0, -0.502171235934593
1978-03, 0, -0.502171235934593
1978-04, 0, -0.502171235934593
1978-05, 0, -0.502171235934593
1978-06, 2, -0.152054083729916
1978-07, 4, 0.198063068474761
1978-08, 1, -0.327112659832255
1978-09, 1, -0.327112659832255
1978-10, 0, -0.502171235934593
1978-11, 0, -0.502171235934593
1978-12, 0, -0.502171235934593
1979-01, 0, -0.502171235934593
1979-02, 0, -0.502171235934593
1979-03, 0, -0.502171235934593
1979-04, 0, -0.502171235934593
1979-05, 1, -0.327112659832255
1979-06, 4, 0.198063068474761
1979-07, 11, 1.42347310119113
1979-08, 3, 0.0230044923724227
1979-09, 1, -0.327112659832255
1979-10, 0, -0.502171235934593
1979-11, 0, -0.502171235934593
1979-12, 0, -0.502171235934593
1980-01, 0, -0.502171235934593
1980-02, 0, -0.502171235934593
1980-03, 0, -0.502171235934593
1980-04, 0, -0.502171235934593
1980-05, 0, -0.502171235934593
1980-06, 2, -0.152054083729916
1980-07, 5, 0.3731216445771
1980-08, 9, 1.07335594898645
1980-09, 2, -0.152054083729916
1980-10, 0, -0.502171235934593
1980-11, 0, -0.502171235934593
1980-12, 0, -0.502171235934593
1981-01, 0, -0.502171235934593
1981-02, 0, -0.502171235934593
1981-03, 0, -0.502171235934593
1981-04, 0, -0.502171235934593
1981-05, 0, -0.502171235934593
1981-06, 0, -0.502171235934593
1981-07, 2, -0.152054083729916
1981-08, 1, -0.327112659832255
1981-09, 1, -0.327112659832255
1981-10, 0, -0.502171235934593
1981-11, 0, -0.502171235934593
1981-12, 0, -0.502171235934593
1982-01, 0, -0.502171235934593
1982-02, 0, -0.502171235934593
1982-03, 0, -0.502171235934593
1982-04, 0, -0.502171235934593
1982-05, 0, -0.502171235934593
1982-06, 0, -0.502171235934593
1982-07, 4, 0.198063068474761
1982-08, 8, 0.898297372884116
1982-09, 0, -0.502171235934593
1982-10, 0, -0.502171235934593
1982-11, 0, -0.502171235934593
1982-12, 0, -0.502171235934593
1983-01, 0, -0.502171235934593
1983-02, 0, -0.502171235934593
1983-03, 0, -0.502171235934593
1983-04, 0, -0.502171235934593
1983-05, 0, -0.502171235934593
1983-06, 7, 0.723238796781777
1983-07, 8, 0.898297372884116
1983-08, 5, 0.3731216445771
1983-09, 2, -0.152054083729916
1983-10, 0, -0.502171235934593
1983-11, 0, -0.502171235934593
1983-12, 0, -0.502171235934593
1984-01, 0, -0.502171235934593
1984-02, 0, -0.502171235934593
1984-03, 0, -0.502171235934593
1984-04, 0, -0.502171235934593
1984-05, 0, -0.502171235934593
1984-06, 0, -0.502171235934593
1984-07, 7, 0.723238796781777
1984-08, 9, 1.07335594898645
1984-09, 2, -0.152054083729916
1984-10, 0, -0.502171235934593
1984-11, 0, -0.502171235934593
1984-12, 0, -0.502171235934593
1985-01, 0, -0.502171235934593
1985-02, 0, -0.502171235934593
1985-03, 0, -0.502171235934593
1985-04, 0, -0.502171235934593
1985-05, 0, -0.502171235934593
1985-06, 0, -0.502171235934593
1985-07, 3, 0.0230044923724227
1985-08, 4, 0.198063068474761
1985-09, 0, -0.502171235934593
1985-10, 0, -0.502171235934593
1985-11, 0, -0.502171235934593
1985-12, 0, -0.502171235934593
1986-01, 0, -0.502171235934593
1986-02, 0, -0.502171235934593
1986-03, 0, -0.502171235934593
1986-04, 0, -0.502171235934593
1986-05, 1, -0.327112659832255
1986-06, 2, -0.152054083729916
1986-07, 8, 0.898297372884116
1986-08, 3, 0.0230044923724227
1986-09, 2, -0.152054083729916
1986-10, 0, -0.502171235934593
1986-11, 0, -0.502171235934593
1986-12, 0, -0.502171235934593
1987-01, 0, -0.502171235934593
1987-02, 0, -0.502171235934593
1987-03, 0, -0.502171235934593
1987-04, 0, -0.502171235934593
1987-05, 0, -0.502171235934593
1987-06, 0, -0.502171235934593
1987-07, 10, 1.24841452508879
1987-08, 4, 0.198063068474761
1987-09, 0, -0.502171235934593
1987-10, 0, -0.502171235934593
1987-11, 0, -0.502171235934593
1987-12, 0, -0.502171235934593
1988-01, 0, -0.502171235934593
1988-02, 0, -0.502171235934593
1988-03, 0, -0.502171235934593
1988-04, 0, -0.502171235934593
1988-05, 0, -0.502171235934593
1988-06, 0, -0.502171235934593
1988-07, 6, 0.548180220679439
1988-08, 10, 1.24841452508879
1988-09, 0, -0.502171235934593
1988-10, 0, -0.502171235934593
1988-11, 0, -0.502171235934593
1988-12, 0, -0.502171235934593
1989-01, 0, -0.502171235934593
1989-02, 0, -0.502171235934593
1989-03, 0, -0.502171235934593
1989-04, 0, -0.502171235934593
1989-05, 0, -0.502171235934593
1989-06, 1, -0.327112659832255
1989-07, 4, 0.198063068474761
1989-08, 3, 0.0230044923724227
1989-09, 0, -0.502171235934593
1989-10, 0, -0.502171235934593
1989-11, 0, -0.502171235934593
1989-12, 0, -0.502171235934593
1990-01, 0, -0.502171235934593
1990-02, 0, -0.502171235934593
1990-03, 0, -0.502171235934593
1990-04, 0, -0.502171235934593
1990-05, 0, -0.502171235934593
1990-06, 8, 0.898297372884116
1990-07, 0, -0.502171235934593
1990-08, 1, -0.327112659832255
1990-09, 0, -0.502171235934593
1990-10, 0, -0.502171235934593
1990-11, 0, -0.502171235934593
1990-12, 0, -0.502171235934593
1991-01, 0, -0.502171235934593
1991-02, 0, -0.502171235934593
1991-03, 0, -0.502171235934593
1991-04, 0, -0.502171235934593
1991-05, 0, -0.502171235934593
1991-06, 0, -0.502171235934593
1991-07, 5, 0.3731216445771
1991-08, 6, 0.548180220679439
1991-09, 0, -0.502171235934593
1991-10, 0, -0.502171235934593
1991-11, 0, -0.502171235934593
1991-12, 0, -0.502171235934593
1992-01, 0, -0.502171235934593
1992-02, 0, -0.502171235934593
1992-03, 0, -0.502171235934593
1992-04, 0, -0.502171235934593
1992-05, 0, -0.502171235934593
1992-06, 3, 0.0230044923724227
1992-07, 12, 1.59853167729347
1992-08, 4, 0.198063068474761
1992-09, 2, -0.152054083729916
1992-10, 0, -0.502171235934593
1992-11, 0, -0.502171235934593
1992-12, 0, -0.502171235934593
1993-01, 0, -0.502171235934593
1993-02, 0, -0.502171235934593
1993-03, 0, -0.502171235934593
1993-04, 0, -0.502171235934593
1993-05, 0, -0.502171235934593
1993-06, 0, -0.502171235934593
1993-07, 3, 0.0230044923724227
1993-08, 1, -0.327112659832255
1993-09, 0, -0.502171235934593
1993-10, 0, -0.502171235934593
1993-11, 0, -0.502171235934593
1993-12, 0, -0.502171235934593
1994-01, 0, -0.502171235934593
1994-02, 0, -0.502171235934593
1994-03, 0, -0.502171235934593
1994-04, 0, -0.502171235934593
1994-05, 0, -0.502171235934593
1994-06, 8, 0.898297372884116
1994-07, 10, 1.24841452508879
1994-08, 12, 1.59853167729347
1994-09, 0, -0.502171235934593
1994-10, 0, -0.502171235934593
1994-11, 0, -0.502171235934593
1994-12, 0, -0.502171235934593
1995-01, 0, -0.502171235934593
1995-02, 0, -0.502171235934593
1995-03, 0, -0.502171235934593
1995-04, 0, -0.502171235934593
1995-05, 1, -0.327112659832255
1995-06, 3, 0.0230044923724227
1995-07, 3, 0.0230044923724227
1995-08, 7, 0.723238796781777
1995-09, 0, -0.502171235934593
1995-10, 0, -0.502171235934593
1995-11, 0, -0.502171235934593
1995-12, 0, -0.502171235934593
1996-01, 0, -0.502171235934593
1996-02, 0, -0.502171235934593
1996-03, 0, -0.502171235934593
1996-04, 0, -0.502171235934593
1996-05, 0, -0.502171235934593
1996-06, 0, -0.502171235934593
1996-07, 2, -0.152054083729916
1996-08, 10, 1.24841452508879
1996-09, 0, -0.502171235934593
1996-10, 0, -0.502171235934593
1996-11, 0, -0.502171235934593
1996-12, 0, -0.502171235934593
1997-01, 0, -0.502171235934593
1997-02, 0, -0.502171235934593
1997-03, 0, -0.502171235934593
1997-04, 0, -0.502171235934593
1997-05, 0, -0.502171235934593
1997-06, 0, -0.502171235934593
1997-07, 15, 2.12370740560049
1997-08, 7, 0.723238796781777
1997-09, 0, -0.502171235934593
1997-10, 0, -0.502171235934593
1997-11, 0, -0.502171235934593
1997-12, 0, -0.502171235934593
1998-01, 0, -0.502171235934593
1998-02, 0, -0.502171235934593
1998-03, 0, -0.502171235934593
1998-04, 0, -0.502171235934593
1998-05, 0, -0.502171235934593
1998-06, 1, -0.327112659832255
1998-07, 8, 0.898297372884116
1998-08, 2, -0.152054083729916
1998-09, 1, -0.327112659832255
1998-10, 0, -0.502171235934593
1998-11, 0, -0.502171235934593
1998-12, 0, -0.502171235934593
1999-01, 0, -0.502171235934593
1999-02, 0, -0.502171235934593
1999-03, 0, -0.502171235934593
1999-04, 0, -0.502171235934593
1999-05, 1, -0.327112659832255
1999-06, 4, 0.198063068474761
1999-07, 10, 1.24841452508879
1999-08, 7, 0.723238796781777
1999-09, 0, -0.502171235934593
1999-10, 0, -0.502171235934593
1999-11, 0, -0.502171235934593
1999-12, 0, -0.502171235934593
2000-01, 0, -0.502171235934593
2000-02, 0, -0.502171235934593
2000-03, 0, -0.502171235934593
2000-04, 0, -0.502171235934593
2000-05, 0, -0.502171235934593
2000-06, 1, -0.327112659832255
2000-07, 7, 0.723238796781777
2000-08, 3, 0.0230044923724227
2000-09, 1, -0.327112659832255
2000-10, 0, -0.502171235934593
2000-11, 0, -0.502171235934593
2000-12, 0, -0.502171235934593
2001-01, 0, -0.502171235934593
2001-02, 0, -0.502171235934593
2001-03, 0, -0.502171235934593
2001-04, 0, -0.502171235934593
2001-05, 0, -0.502171235934593
2001-06, 3, 0.0230044923724227
2001-07, 14, 1.94864882949815
2001-08, 11, 1.42347310119113
2001-09, 1, -0.327112659832255
2001-10, 0, -0.502171235934593
2001-11, 0, -0.502171235934593
2001-12, 0, -0.502171235934593
2002-01, 0, -0.502171235934593
2002-02, 0, -0.502171235934593
2002-03, 0, -0.502171235934593
2002-04, 0, -0.502171235934593
2002-05, 0, -0.502171235934593
2002-06, 1, -0.327112659832255
2002-07, 7, 0.723238796781777
2002-08, 1, -0.327112659832255
2002-09, 0, -0.502171235934593
2002-10, 0, -0.502171235934593
2002-11, 0, -0.502171235934593
2002-12, 0, -0.502171235934593
2003-01, 0, -0.502171235934593
2003-02, 0, -0.502171235934593
2003-03, 0, -0.502171235934593
2003-04, 0, -0.502171235934593
2003-05, 0, -0.502171235934593
2003-06, 1, -0.327112659832255
2003-07, 9, 1.07335594898645
2003-08, 10, 1.24841452508879
2003-09, 0, -0.502171235934593
2003-10, 0, -0.502171235934593
2003-11, 0, -0.502171235934593
2003-12, 0, -0.502171235934593
2004-01, 0, -0.502171235934593
2004-02, 0, -0.502171235934593
2004-03, 0, -0.502171235934593
2004-04, 0, -0.502171235934593
2004-05, 0, -0.502171235934593
2004-06, 0, -0.502171235934593
2004-07, 3, 0.0230044923724227
2004-08, 8, 0.898297372884116
2004-09, 1, -0.327112659832255
2004-10, 0, -0.502171235934593
2004-11, 0, -0.502171235934593
2004-12, 0, -0.502171235934593
2005-01, 0, -0.502171235934593
2005-02, 0, -0.502171235934593
2005-03, 0, -0.502171235934593
2005-04, 0, -0.502171235934593
2005-05, 0, -0.502171235934593
2005-06, 2, -0.152054083729916
2005-07, 1, -0.327112659832255
2005-08, 3, 0.0230044923724227
2005-09, 1, -0.327112659832255
2005-10, 0, -0.502171235934593
2005-11, 0, -0.502171235934593
2005-12, 0, -0.502171235934593
2006-01, 0, -0.502171235934593
2006-02, 0, -0.502171235934593
2006-03, 0, -0.502171235934593
2006-04, 0, -0.502171235934593
2006-05, 2, -0.152054083729916
2006-06, 1, -0.327112659832255
2006-07, 4, 0.198063068474761
2006-08, 10, 1.24841452508879
2006-09, 0, -0.502171235934593
2006-10, 0, -0.502171235934593
2006-11, 0, -0.502171235934593
2006-12, 0, -0.502171235934593
2007-01, 0, -0.502171235934593
2007-02, 0, -0.502171235934593
2007-03, 0, -0.502171235934593
2007-04, 0, -0.502171235934593
2007-05, 0, -0.502171235934593
2007-06, 1, -0.327112659832255
2007-07, 1, -0.327112659832255
2007-08, 2, -0.152054083729916
2007-09, 2, -0.152054083729916
2007-10, 0, -0.502171235934593
2007-11, 0, -0.502171235934593
2007-12, 0, -0.502171235934593
2008-01, 0, -0.502171235934593
2008-02, 0, -0.502171235934593
2008-03, 0, -0.502171235934593
2008-04, 0, -0.502171235934593
2008-05, 0, -0.502171235934593
2008-06, 12, 1.59853167729347
2008-07, 17, 2.47382455780516
2008-08, 5, 0.3731216445771
2008-09, 0, -0.502171235934593
2008-10, 0, -0.502171235934593
2008-11, 0, -0.502171235934593
2008-12, 0, -0.502171235934593
2009-01, 0, -0.502171235934593
2009-02, 0, -0.502171235934593
2009-03, 0, -0.502171235934593
2009-04, 0, -0.502171235934593
2009-05, 0, -0.502171235934593
2009-06, 0, -0.502171235934593
2009-07, 5, 0.3731216445771
2009-08, 8, 0.898297372884116
2009-09, 1, -0.327112659832255
2009-10, 0, -0.502171235934593
2009-11, 0, -0.502171235934593
2009-12, 0, -0.502171235934593
2010-01, 0, -0.502171235934593
2010-02, 0, -0.502171235934593
2010-03, 0, -0.502171235934593
2010-04, 0, -0.502171235934593
2010-05, 2, -0.152054083729916
2010-06, 1, -0.327112659832255
2010-07, 6, 0.548180220679439
2010-08, 3, 0.0230044923724227
2010-09, 1, -0.327112659832255
2010-10, 0, -0.502171235934593
2010-11, 0, -0.502171235934593
2010-12, 0, -0.502171235934593
2011-01, 0, -0.502171235934593
2011-02, 0, -0.502171235934593
2011-03, 0, -0.502171235934593
2011-04, 0, -0.502171235934593
2011-05, 0, -0.502171235934593
2011-06, 5, 0.3731216445771
2011-07, 7, 0.723238796781777
2011-08, 5, 0.3731216445771
2011-09, 2, -0.152054083729916
2011-10, 0, -0.502171235934593
2011-11, 0, -0.502171235934593
2011-12, 0, -0.502171235934593
2012-01, 0, -0.502171235934593
2012-02, 0, -0.502171235934593
2012-03, 0, -0.502171235934593
2012-04, 0, -0.502171235934593
2012-05, 2, -0.152054083729916
2012-06, 11, 1.42347310119113
2012-07, 5, 0.3731216445771
2012-08, 2, -0.152054083729916
2012-09, 0, -0.502171235934593
2012-10, 0, -0.502171235934593
2012-11, 0, -0.502171235934593
2012-12, 0, -0.502171235934593
2013-01, 0, -0.502171235934593
2013-02, 0, -0.502171235934593
2013-03, 0, -0.502171235934593
2013-04, 0, -0.502171235934593
2013-05, 0, -0.502171235934593
2013-06, 0, -0.502171235934593
2013-07, 10, 1.24841452508879
2013-08, 15, 2.12370740560049
2013-09, 2, -0.152054083729916
2013-10, 0, -0.502171235934593
2013-11, 0, -0.502171235934593
2013-12, 0, -0.502171235934593
2014-01, 0, -0.502171235934593
2014-02, 0, -0.502171235934593
2014-03, 0, -0.502171235934593
2014-04, 0, -0.502171235934593
2014-05, 0, -0.502171235934593
2014-06, 1, -0.327112659832255
2014-07, 4, 0.198063068474761
2014-08, 6, 0.548180220679439
2014-09, 0, -0.502171235934593
2014-10, 0, -0.502171235934593
2014-11, 0, -0.502171235934593
2014-12, 0, -0.502171235934593
2015-01, 0, -0.502171235934593
2015-02, 0, -0.502171235934593
2015-03, 0, -0.502171235934593
2015-04, 0, -0.502171235934593
2015-05, 0, -0.502171235934593
2015-06, 4, 0.198063068474761
2015-07, 11, 1.42347310119113
2015-08, 12, 1.59853167729347
2015-09, 2, -0.152054083729916
2015-10, 0, -0.502171235934593
2015-11, 0, -0.502171235934593
2015-12, 0, -0.502171235934593
2016-01, 0, -0.502171235934593
2016-02, 0, -0.502171235934593
2016-03, 0, -0.502171235934593
2016-04, 0, -0.502171235934593
2016-05, 0, -0.502171235934593
2016-06, 0, -0.502171235934593
2016-07, 9, 1.07335594898645
2016-08, 16, 2.29876598170283
2016-09, 2, -0.152054083729916
2016-10, 0, -0.502171235934593
2016-11, 0, -0.502171235934593
2016-12, 0, -0.502171235934593
2017-01, 0, -0.502171235934593
2017-02, 0, -0.502171235934593
2017-03, 0, -0.502171235934593
2017-04, 0, -0.502171235934593
2017-05, 0, -0.502171235934593
2017-06, 6, 0.548180220679439
2017-07, 4, 0.198063068474761
2017-08, 14, 1.94864882949815
2017-09, 0, -0.502171235934593
2017-10, 0, -0.502171235934593
2017-11, 0, -0.502171235934593
2017-12, 0, -0.502171235934593
2018-01, 0, -0.502171235934593
2018-02, 0, -0.502171235934593
2018-03, 0, -0.502171235934593
2018-04, 0, -0.502171235934593
2018-05, 0, -0.502171235934593
2018-06, 2, -0.152054083729916
2018-07, 11, 1.42347310119113
2018-08, 3, 0.0230044923724227
2018-09, 1, -0.327112659832255
2018-10, 0, -0.502171235934593
2018-11, 0, -0.502171235934593
2018-12, 0, -0.502171235934593
2019-01, 0, -0.502171235934593
2019-02, 0, -0.502171235934593
2019-03, 0, -0.502171235934593
2019-04, 0, -0.502171235934593
2019-05, 0, -0.502171235934593
2019-06, 3, 0.0230044923724227
2019-07, 13, 1.77359025339581
2019-08, 19, 2.82394171000984
2019-09, 2, -0.152054083729916
2019-10, 0, -0.502171235934593
2019-11, 0, -0.502171235934593
2019-12, 0, -0.502171235934593
2020-01, 0, -0.502171235934593
2020-02, 0, -0.502171235934593
2020-03, 0, -0.502171235934593
2020-04, 0, -0.502171235934593
2020-05, 0, -0.502171235934593
2020-06, 14, 1.94864882949815
2020-07, 21, 3.17405886221452
2020-08, 19, 2.82394171000984
2020-09, 0, -0.502171235934593
2020-10, 0, -0.502171235934593
2020-11, 0, -0.502171235934593
2020-12, 0, -0.502171235934593
2021-01, 0, -0.502171235934593
2021-02, 0, -0.502171235934593
2021-03, 0, -0.502171235934593
2021-04, 0, -0.502171235934593
2021-05, 0, -0.502171235934593
2021-06, 5, 0.3731216445771
2021-07, 5, 0.3731216445771
2021-08, 6, 0.548180220679439
2021-09, 1, -0.327112659832255
2021-10, 0, -0.502171235934593
2021-11, 0, -0.502171235934593
2021-12, 0, -0.502171235934593
2022-01, 0, -0.502171235934593
2022-02, 0, -0.502171235934593
2022-03, 0, -0.502171235934593
2022-04, 0, -0.502171235934593
2022-05, 0, -0.502171235934593
2022-06, 1, -0.327112659832255
2022-07, 23, 3.5241760144192
2022-08, 9, 1.07335594898645
2022-09, 1, -0.327112659832255
2022-10, 0, -0.502171235934593
2022-11, 0, -0.502171235934593
2022-12, 0, -0.502171235934593
2023-01, 0, -0.502171235934593
2023-02, 0, -0.502171235934593
2023-03, 0, -0.502171235934593
2023-04, 0, -0.502171235934593
2023-05, 0, -0.502171235934593
2023-06, 1, -0.327112659832255
2023-07, 6, 0.548180220679439
2023-08, 12, 1.59853167729347
2023-09, 0, -0.502171235934593
2023-10, 0, -0.502171235934593
2023-11, 0, -0.502171235934593
2023-12, 0, -0.502171235934593
2024-01, 0, -0.502171235934593
2024-02, 0, -0.502171235934593
2024-03, 0, -0.502171235934593
2024-04, 0, -0.502171235934593
2024-05, 0, -0.502171235934593
2024-06, 1, -0.327112659832255
2024-07, 8, 0.898297372884116
2024-08, 0, -0.502171235934593
2024-09, 0, -0.502171235934593
2024-10, 0, -0.502171235934593
2024-11, 0, -0.502171235934593
2024-12, 0, -0.502171235934593
2025-01, 0, -0.502171235934593
2025-02, 0, -0.502171235934593
2025-03, 0, -0.502171235934593
2025-04, 0, -0.502171235934593
2025-05, 0, -0.502171235934593
2025-06, 5, 0.3731216445771
2025-07, 8, 0.898297372884116
2025-08, 15, 2.12370740560049
2025-09, 0, -0.502171235934593
2025-10, 0, -0.502171235934593
2025-11, 0, -0.502171235934593
2025-12, 0, -0.502171235934593
2026-01, 0, -0.502171235934593
2026-02, 0, -0.502171235934593
2026-03, 0, -0.502171235934593
2026-04, 1, -0.327112659832255
2026-05, 0, -0.502171235934593
2026-06, 6, 0.548180220679439
2026-07, 11, 1.42347310119113
2026-08, 11, 1.42347310119113
2026-09, 2, -0.152054083729916
2026-10, 0, -0.502171235934593
2026-11, 0, -0.502171235934593
2026-12, 0, -0.502171235934593
2027-01, 0, -0.502171235934593
2027-02, 0, -0.502171235934593
2027-03, 0, -0.502171235934593
2027-04, 0, -0.502171235934593
2027-05, 0, -0.502171235934593
2027-06, 1, -0.327112659832255
2027-07, 4, 0.198063068474761
2027-08, 5, 0.3731216445771
2027-09, 3, 0.0230044923724227
2027-10, 0, -0.502171235934593
2027-11, 0, -0.502171235934593
2027-12, 0, -0.502171235934593
2028-01, 0, -0.502171235934593
2028-02, 0, -0.502171235934593
2028-03, 0, -0.502171235934593
2028-04, 0, -0.502171235934593
2028-05, 1, -0.327112659832255
2028-06, 2, -0.152054083729916
2028-07, 12, 1.59853167729347
2028-08, 19, 2.82394171000984
2028-09, 0, -0.502171235934593
2028-10, 0, -0.502171235934593
2028-11, 0, -0.502171235934593
2028-12, 0, -0.502171235934593
2029-01, 0, -0.502171235934593
2029-02, 0, -0.502171235934593
2029-03, 0, -0.502171235934593
2029-04, 0, -0.502171235934593
2029-05, 1, -0.327112659832255
2029-06, 5, 0.3731216445771
2029-07, 1, -0.327112659832255
2029-08, 10, 1.24841452508879
2029-09, 1, -0.327112659832255
2029-10, 0, -0.502171235934593
2029-11, 0, -0.502171235934593
2029-12, 0, -0.502171235934593
2030-01, 0, -0.502171235934593
2030-02, 0, -0.502171235934593
2030-03, 0, -0.502171235934593
2030-04, 0, -0.502171235934593
2030-05, 0, -0.502171235934593
2030-06, 1, -0.327112659832255
2030-07, 4, 0.198063068474761
2030-08, 10, 1.24841452508879
2030-09, 0, -0.502171235934593
2030-10, 0, -0.502171235934593
2030-11, 0, -0.502171235934593
2030-12, 0, -0.502171235934593
2031-01, 0, -0.502171235934593
2031-02, 0, -0.502171235934593
2031-03, 0, -0.502171235934593
2031-04, 0, -0.502171235934593
2031-05, 2, -0.152054083729916
2031-06, 0, -0.502171235934593
2031-07, 3, 0.0230044923724227
2031-08, 8, 0.898297372884116
2031-09, 0, -0.502171235934593
2031-10, 0, -0.502171235934593
2031-11, 0, -0.502171235934593
2031-12, 0, -0.502171235934593
2032-01, 0, -0.502171235934593
2032-02, 0, -0.502171235934593
2032-03, 0, -0.502171235934593
2032-04, 0, -0.502171235934593
2032-05, 1, -0.327112659832255
2032-06, 1, -0.327112659832255
2032-07, 13, 1.77359025339581
2032-08, 11, 1.42347310119113
2032-09, 2, -0.152054083729916
2032-10, 0, -0.502171235934593
2032-11, 0, -0.502171235934593
2032-12, 0, -0.502171235934593
2033-01, 0, -0.502171235934593
2033-02, 0, -0.502171235934593
2033-03, 0, -0.502171235934593
2033-04, 0, -0.502171235934593
2033-05, 0, -0.502171235934593
2033-06, 2, -0.152054083729916
2033-07, 9, 1.07335594898645
2033-08, 8, 0.898297372884116
2033-09, 1, -0.327112659832255
2033-10, 0, -0.502171235934593
2033-11, 0, -0.502171235934593
2033-12, 0, -0.502171235934593
2034-01, 0, -0.502171235934593
2034-02, 0, -0.502171235934593
2034-03, 0, -0.502171235934593
2034-04, 0, -0.502171235934593
2034-05, 0, -0.502171235934593
2034-06, 7, 0.723238796781777
2034-07, 21, 3.17405886221452
2034-08, 6, 0.548180220679439
2034-09, 2, -0.152054083729916
2034-10, 0, -0.502171235934593
2034-11, 0, -0.502171235934593
2034-12, 0, -0.502171235934593
2035-01, 0, -0.502171235934593
2035-02, 0, -0.502171235934593
2035-03, 0, -0.502171235934593
2035-04, 0, -0.502171235934593
2035-05, 0, -0.502171235934593
2035-06, 1, -0.327112659832255
2035-07, 8, 0.898297372884116
2035-08, 3, 0.0230044923724227
2035-09, 0, -0.502171235934593
2035-10, 0, -0.502171235934593
2035-11, 0, -0.502171235934593
2035-12, 0, -0.502171235934593
2036-01, 0, -0.502171235934593
2036-02, 0, -0.502171235934593
2036-03, 0, -0.502171235934593
2036-04, 0, -0.502171235934593
2036-05, 0, -0.502171235934593
2036-06, 8, 0.898297372884116
2036-07, 12, 1.59853167729347
2036-08, 13, 1.77359025339581
2036-09, 3, 0.0230044923724227
2036-10, 0, -0.502171235934593
2036-11, 0, -0.502171235934593
2036-12, 0, -0.502171235934593
2037-01, 0, -0.502171235934593
2037-02, 0, -0.502171235934593
2037-03, 0, -0.502171235934593
2037-04, 0, -0.502171235934593
2037-05, 1, -0.327112659832255
2037-06, 1, -0.327112659832255
2037-07, 13, 1.77359025339581
2037-08, 12, 1.59853167729347
2037-09, 0, -0.502171235934593
2037-10, 0, -0.502171235934593
2037-11, 0, -0.502171235934593
2037-12, 0, -0.502171235934593
2038-01, 0, -0.502171235934593
2038-02, 0, -0.502171235934593
2038-03, 0, -0.502171235934593
2038-04, 0, -0.502171235934593
2038-05, 1, -0.327112659832255
2038-06, 13, 1.77359025339581
2038-07, 12, 1.59853167729347
2038-08, 9, 1.07335594898645
2038-09, 0, -0.502171235934593
2038-10, 0, -0.502171235934593
2038-11, 0, -0.502171235934593
2038-12, 0, -0.502171235934593
2039-01, 0, -0.502171235934593
2039-02, 0, -0.502171235934593
2039-03, 0, -0.502171235934593
2039-04, 0, -0.502171235934593
2039-05, 1, -0.327112659832255
2039-06, 5, 0.3731216445771
2039-07, 9, 1.07335594898645
2039-08, 7, 0.723238796781777
2039-09, 5, 0.3731216445771
2039-10, 0, -0.502171235934593
2039-11, 0, -0.502171235934593
2039-12, 0, -0.502171235934593
2040-01, 0, -0.502171235934593
2040-02, 0, -0.502171235934593
2040-03, 0, -0.502171235934593
2040-04, 0, -0.502171235934593
2040-05, 0, -0.502171235934593
2040-06, 3, 0.0230044923724227
2040-07, 9, 1.07335594898645
2040-08, 15, 2.12370740560049
2040-09, 1, -0.327112659832255
2040-10, 0, -0.502171235934593
2040-11, 0, -0.502171235934593
2040-12, 0, -0.502171235934593
2041-01, 0, -0.502171235934593
2041-02, 0, -0.502171235934593
2041-03, 0, -0.502171235934593
2041-04, 0, -0.502171235934593
2041-05, 0, -0.502171235934593
2041-06, 12, 1.59853167729347
2041-07, 16, 2.29876598170283
2041-08, 11, 1.42347310119113
2041-09, 2, -0.152054083729916
2041-10, 0, -0.502171235934593
2041-11, 0, -0.502171235934593
2041-12, 0, -0.502171235934593
2042-01, 0, -0.502171235934593
2042-02, 0, -0.502171235934593
2042-03, 0, -0.502171235934593
2042-04, 0, -0.502171235934593
2042-05, 0, -0.502171235934593
2042-06, 13, 1.77359025339581
2042-07, 8, 0.898297372884116
2042-08, 4, 0.198063068474761
2042-09, 0, -0.502171235934593
2042-10, 0, -0.502171235934593
2042-11, 0, -0.502171235934593
2042-12, 0, -0.502171235934593
2043-01, 0, -0.502171235934593
2043-02, 0, -0.502171235934593
2043-03, 0, -0.502171235934593
2043-04, 0, -0.502171235934593
2043-05, 3, 0.0230044923724227
2043-06, 10, 1.24841452508879
2043-07, 11, 1.42347310119113
2043-08, 13, 1.77359025339581
2043-09, 5, 0.3731216445771
2043-10, 0, -0.502171235934593
2043-11, 0, -0.502171235934593
2043-12, 0, -0.502171235934593
2044-01, 0, -0.502171235934593
2044-02, 0, -0.502171235934593
2044-03, 0, -0.502171235934593
2044-04, 1, -0.327112659832255
2044-05, 1, -0.327112659832255
2044-06, 6, 0.548180220679439
2044-07, 17, 2.47382455780516
2044-08, 12, 1.59853167729347
2044-09, 4, 0.198063068474761
2044-10, 0, -0.502171235934593
2044-11, 0, -0.502171235934593
2044-12, 0, -0.502171235934593
2045-01, 0, -0.502171235934593
2045-02, 0, -0.502171235934593
2045-03, 0, -0.502171235934593
2045-04, 0, -0.502171235934593
2045-05, 0, -0.502171235934593
2045-06, 6, 0.548180220679439
2045-07, 7, 0.723238796781777
2045-08, 8, 0.898297372884116
2045-09, 2, -0.152054083729916
2045-10, 0, -0.502171235934593
2045-11, 0, -0.502171235934593
2045-12, 0, -0.502171235934593
2046-01, 0, -0.502171235934593
2046-02, 0, -0.502171235934593
2046-03, 0, -0.502171235934593
2046-04, 0, -0.502171235934593
2046-05, 0, -0.502171235934593
2046-06, 8, 0.898297372884116
2046-07, 4, 0.198063068474761
2046-08, 16, 2.29876598170283
2046-09, 0, -0.502171235934593
2046-10, 1, -0.327112659832255
2046-11, 0, -0.502171235934593
2046-12, 0, -0.502171235934593
2047-01, 0, -0.502171235934593
2047-02, 0, -0.502171235934593
2047-03, 0, -0.502171235934593
2047-04, 0, -0.502171235934593
2047-05, 0, -0.502171235934593
2047-06, 11, 1.42347310119113
2047-07, 24, 3.69923459052153
2047-08, 7, 0.723238796781777
2047-09, 0, -0.502171235934593
2047-10, 0, -0.502171235934593
2047-11, 0, -0.502171235934593
2047-12, 0, -0.502171235934593
2048-01, 0, -0.502171235934593
2048-02, 0, -0.502171235934593
2048-03, 0, -0.502171235934593
2048-04, 0, -0.502171235934593
2048-05, 0, -0.502171235934593
2048-06, 2, -0.152054083729916
2048-07, 27, 4.22441031882855
2048-08, 14, 1.94864882949815
2048-09, 1, -0.327112659832255
2048-10, 0, -0.502171235934593
2048-11, 0, -0.502171235934593
2048-12, 0, -0.502171235934593
2049-01, 0, -0.502171235934593
2049-02, 0, -0.502171235934593
2049-03, 0, -0.502171235934593
2049-04, 0, -0.502171235934593
2049-05, 0, -0.502171235934593
2049-06, 8, 0.898297372884116
2049-07, 6, 0.548180220679439
2049-08, 22, 3.34911743831686
2049-09, 5, 0.3731216445771
2049-10, 0, -0.502171235934593
2049-11, 0, -0.502171235934593
2049-12, 0, -0.502171235934593
2050-01, 0, -0.502171235934593
2050-02, 0, -0.502171235934593
2050-03, 0, -0.502171235934593
2050-04, 0, -0.502171235934593
2050-05, 1, -0.327112659832255
2050-06, 11, 1.42347310119113
2050-07, 8, 0.898297372884116
2050-08, 13, 1.77359025339581
2050-09, 7, 0.723238796781777
2050-10, 0, -0.502171235934593
2050-11, 0, -0.502171235934593
2050-12, 0, -0.502171235934593
2051-01, 0, -0.502171235934593
2051-02, 0, -0.502171235934593
2051-03, 0, -0.502171235934593
2051-04, 0, -0.502171235934593
2051-05, 0, -0.502171235934593
2051-06, 7, 0.723238796781777
2051-07, 8, 0.898297372884116
2051-08, 15, 2.12370740560049
2051-09, 0, -0.502171235934593
2051-10, 0, -0.502171235934593
2051-11, 0, -0.502171235934593
2051-12, 0, -0.502171235934593
2052-01, 0, -0.502171235934593
2052-02, 0, -0.502171235934593
2052-03, 0, -0.502171235934593
2052-04, 1, -0.327112659832255
2052-05, 6, 0.548180220679439
2052-06, 10, 1.24841452508879
2052-07, 9, 1.07335594898645
2052-08, 26, 4.04935174272621
2052-09, 2, -0.152054083729916
2052-10, 0, -0.502171235934593
2052-11, 0, -0.502171235934593
2052-12, 0, -0.502171235934593
2053-01, 0, -0.502171235934593
2053-02, 0, -0.502171235934593
2053-03, 0, -0.502171235934593
2053-04, 0, -0.502171235934593
2053-05, 1, -0.327112659832255
2053-06, 6, 0.548180220679439
2053-07, 18, 2.6488831339075
2053-08, 14, 1.94864882949815
2053-09, 1, -0.327112659832255
2053-10, 0, -0.502171235934593
2053-11, 0, -0.502171235934593
2053-12, 0, -0.502171235934593
2054-01, 0, -0.502171235934593
2054-02, 0, -0.502171235934593
2054-03, 0, -0.502171235934593
2054-04, 0, -0.502171235934593
2054-05, 0, -0.502171235934593
2054-06, 6, 0.548180220679439
2054-07, 7, 0.723238796781777
2054-08, 12, 1.59853167729347
2054-09, 6, 0.548180220679439
2054-10, 2, -0.152054083729916
2054-11, 0, -0.502171235934593
2054-12, 0, -0.502171235934593
2055-01, 0, -0.502171235934593
2055-02, 0, -0.502171235934593
2055-03, 0, -0.502171235934593
2055-04, 0, -0.502171235934593
2055-05, 0, -0.502171235934593
2055-06, 3, 0.0230044923724227
2055-07, 27, 4.22441031882855
2055-08, 9, 1.07335594898645
2055-09, 5, 0.3731216445771
2055-10, 0, -0.502171235934593
2055-11, 0, -0.502171235934593
2055-12, 0, -0.502171235934593
2056-01, 0, -0.502171235934593
2056-02, 0, -0.502171235934593
2056-03, 0, -0.502171235934593
2056-04, 0, -0.502171235934593
2056-05, 0, -0.502171235934593
2056-06, 4, 0.198063068474761
2056-07, 19, 2.82394171000984
2056-08, 14, 1.94864882949815
2056-09, 1, -0.327112659832255
2056-10, 0, -0.502171235934593
2056-11, 0, -0.502171235934593
2056-12, 0, -0.502171235934593
2057-01, 0, -0.502171235934593
2057-02, 0, -0.502171235934593
2057-03, 0, -0.502171235934593
2057-04, 0, -0.502171235934593
2057-05, 1, -0.327112659832255
2057-06, 6, 0.548180220679439
2057-07, 14, 1.94864882949815
2057-08, 10, 1.24841452508879
2057-09, 0, -0.502171235934593
2057-10, 0, -0.502171235934593
2057-11, 0, -0.502171235934593
2057-12, 0, -0.502171235934593
2058-01, 0, -0.502171235934593
2058-02, 0, -0.502171235934593
2058-03, 0, -0.502171235934593
2058-04, 0, -0.502171235934593
2058-05, 1, -0.327112659832255
2058-06, 7, 0.723238796781777
2058-07, 7, 0.723238796781777
2058-08, 9, 1.07335594898645
2058-09, 0, -0.502171235934593
2058-10, 1, -0.327112659832255
2058-11, 0, -0.502171235934593
2058-12, 0, -0.502171235934593
2059-01, 0, -0.502171235934593
2059-02, 0, -0.502171235934593
2059-03, 0, -0.502171235934593
2059-04, 0, -0.502171235934593
2059-05, 0, -0.502171235934593
2059-06, 14, 1.94864882949815
2059-07, 21, 3.17405886221452
2059-08, 12, 1.59853167729347
2059-09, 1, -0.327112659832255
2059-10, 1, -0.327112659832255
2059-11, 0, -0.502171235934593
2059-12, 0, -0.502171235934593
2060-01, 0, -0.502171235934593
2060-02, 0, -0.502171235934593
2060-03, 0, -0.502171235934593
2060-04, 0, -0.502171235934593
2060-05, 4, 0.198063068474761
2060-06, 8, 0.898297372884116
2060-07, 12, 1.59853167729347
2060-08, 12, 1.59853167729347
2060-09, 3, 0.0230044923724227
2060-10, 0, -0.502171235934593
2060-11, 0, -0.502171235934593
2060-12, 0, -0.502171235934593
2061-01, 0, -0.502171235934593
2061-02, 0, -0.502171235934593
2061-03, 0, -0.502171235934593
2061-04, 0, -0.502171235934593
2061-05, 2, -0.152054083729916
2061-06, 8, 0.898297372884116
2061-07, 12, 1.59853167729347
2061-08, 18, 2.6488831339075
2061-09, 0, -0.502171235934593
2061-10, 0, -0.502171235934593
2061-11, 0, -0.502171235934593
2061-12, 0, -0.502171235934593
2062-01, 0, -0.502171235934593
2062-02, 0, -0.502171235934593
2062-03, 0, -0.502171235934593
2062-04, 0, -0.502171235934593
2062-05, 0, -0.502171235934593
2062-06, 11, 1.42347310119113
2062-07, 17, 2.47382455780516
2062-08, 16, 2.29876598170283
2062-09, 1, -0.327112659832255
2062-10, 0, -0.502171235934593
2062-11, 0, -0.502171235934593
2062-12, 0, -0.502171235934593
2063-01, 0, -0.502171235934593
2063-02, 0, -0.502171235934593
2063-03, 0, -0.502171235934593
2063-04, 0, -0.502171235934593
2063-05, 0, -0.502171235934593
2063-06, 4, 0.198063068474761
2063-07, 16, 2.29876598170283
2063-08, 17, 2.47382455780516
2063-09, 2, -0.152054083729916
2063-10, 0, -0.502171235934593
2063-11, 0, -0.502171235934593
2063-12, 0, -0.502171235934593
2064-01, 0, -0.502171235934593
2064-02, 0, -0.502171235934593
2064-03, 0, -0.502171235934593
2064-04, 0, -0.502171235934593
2064-05, 0, -0.502171235934593
2064-06, 6, 0.548180220679439
2064-07, 14, 1.94864882949815
2064-08, 17, 2.47382455780516
2064-09, 1, -0.327112659832255
2064-10, 0, -0.502171235934593
2064-11, 0, -0.502171235934593
2064-12, 0, -0.502171235934593
2065-01, 0, -0.502171235934593
2065-02, 0, -0.502171235934593
2065-03, 0, -0.502171235934593
2065-04, 0, -0.502171235934593
2065-05, 4, 0.198063068474761
2065-06, 16, 2.29876598170283
2065-07, 25, 3.87429316662387
2065-08, 3, 0.0230044923724227
2065-09, 3, 0.0230044923724227
2065-10, 0, -0.502171235934593
2065-11, 0, -0.502171235934593
2065-12, 0, -0.502171235934593
2066-01, 0, -0.502171235934593
2066-02, 0, -0.502171235934593
2066-03, 0, -0.502171235934593
2066-04, 0, -0.502171235934593
2066-05, 4, 0.198063068474761
2066-06, 8, 0.898297372884116
2066-07, 19, 2.82394171000984
2066-08, 19, 2.82394171000984
2066-09, 5, 0.3731216445771
2066-10, 0, -0.502171235934593
2066-11, 0, -0.502171235934593
2066-12, 0, -0.502171235934593
2067-01, 0, -0.502171235934593
2067-02, 0, -0.502171235934593
2067-03, 0, -0.502171235934593
2067-04, 0, -0.502171235934593
2067-05, 0, -0.502171235934593
2067-06, 8, 0.898297372884116
2067-07, 15, 2.12370740560049
2067-08, 21, 3.17405886221452
2067-09, 0, -0.502171235934593
2067-10, 0, -0.502171235934593
2067-11, 0, -0.502171235934593
2067-12, 0, -0.502171235934593
2068-01, 0, -0.502171235934593
2068-02, 0, -0.502171235934593
2068-03, 0, -0.502171235934593
2068-04, 0, -0.502171235934593
2068-05, 0, -0.502171235934593
2068-06, 17, 2.47382455780516
2068-07, 26, 4.04935174272621
2068-08, 8, 0.898297372884116
2068-09, 0, -0.502171235934593
2068-10, 0, -0.502171235934593
2068-11, 0, -0.502171235934593
2068-12, 0, -0.502171235934593
2069-01, 0, -0.502171235934593
2069-02, 0, -0.502171235934593
2069-03, 0, -0.502171235934593
2069-04, 0, -0.502171235934593
2069-05, 0, -0.502171235934593
2069-06, 6, 0.548180220679439
2069-07, 14, 1.94864882949815
2069-08, 14, 1.94864882949815
2069-09, 7, 0.723238796781777
2069-10, 3, 0.0230044923724227
2069-11, 0, -0.502171235934593
2069-12, 0, -0.502171235934593
2070-01, 0, -0.502171235934593
2070-02, 0, -0.502171235934593
2070-03, 0, -0.502171235934593
2070-04, 0, -0.502171235934593
2070-05, 0, -0.502171235934593
2070-06, 17, 2.47382455780516
2070-07, 12, 1.59853167729347
2070-08, 21, 3.17405886221452
2070-09, 7, 0.723238796781777
2070-10, 0, -0.502171235934593
2070-11, 0, -0.502171235934593
2070-12, 0, -0.502171235934593
2071-01, 0, -0.502171235934593
2071-02, 0, -0.502171235934593
2071-03, 0, -0.502171235934593
2071-04, 0, -0.502171235934593
2071-05, 4, 0.198063068474761
2071-06, 7, 0.723238796781777
2071-07, 11, 1.42347310119113
2071-08, 14, 1.94864882949815
2071-09, 17, 2.47382455780516
2071-10, 2, -0.152054083729916
2071-11, 0, -0.502171235934593
2071-12, 0, -0.502171235934593
2072-01, 0, -0.502171235934593
2072-02, 0, -0.502171235934593
2072-03, 0, -0.502171235934593
2072-04, 0, -0.502171235934593
2072-05, 0, -0.502171235934593
2072-06, 5, 0.3731216445771
2072-07, 15, 2.12370740560049
2072-08, 18, 2.6488831339075
2072-09, 6, 0.548180220679439
2072-10, 0, -0.502171235934593
2072-11, 0, -0.502171235934593
2072-12, 0, -0.502171235934593
2073-01, 0, -0.502171235934593
2073-02, 0, -0.502171235934593
2073-03, 0, -0.502171235934593
2073-04, 0, -0.502171235934593
2073-05, 0, -0.502171235934593
2073-06, 4, 0.198063068474761
2073-07, 13, 1.77359025339581
2073-08, 7, 0.723238796781777
2073-09, 4, 0.198063068474761
2073-10, 0, -0.502171235934593
2073-11, 0, -0.502171235934593
2073-12, 0, -0.502171235934593
2074-01, 0, -0.502171235934593
2074-02, 0, -0.502171235934593
2074-03, 0, -0.502171235934593
2074-04, 0, -0.502171235934593
2074-05, 2, -0.152054083729916
2074-06, 9, 1.07335594898645
2074-07, 21, 3.17405886221452
2074-08, 22, 3.34911743831686
2074-09, 6, 0.548180220679439
2074-10, 0, -0.502171235934593
2074-11, 0, -0.502171235934593
2074-12, 0, -0.502171235934593
2075-01, 0, -0.502171235934593
2075-02, 0, -0.502171235934593
2075-03, 0, -0.502171235934593
2075-04, 1, -0.327112659832255
2075-05, 3, 0.0230044923724227
2075-06, 18, 2.6488831339075
2075-07, 7, 0.723238796781777
2075-08, 22, 3.34911743831686
2075-09, 10, 1.24841452508879
2075-10, 0, -0.502171235934593
2075-11, 0, -0.502171235934593
2075-12, 0, -0.502171235934593
2076-01, 0, -0.502171235934593
2076-02, 0, -0.502171235934593
2076-03, 0, -0.502171235934593
2076-04, 0, -0.502171235934593
2076-05, 0, -0.502171235934593
2076-06, 6, 0.548180220679439
2076-07, 22, 3.34911743831686
2076-08, 21, 3.17405886221452
2076-09, 0, -0.502171235934593
2076-10, 0, -0.502171235934593
2076-11, 0, -0.502171235934593
2076-12, 0, -0.502171235934593
2077-01, 0, -0.502171235934593
2077-02, 0, -0.502171235934593
2077-03, 0, -0.502171235934593
2077-04, 0, -0.502171235934593
2077-05, 0, -0.502171235934593
2077-06, 18, 2.6488831339075
2077-07, 20, 2.99900028611218
2077-08, 19, 2.82394171000984
2077-09, 3, 0.0230044923724227
2077-10, 0, -0.502171235934593
2077-11, 0, -0.502171235934593
2077-12, 0, -0.502171235934593
2078-01, 0, -0.502171235934593
2078-02, 0, -0.502171235934593
2078-03, 0, -0.502171235934593
2078-04, 0, -0.502171235934593
2078-05, 4, 0.198063068474761
2078-06, 8, 0.898297372884116
2078-07, 21, 3.17405886221452
2078-08, 12, 1.59853167729347
2078-09, 4, 0.198063068474761
2078-10, 0, -0.502171235934593
2078-11, 0, -0.502171235934593
2078-12, 0, -0.502171235934593
2079-01, 0, -0.502171235934593
2079-02, 0, -0.502171235934593
2079-03, 0, -0.502171235934593
2079-04, 0, -0.502171235934593
2079-05, 0, -0.502171235934593
2079-06, 20, 2.99900028611218
2079-07, 27, 4.22441031882855
2079-08, 18, 2.6488831339075
2079-09, 3, 0.0230044923724227
2079-10, 0, -0.502171235934593
2079-11, 0, -0.502171235934593
2079-12, 0, -0.502171235934593
2080-01, 0, -0.502171235934593
2080-02, 0, -0.502171235934593
2080-03, 0, -0.502171235934593
2080-04, 0, -0.502171235934593
2080-05, 1, -0.327112659832255
2080-06, 10, 1.24841452508879
2080-07, 15, 2.12370740560049
2080-08, 17, 2.47382455780516
2080-09, 4, 0.198063068474761
2080-10, 0, -0.502171235934593
2080-11, 0, -0.502171235934593
2080-12, 0, -0.502171235934593
2081-01, 0, -0.502171235934593
2081-02, 0, -0.502171235934593
2081-03, 0, -0.502171235934593
2081-04, 0, -0.502171235934593
2081-05, 2, -0.152054083729916
2081-06, 12, 1.59853167729347
2081-07, 17, 2.47382455780516
2081-08, 15, 2.12370740560049
2081-09, 7, 0.723238796781777
2081-10, 0, -0.502171235934593
2081-11, 0, -0.502171235934593
2081-12, 0, -0.502171235934593
2082-01, 0, -0.502171235934593
2082-02, 0, -0.502171235934593
2082-03, 0, -0.502171235934593
2082-04, 0, -0.502171235934593
2082-05, 1, -0.327112659832255
2082-06, 12, 1.59853167729347
2082-07, 18, 2.6488831339075
2082-08, 22, 3.34911743831686
2082-09, 17, 2.47382455780516
2082-10, 0, -0.502171235934593
2082-11, 0, -0.502171235934593
2082-12, 0, -0.502171235934593
2083-01, 0, -0.502171235934593
2083-02, 0, -0.502171235934593
2083-03, 0, -0.502171235934593
2083-04, 0, -0.502171235934593
2083-05, 6, 0.548180220679439
2083-06, 16, 2.29876598170283
2083-07, 19, 2.82394171000984
2083-08, 17, 2.47382455780516
2083-09, 3, 0.0230044923724227
2083-10, 0, -0.502171235934593
2083-11, 0, -0.502171235934593
2083-12, 0, -0.502171235934593
2084-01, 0, -0.502171235934593
2084-02, 0, -0.502171235934593
2084-03, 0, -0.502171235934593
2084-04, 0, -0.502171235934593
2084-05, 0, -0.502171235934593
2084-06, 17, 2.47382455780516
2084-07, 15, 2.12370740560049
2084-08, 16, 2.29876598170283
2084-09, 5, 0.3731216445771
2084-10, 0, -0.502171235934593
2084-11, 0, -0.502171235934593
2084-12, 0, -0.502171235934593
2085-01, 0, -0.502171235934593
2085-02, 0, -0.502171235934593
2085-03, 0, -0.502171235934593
2085-04, 1, -0.327112659832255
2085-05, 5, 0.3731216445771
2085-06, 6, 0.548180220679439
2085-07, 17, 2.47382455780516
2085-08, 15, 2.12370740560049
2085-09, 5, 0.3731216445771
2085-10, 0, -0.502171235934593
2085-11, 0, -0.502171235934593
2085-12, 0, -0.502171235934593
2086-01, 0, -0.502171235934593
2086-02, 0, -0.502171235934593
2086-03, 0, -0.502171235934593
2086-04, 0, -0.502171235934593
2086-05, 12, 1.59853167729347
2086-06, 20, 2.99900028611218
2086-07, 22, 3.34911743831686
2086-08, 19, 2.82394171000984
2086-09, 11, 1.42347310119113
2086-10, 0, -0.502171235934593
2086-11, 0, -0.502171235934593
2086-12, 0, -0.502171235934593
2087-01, 0, -0.502171235934593
2087-02, 0, -0.502171235934593
2087-03, 0, -0.502171235934593
2087-04, 0, -0.502171235934593
2087-05, 8, 0.898297372884116
2087-06, 15, 2.12370740560049
2087-07, 19, 2.82394171000984
2087-08, 15, 2.12370740560049
2087-09, 2, -0.152054083729916
2087-10, 0, -0.502171235934593
2087-11, 0, -0.502171235934593
2087-12, 0, -0.502171235934593
2088-01, 0, -0.502171235934593
2088-02, 0, -0.502171235934593
2088-03, 1, -0.327112659832255
2088-04, 3, 0.0230044923724227
2088-05, 1, -0.327112659832255
2088-06, 16, 2.29876598170283
2088-07, 21, 3.17405886221452
2088-08, 20, 2.99900028611218
2088-09, 4, 0.198063068474761
2088-10, 0, -0.502171235934593
2088-11, 0, -0.502171235934593
2088-12, 0, -0.502171235934593
2089-01, 0, -0.502171235934593
2089-02, 0, -0.502171235934593
2089-03, 0, -0.502171235934593
2089-04, 0, -0.502171235934593
2089-05, 5, 0.3731216445771
2089-06, 19, 2.82394171000984
2089-07, 27, 4.22441031882855
2089-08, 14, 1.94864882949815
2089-09, 11, 1.42347310119113
2089-10, 0, -0.502171235934593
2089-11, 0, -0.502171235934593
2089-12, 0, -0.502171235934593
2090-01, 0, -0.502171235934593
2090-02, 0, -0.502171235934593
2090-03, 0, -0.502171235934593
2090-04, 0, -0.502171235934593
2090-05, 2, -0.152054083729916
2090-06, 8, 0.898297372884116
2090-07, 18, 2.6488831339075
2090-08, 24, 3.69923459052153
2090-09, 4, 0.198063068474761
2090-10, 1, -0.327112659832255
2090-11, 0, -0.502171235934593
2090-12, 0, -0.502171235934593
2091-01, 0, -0.502171235934593
2091-02, 0, -0.502171235934593
2091-03, 0, -0.502171235934593
2091-04, 1, -0.327112659832255
2091-05, 1, -0.327112659832255
2091-06, 10, 1.24841452508879
2091-07, 21, 3.17405886221452
2091-08, 25, 3.87429316662387
2091-09, 14, 1.94864882949815
2091-10, 0, -0.502171235934593
2091-11, 0, -0.502171235934593
2091-12, 0, -0.502171235934593
2092-01, 0, -0.502171235934593
2092-02, 0, -0.502171235934593
2092-03, 0, -0.502171235934593
2092-04, 0, -0.502171235934593
2092-05, 0, -0.502171235934593
2092-06, 6, 0.548180220679439
2092-07, 17, 2.47382455780516
2092-08, 26, 4.04935174272621
2092-09, 3, 0.0230044923724227
2092-10, 0, -0.502171235934593
2092-11, 0, -0.502171235934593
2092-12, 0, -0.502171235934593
2093-01, 0, -0.502171235934593
2093-02, 0, -0.502171235934593
2093-03, 0, -0.502171235934593
2093-04, 0, -0.502171235934593
2093-05, 7, 0.723238796781777
2093-06, 16, 2.29876598170283
2093-07, 24, 3.69923459052153
2093-08, 28, 4.39946889493089
2093-09, 4, 0.198063068474761
2093-10, 1, -0.327112659832255
2093-11, 0, -0.502171235934593
2093-12, 0, -0.502171235934593
2094-01, 0, -0.502171235934593
2094-02, 0, -0.502171235934593
2094-03, 0, -0.502171235934593
2094-04, 0, -0.502171235934593
2094-05, 6, 0.548180220679439
2094-06, 15, 2.12370740560049
2094-07, 26, 4.04935174272621
2094-08, 26, 4.04935174272621
2094-09, 7, 0.723238796781777
2094-10, 0, -0.502171235934593
2094-11, 0, -0.502171235934593
2094-12, 0, -0.502171235934593
2095-01, 0, -0.502171235934593
2095-02, 0, -0.502171235934593
2095-03, 0, -0.502171235934593
2095-04, 1, -0.327112659832255
2095-05, 10, 1.24841452508879
2095-06, 20, 2.99900028611218
2095-07, 29, 4.57452747103323
2095-08, 31, 4.9246446232379
2095-09, 14, 1.94864882949815
2095-10, 1, -0.327112659832255
2095-11, 0, -0.502171235934593
2095-12, 0, -0.502171235934593
2096-01, 0, -0.502171235934593
2096-02, 0, -0.502171235934593
2096-03, 0, -0.502171235934593
2096-04, 0, -0.502171235934593
2096-05, 7, 0.723238796781777
2096-06, 13, 1.77359025339581
2096-07, 20, 2.99900028611218
2096-08, 28, 4.39946889493089
2096-09, 14, 1.94864882949815
2096-10, 0, -0.502171235934593
2096-11, 0, -0.502171235934593
2096-12, 0, -0.502171235934593
2097-01, 0, -0.502171235934593
2097-02, 0, -0.502171235934593
2097-03, 0, -0.502171235934593
2097-04, 0, -0.502171235934593
2097-05, 0, -0.502171235934593
2097-06, 10, 1.24841452508879
2097-07, 28, 4.39946889493089
2097-08, 27, 4.22441031882855
2097-09, 3, 0.0230044923724227
2097-10, 3, 0.0230044923724227
2097-11, 0, -0.502171235934593
2097-12, 0, -0.502171235934593
2098-01, 0, -0.502171235934593
2098-02, 0, -0.502171235934593
2098-03, 0, -0.502171235934593
2098-04, 0, -0.502171235934593
2098-05, 2, -0.152054083729916
2098-06, 18, 2.6488831339075
2098-07, 23, 3.5241760144192
2098-08, 18, 2.6488831339075
2098-09, 9, 1.07335594898645
2098-10, 1, -0.327112659832255
2098-11, 0, -0.502171235934593
2098-12, 0, -0.502171235934593
2099-01, 0, -0.502171235934593
2099-02, 0, -0.502171235934593
2099-03, 0, -0.502171235934593
2099-04, 2, -0.152054083729916
2099-05, 6, 0.548180220679439
2099-06, 20, 2.99900028611218
2099-07, 20, 2.99900028611218
2099-08, 15, 2.12370740560049
2099-09, 10, 1.24841452508879
2099-10, 0, -0.502171235934593
2099-11, 0, -0.502171235934593
2099-12, 0, -0.502171235934593
2100-01, 0, -0.502171235934593
2100-02, 0, -0.502171235934593
2100-03, 0, -0.502171235934593
2100-04, 0, -0.502171235934593
2100-05, 5, 0.3731216445771
2100-06, 13, 1.77359025339581
2100-07, 19, 2.82394171000984
2100-08, 23, 3.5241760144192
2100-09, 11, 1.42347310119113
2100-10, 2, -0.152054083729916
2100-11, 0, -0.502171235934593
2100-12, 0, -0.502171235934593
