"Description: ","Maximum 3-day precipitation total"
"Station: ","final_1971_2005_Bucurest_rcp85"
"Latitude: ","44.43"
"Longitude: ","26.1"
"Climpact_version: ","3.1.6"
"Date_of_calculation: ","2024-01-01"
time, rx3day, normalised (all years)
1971-01, 5.822908992, -0.918596234657877
1971-02, 16.25272992, -0.437420963217543
1971-03, 14.92033392, -0.498890475627375
1971-04, 12.9405668256, -0.59022617310605
1971-05, 21.91564982016, -0.176164606189478
1971-06, 12.1556824416, -0.626436474234671
1971-07, 32.660337024, 0.31953688452064
1971-08, 12.704540256, -0.601115156673305
1971-09, 11.2506808032, -0.668188332873204
1971-10, 130.06992096, 4.81348585208769
1971-11, 76.42282608, 2.33850036393134
1971-12, 9.386788896, -0.754178178775034
1972-01, 28.4022458208, 0.123091691006628
1972-02, 0.981946367999995, -1.1419319487335
1972-03, 11.0944534464, -0.67539581431834
1972-04, 14.91116256, -0.499313592348931
1972-05, 13.312124064, -0.573084540830967
1972-06, 41.799513024, 0.741168811175804
1972-07, 17.216300736, -0.392967040936282
1972-08, 15.7608509184, -0.460113587927454
1972-09, 23.466710016, -0.104607115806302
1972-10, 8.84474951039999, -0.77918493107672
1972-11, 4.34597832, -0.986733791563605
1972-12, 91.405839744, 3.02973521029528
1973-01, 45.04870944, 0.891069080626697
1973-02, 10.75559904, -0.69102871560244
1973-03, 16.01363490624, -0.448451508127202
1973-04, 7.4070619776, -0.845512022751349
1973-05, 16.4162242944, -0.42987822106272
1973-06, 10.3166531712, -0.711279293155545
1973-07, 26.2783070208, 0.0251046943297224
1973-08, 17.1509508864, -0.395981927945075
1973-09, 21.4033854816, -0.199797699591311
1973-10, 18.04310856, -0.354822620059971
1973-11, 17.099660736, -0.398348176820421
1973-12, 31.22019072, 0.253096358501574
1974-01, 2.472511824, -1.07316535697304
1974-02, 1.38666235392, -1.12326055200237
1974-03, 49.087496448, 1.07739677007407
1974-04, 14.236415712, -0.530442745953889
1974-05, 40.639836672, 0.687667644922939
1974-06, 7.8001952832, -0.827374987960418
1974-07, 33.962464512, 0.379609972238405
1974-08, 10.4627139264, -0.70454084347215
1974-09, 67.2130162656, 1.91360977683978
1974-10, 67.0338094464, 1.90534214784905
1974-11, 56.743052256, 1.43058252171548
1974-12, 8.567901792, -0.791957180664546
1975-01, 15.7411357344, -0.461023139402804
1975-02, 20.958749568, -0.220310784896949
1975-03, 22.547048544, -0.147035299518913
1975-04, 28.9052101152, 0.146295730898914
1975-05, 25.1097611904, -0.0288056614678254
1975-06, 17.294745024, -0.389348047683003
1975-07, 29.374989984, 0.167968821688057
1975-08, 21.841169184, -0.179600738081745
1975-09, 32.1580982304, 0.296366315293553
1975-10, 104.8908112416, 3.65185853010256
1975-11, 21.789168048, -0.181999787969825
1975-12, 49.95770688, 1.11754355147313
1976-01, 8.715560256, -0.785145021377619
1976-02, 31.12483104, 0.248696980964297
1976-03, 28.250600256, 0.116095588551075
1976-04, 61.314331104, 1.64147649158325
1976-05, 12.531077568, -0.609117782658867
1976-06, 69.276827232, 2.00882280195444
1976-07, 26.660091168, 0.0427181406131001
1976-08, 8.0501174784, -0.815844935724192
1976-09, 8.7773598432, -0.78229392418706
1976-10, 85.037855616, 2.73595102047355
1976-11, 48.20484096, 1.0366758414063
1976-12, 19.95590304, -0.26657667514133
1977-01, 37.87942752, 0.560317364206789
1977-02, 1.5838600032, -1.11416292385758
1977-03, 14.64571584, -0.511559861813257
1977-04, 87.354833184, 2.84284377710858
1977-05, 28.676011392, 0.135721747068237
1977-06, 27.6372281664, 0.087797932843979
1977-07, 31.074743232, 0.24638620163485
1977-08, 13.6680524064, -0.556663940904093
1977-09, 11.1036547872, -0.674971314445559
1977-10, 74.171140128, 2.2346198077232
1977-11, 2.96114793984, -1.0506223413932
1977-12, 24.1686127296, -0.0722251381028794
1978-01, 37.09599680736, 0.524174127576787
1978-02, 14.2217554032, -0.531119092951113
1978-03, 21.001756032, -0.218326700306069
1978-04, 48.0565918656, 1.02983643364167
1978-05, 29.090025504, 0.154822108819119
1978-06, 33.687651168, 0.366931577632451
1978-07, 36.128287872, 0.479529294951039
1978-08, 8.575181856, -0.791621318064845
1978-09, 0.933121123200004, -1.14418448025652
1978-10, 41.9510212128, 0.748158575849094
1978-11, 16.7569128, -0.414160704406361
1978-12, 6.779572992, -0.874460955341489
1979-01, 27.12644748, 0.0642332870919901
1979-02, 19.66870744416, -0.279826319573268
1979-03, 7.281216576, -0.851317845851517
1979-04, 27.46136736, 0.0796846707046392
1979-05, 77.855700096, 2.4046053860931
1979-06, 13.9309241472, -0.544536466989956
1979-07, 17.849173824, -0.363769715113731
1979-08, 5.5337287104, -0.931937441707801
1979-09, 35.940940704, 0.470886114493935
1979-10, 21.78803232, -0.18205218428923
1979-11, 13.46593248, -0.565988656172015
1979-12, 14.618366784, -0.512821598667157
1980-01, 53.21668896, 1.26789527829457
1980-02, 3.0437967456, -1.04680937453401
1980-03, 17.14664283552, -0.396180678006641
1980-04, 35.71338816, 0.460388076427702
1980-05, 27.833054544, 0.0968322979636998
1980-06, 34.979708736, 0.426540093952218
1980-07, 27.5276205216, 0.082741231621335
1980-08, 6.1540280064, -0.903320202333559
1980-09, 0.701609644799997, -1.15486516204671
1980-10, 64.066912416, 1.76846563829118
1980-11, 29.84871168, 0.189823766967898
1980-12, 20.052840384, -0.262104512758687
1981-01, 23.492160864, -0.103432951956383
1981-02, 2.62612627199999, -1.06607842094377
1981-03, 1.01381846399999, -1.14046154338809
1981-04, 24.94358496, -0.0364721298877185
1981-05, 81.03469824, 2.55126708866759
1981-06, 36.7665884352, 0.508977014991346
1981-07, 9.42191740799999, -0.752557540087795
1981-08, 8.54394877439999, -0.79306224275766
1981-09, 2.03362937279999, -1.09341300878264
1981-10, 68.6570736384, 1.98023073832408
1981-11, 0.472614030719995, -1.1654297755261
1981-12, 1.583865792, -1.1141626567938
1982-01, 1.35780027839999, -1.12459209135655
1982-02, 10.978066944, -0.68076525520049
1982-03, 30.073540032, 0.200196125616037
1982-04, 13.170252672, -0.579629716057509
1982-05, 63.3253814784, 1.73425542963618
1982-06, 17.83471392, -0.364436816522301
1982-07, 15.531761664, -0.470682521462454
1982-08, 15.0799541184, -0.491526466904436
1982-09, 10.2760974432, -0.71315031410246
1982-10, 2.53773959039999, -1.07015610221981
1982-11, 40.4811041472, 0.680344588637092
1982-12, 2.82234697919999, -1.05702586359873
1983-01, 2.93409734399999, -1.05187030891688
1983-02, 15.537370752, -0.470423748616826
1983-03, 9.66400798751999, -0.741388796049155
1983-04, 12.34478016, -0.617712532893013
1983-05, 63.01891044, 1.72011652100978
1983-06, 26.487801792, 0.034769644868506
1983-07, 12.958450848, -0.589401101478054
1983-08, 4.39268192639999, -0.984579140909304
1983-09, 8.73550163519999, -0.784225034484682
1983-10, 24.7100972544, -0.047243984063896
1983-11, 57.761387712, 1.47756298694501
1983-12, 32.52400992, 0.313247492619791
1984-01, 29.983779072, 0.196055042601199
1984-02, 18.674467488, -0.325695149353249
1984-03, 40.272090624, 0.670701840266364
1984-04, 10.7313229728, -0.69214868144894
1984-05, 22.58745711552, -0.14517106757247
1984-06, 16.9202941632, -0.406623175974305
1984-07, 40.700126592, 0.690449094271051
1984-08, 9.77296751999999, -0.736361995207702
1984-09, 19.254265056, -0.298946439659309
1984-10, 65.94763328064, 1.85523188085601
1984-11, 13.9087911456, -0.545557563433144
1984-12, 30.4297199712, 0.216628332852314
1985-01, 2.86549919999999, -1.05503505458101
1985-02, 28.658183616, 0.134899270343545
1985-03, 11.080418976, -0.676043288532025
1985-04, 8.81187728342399, -0.780701477031556
1985-05, 41.696468064, 0.736414876574161
1985-06, 27.141673536, 0.0649357345912656
1985-07, 54.2828621952, 1.31708271874933
1985-08, 19.90083168, -0.26911736848396
1985-09, 30.88214208, 0.237500630901366
1985-10, 31.1041085184, 0.247740956405041
1985-11, 39.5963079264, 0.639524898188729
1985-12, 47.038290624, 0.982857546878663
1986-01, 17.541448128, -0.377966506825126
1986-02, 17.2056355632, -0.393459074064408
1986-03, 27.72400608, 0.091801394305087
1986-04, 43.295659523424, 0.810192881957515
1986-05, 27.409822848, 0.0773066869670397
1986-06, 26.0049431232, 0.0124931693056882
1986-07, 79.917863328, 2.49974239369483
1986-08, 23.847136992, -0.0870562820284562
1986-09, 23.544805248, -0.101004226100409
1986-10, 71.63796384, 2.11775281677493
1986-11, 61.890861888, 1.66807448961217
1986-12, 5.143934592, -0.949920424543435
1987-01, 4.52060480736, -0.978677474198602
1987-02, 4.793224032, -0.966100304339065
1987-03, 6.7157318592, -0.877406238354127
1987-04, 6.1257085056, -0.904626710238015
1987-05, 78.664557024, 2.44192165015684
1987-06, 2.57169297600001, -1.0685896774801
1987-07, 31.6718599392, 0.273933922314999
1987-08, 48.328991712, 1.04240348258111
1987-09, 28.3424523552, 0.120333145367249
1987-10, 36.77793984, 0.50950070713559
1987-11, 13.92775670592, -0.544682595521615
1987-12, 41.88369168, 0.745052357013254
1988-01, 10.897426368, -0.684485573249454
1988-02, 33.46648900992, 0.356728357253011
1988-03, 50.1389543808, 1.12590532642568
1988-04, 20.31496848, -0.250011346575332
1988-05, 51.82576128, 1.20372543217755
1988-06, 48.107546784, 1.03218721673388
1988-07, 46.59217632, 0.962276256672199
1988-08, 23.551089984, -0.100714282526919
1988-09, 18.05462784, -0.35429118306608
1988-10, 18.05462784, -0.35429118306608
1988-11, 33.057151488, 0.337843747960075
1988-12, 7.85021846400001, -0.825067190178853
1989-01, 21.605210784, -0.190486576674029
1989-02, 45.13018464, 0.894827903692432
1989-03, 13.401686304, -0.568952625677264
1989-04, 16.2607026528, -0.437053144642743
1989-05, 31.20581808, 0.25243328297985
1989-06, 28.794280896, 0.14117805941369
1989-07, 60.0115352256, 1.58137256796386
1989-08, 22.75228656, -0.137566732537714
1989-09, 93.71218752, 3.13613756608006
1989-10, 101.7028233504, 3.50478208943439
1989-11, 41.350501728, 0.720453869498084
1989-12, 23.7966564096, -0.0893851818347392
1990-01, 1.54071200736001, -1.1161535379586
1990-02, 20.565833472, -0.238437798817056
1990-03, 67.332324384, 1.91911400521076
1990-04, 45.390049056, 0.906816635979369
1990-05, 30.08369305152, 0.200664530774399
1990-06, 31.24800288, 0.254379460457947
1990-07, 82.468209024, 2.61740148784525
1990-08, 57.2736528, 1.45506154801402
1990-09, 22.77980928, -0.136296983770387
1990-10, 78.256434528, 2.42309309555851
1990-11, 38.267729856, 0.578231524307478
1990-12, 8.44731858240001, -0.797520234815808
1991-01, 20.8932973344, -0.223330395347241
1991-02, 9.8636268672, -0.732179465488476
1991-03, 18.177288192, -0.348632300849788
1991-04, 26.734330368, 0.0461431339526897
1991-05, 24.983112096, -0.0346485625872484
1991-06, 17.6536138176, -0.372791791313503
1991-07, 26.271131328, 0.0247736468501301
1991-08, 22.57936992, -0.145544166835285
1991-09, 36.3440601216, 0.48948385423708
1991-10, 27.2732482944, 0.0710058790860625
1991-11, 30.828819456, 0.235040614736732
1991-12, 37.528316928, 0.544119029108089
1992-01, 4.61685268800001, -0.974237119909471
1992-02, 5.14126820160001, -0.950043437309746
1992-03, 5.76493286400001, -0.921270938214154
1992-04, 35.123141376, 0.433157296679076
1992-05, 20.00186784, -0.264456109000322
1992-06, 12.2115874752, -0.623857319721563
1992-07, 40.18068288, 0.666484783584894
1992-08, 10.259467776, -0.713917516596554
1992-09, 10.2792440448, -0.713005147000412
1992-10, 1.51730893440001, -1.11723322859392
1992-11, 42.9363800352, 0.793617678369406
1992-12, 11.7356664672, -0.645813729308019
1993-01, 40.5392353632, 0.683026447111082
1993-02, 19.8621872928, -0.270900210550853
1993-03, 8.05796276601601, -0.815482996777759
1993-04, 29.799520704, 0.18755436259436
1993-05, 17.165337696, -0.395318198714993
1993-06, 31.67850816, 0.274240635102315
1993-07, 13.195520352, -0.578464002583941
1993-08, 20.7672920064, -0.22914359658261
1993-09, 47.5918176672, 1.00839427728851
1993-10, 61.91261297568, 1.66907796662206
1993-11, 35.31446208, 0.441983794498632
1993-12, 21.461108544, -0.197134671106888
1994-01, 4.094229024, -0.998348136303936
1994-02, 10.9233879264, -0.683287847996416
1994-03, 37.924198272, 0.56238284346045
1994-04, 21.647676384, -0.188527444609544
1994-05, 19.9301302656, -0.26776569092629
1994-06, 24.4490899392, -0.0592854435104443
1994-07, 22.806081792, -0.135084912807684
1994-08, 27.645303456, 0.088170482832331
1994-09, 45.753934752, 0.923604344968312
1994-10, 42.294382848, 0.763999416181837
1994-11, 5.729829408, -0.922890420953685
1994-12, 7.204277376, -0.854867402521758
1995-01, 37.962002592, 0.564126929390898
1995-02, 46.001922624, 0.935045158041446
1995-03, 2.09039184, -1.09079429694174
1995-04, 27.666336672, 0.0891408411431715
1995-05, 31.991666688, 0.288688068165114
1995-06, 13.30060176, -0.573616117335788
1995-07, 11.59698816, -0.652211592950213
1995-08, 66.14028, 1.86411955381992
1995-09, 15.5466425952, -0.469995996146356
1995-10, 23.61504565728, -0.0977637152388421
1995-11, 1.783099872, -1.1049710787997
1995-12, 4.589728704, -0.975488473164129
1996-01, 1.316978784, -1.12647537332122
1996-02, 28.254021696, 0.116253435203676
1996-03, 4.193119008, -0.993785889720566
1996-04, 12.032756928, -0.63210758956654
1996-05, 25.689321504, -0.0020678974028771
1996-06, 22.378513248, -0.154810602408569
1996-07, 42.894090432, 0.791666665841066
1996-08, 3.46134781439999, -1.02754583681299
1996-09, 9.58519033919999, -0.745025014119098
1996-10, 20.8668481344, -0.224550617734301
1996-11, 64.130963328, 1.77142059937635
1996-12, 50.58118656, 1.14630751648582
1997-01, 17.9393818176, -0.359608008397363
1997-02, 48.792495744, 1.0637870403575
1997-03, 43.794334368, 0.833199029939898
1997-04, 23.51394510336, -0.102427945508091
1997-05, 22.446184793472, -0.15168860496623
1997-06, 38.628365184, 0.59486927897645
1997-07, 25.839025056, 0.00483861113321874
1997-08, 34.839830592, 0.420086876358895
1997-09, 9.333820512, -0.756621852230686
1997-10, 68.1195403584, 1.95543187325269
1997-11, 19.7265024, -0.277159974316128
1997-12, 67.149714528, 1.91068937859109
1998-01, 3.2121669744, -1.03904168694814
1998-02, 12.07672416, -0.63007918036008
1998-03, 12.0945077424, -0.629258742487985
1998-04, 3.859152768, -1.00919327756483
1998-05, 34.717655808, 0.414450395611988
1998-06, 36.86464656, 0.513500884110795
1998-07, 37.860912864, 0.55946319857078
1998-08, 15.9536231424, -0.45122012486134
1998-09, 29.3771536992, 0.168068643751721
1998-10, 17.7003944064, -0.370633589109518
1998-11, 46.349532288, 0.95108197934309
1998-12, 59.1705860544, 1.54257574215898
1999-01, 16.089581664, -0.444947737349884
1999-02, 10.554893568, -0.700288175629208
1999-03, 16.9816855104, -0.40379091275934
1999-04, 25.876472544, 0.00656623477388779
1999-05, 18.323778528, -0.341874032642234
1999-06, 68.750845632, 1.98455686863691
1999-07, 26.276052672, 0.025000690924175
1999-08, 17.1224959104, -0.39729468593921
1999-09, 10.7898655392, -0.689447845502398
1999-10, 23.8689465984, -0.0860501052827602
1999-11, 4.811501952, -0.965257060415888
1999-12, 8.596474272, -0.790639001674261
2000-01, 11.7297960624, -0.646084557891041
2000-02, 8.16531592896, -0.810530305099144
2000-03, 23.982089472, -0.0808303078105079
2000-04, 13.34919393216, -0.571374338518072
2000-05, 30.46925771712, 0.218452389636849
2000-06, 9.1988281152, -0.762849667992915
2000-07, 32.674317408, 0.320181863481687
2000-08, 2.000542752, -1.09493944570369
2000-09, 65.928676032, 1.85435729640024
2000-10, 23.2313577984, -0.115464988436094
2000-11, 3.40021584, -1.03036613397616
2000-12, 22.499280576, -0.149239054034664
2001-01, 20.20625568, -0.255026764520678
2001-02, 20.98790784, -0.218965580646446
2001-03, 9.742972032, -0.737745824055773
2001-04, 6.5076375456, -0.887006579388062
2001-05, 44.660020032, 0.873137063126925
2001-06, 20.6837097696, -0.232999626878572
2001-07, 14.874750144, -0.500993463391162
2001-08, 27.205845408, 0.0678962761136554
2001-09, 114.15324384, 4.07917684654345
2001-10, 31.8242179584, 0.280962893545738
2001-11, 12.21051024, -0.623907017500973
2001-12, 26.296638336, 0.0259504016173268
2002-01, 14.69288592, -0.509383690601445
2002-02, 1.2843257184, -1.1279818083609
2002-03, 12.150442368, -0.626678222760773
2002-04, 11.399770656, -0.661310137083912
2002-05, 39.804413472, 0.649125757406119
2002-06, 19.6166722752, -0.282226939557217
2002-07, 10.195492896, -0.71686896997834
2002-08, 68.1117704064, 1.95507340988228
2002-09, 12.8368479456, -0.595011198715023
2002-10, 35.097728544, 0.431984886680852
2002-11, 18.050954112, -0.354460668916297
2002-12, 48.18651552, 1.0358304051685
2003-01, 21.039879168, -0.216567905937537
2003-02, 19.157436144, -0.303413599578593
2003-03, 30.945648672, 0.240430480019083
2003-04, 10.375342272, -0.708571696907922
2003-05, 64.23916032, 1.77641222074301
2003-06, 64.4799656736, 1.78752167144045
2003-07, 19.656568512, -0.280386343951194
2003-08, 68.1220999584, 1.95554995929015
2003-09, 11.6218900224, -0.651062756313189
2003-10, 24.3625083264, -0.0632798487191606
2003-11, 32.24226105792, 0.300249130890934
2003-12, 23.095584, -0.12172885382272
2004-01, 7.40363137056, -0.84567029232137
2004-02, 54.259551648, 1.31600729674987
2004-03, 21.0386185056, -0.216626066051379
2004-04, 40.866995232, 0.698147506707964
2004-05, 18.007689312, -0.356456671726655
2004-06, 61.5953192832, 1.65443975953689
2004-07, 16.949155392, -0.405291675683187
2004-08, 43.39363104, 0.81471275544406
2004-09, 28.182062592, 0.112933633105555
2004-10, 9.5919427584, -0.744713494183725
2004-11, 9.47245536, -0.750225993559862
2004-12, 9.2255167296, -0.761618400326198
2005-01, 26.80023888, 0.0491837946093545
2005-02, 49.3597021536, 1.08995486241179
2005-03, 16.6647614112, -0.418412068818611
2005-04, 32.776757568, 0.324907895897264
2005-05, 8.85307732992, -0.778800730729877
2005-06, 61.276595904, 1.63973559447407
2005-07, 10.404684576, -0.707218002420802
2005-08, 14.8441659264, -0.502404453024355
2005-09, 33.36771456, 0.352171440784385
2005-10, 36.271841472, 0.48615207811511
2005-11, 4.660643232, -0.97221686212737
2005-12, 18.9690207264, -0.312106063268342
2006-01, 21.500693568, -0.195308433168609
2006-02, 0.0273045600000001, -1.18597393509776
2006-03, 7.1673954624, -0.856568933632429
2006-04, 15.1969723776, -0.486127880195927
2006-05, 9.749368656, -0.73745071857786
2006-06, 48.0425904, 1.02919048209013
2006-07, 15.445164672, -0.474677636183902
2006-08, 13.84931088, -0.548301659726168
2006-09, 31.584161088, 0.269887973796566
2006-10, 7.5805282944, -0.837509229352671
2006-11, 9.146711808, -0.765254031254426
2006-12, 8.3577103776, -0.801654270535652
2007-01, 38.884869936, 0.606703014619791
2007-02, 8.4851036352, -0.795777037769288
2007-03, 15.645172896, -0.465450343391642
2007-04, 14.99229216, -0.495570713389519
2007-05, 53.491960224, 1.28059479884141
2007-06, 14.3566929792, -0.52489380632275
2007-07, 19.831922496, -0.272296463843777
2007-08, 12.8873450304, -0.592681537577663
2007-09, 58.5209243232, 1.51260387955342
2007-10, 6.2423953344, -0.89924341392747
2007-11, 22.59773856, -0.144696737584198
2007-12, 34.6532013216, 0.411476815796652
2008-01, 45.2648736, 0.901041720529309
2008-02, 40.319385984, 0.672883791216717
2008-03, 52.325190432, 1.22676637980625
2008-04, 28.048866624, 0.106788694807995
2008-05, 21.866242464, -0.178443993167985
2008-06, 6.2520736896, -0.898796907201937
2008-07, 33.541273152, 0.360178491259452
2008-08, 20.700350496, -0.232231914173075
2008-09, 49.4447439456, 1.09387822865478
2008-10, 20.10030336, -0.259914828916767
2008-11, 50.518163808, 1.14339998911695
2008-12, 3.097471968, -1.0443330913949
2009-01, 23.4954919296, -0.103279274687585
2009-02, 5.9681899008, -0.911893762850402
2009-03, 34.74373671936, 0.415653627162145
2009-04, 21.81426701472, -0.180841858010361
2009-05, 12.9260805696, -0.590894490252727
2009-06, 75.95761824, 2.31703820171078
2009-07, 10.452298752, -0.705021343032365
2009-08, 7.49195136, -0.841595687859245
2009-09, 9.4034889792, -0.753407727669276
2009-10, 29.3798669184, 0.168193816944439
2009-11, 2.399245056, -1.07654548758347
2009-12, 3.2607383328, -1.03680086836422
2010-01, 19.957521312, -0.266502016863471
2010-02, 0.910502121599998, -1.14522799809922
2010-03, 16.29042624, -0.435681859820321
2010-04, 12.2847800256, -0.620480613107974
2010-05, 13.53000769632, -0.563032573817561
2010-06, 47.726644608, 1.01461445980984
2010-07, 9.34991424, -0.755879375059472
2010-08, 5.64367080959999, -0.926865310576263
2010-09, 10.697614704, -0.693703797831243
2010-10, 32.79558833568, 0.325776645208724
2010-11, 41.756773536, 0.739197043407058
2010-12, 39.8696025312, 0.652133226419445
2011-01, 9.10386181439999, -0.767230897151169
2011-02, 1.61545128191999, -1.11270547389576
2011-03, 20.61217152, -0.236300013041218
2011-04, 10.119669984, -0.720367027185156
2011-05, 19.1311066944, -0.304628297332813
2011-06, 62.2500092352, 1.68464359693137
2011-07, 12.068482464, -0.630459407435627
2011-08, 6.697708128, -0.878237755387103
2011-09, 7.22776296959999, -0.853783904832447
2011-10, 7.07092035839999, -0.861019770772865
2011-11, 25.997004, 0.0121269012952277
2011-12, 24.065796384, -0.0769685256781894
2012-01, 15.46880976, -0.473586780289523
2012-02, 0.791981279999996, -1.150695905796
2012-03, 16.159902624, -0.441703510315736
2012-04, 33.949144224, 0.378995446520436
2012-05, 19.822720032, -0.272721015534903
2012-06, 21.553134048, -0.192889114335366
2012-07, 39.6049824, 0.639925091271419
2012-08, 6.9073979904, -0.8685638044003
2012-09, 80.204816736, 2.51298086489566
2012-10, 116.194824, 4.17336426303283
2012-11, 32.9302896768, 0.33199103324321
2012-12, 22.840784352, -0.133483925231488
2013-01, 16.94607392736, -0.405433837719795
2013-02, 0.0407731363199991, -1.18535256816237
2013-03, 18.408482496, -0.337966251763172
2013-04, 20.859280704, -0.224899737858411
2013-05, 52.6686544512, 1.2426119435805
2013-06, 25.07966928, -0.030193938721561
2013-07, 25.060516992, -0.0310775212337366
2013-08, 1.7313796224, -1.10735717011537
2013-09, 26.5590677088, 0.0380574670753692
2013-10, 76.003261632, 2.31914393983291
2013-11, 4.66462910591999, -0.972032975560322
2013-12, 37.202484384, 0.529086885806146
2014-01, 42.8862186144, 0.791303502945312
2014-02, 8.227278, -0.807671711786996
2014-03, 5.869703232, -0.916437402661692
2014-04, 40.375171008, 0.675457409138905
2014-05, 5.60931711552, -0.92845020337433
2014-06, 20.2106558592, -0.254823764158969
2014-07, 9.368782272, -0.755008906574748
2014-08, 38.949423264, 0.609681154449535
2014-09, 8.1698002272, -0.810323423941956
2014-10, 166.89220992, 6.51226620581519
2014-11, 121.91200704, 4.43712402651648
2014-12, 14.54431054464, -0.516238151196859
2015-01, 12.3294155184, -0.618421373978925
2015-02, 1.62757296, -1.11214624552735
2015-03, 13.34946116736, -0.571362009737857
2015-04, 13.34946116736, -0.571362009737857
2015-05, 43.50223584, 0.81972319085618
2015-06, 29.986414272, 0.196176616411914
2015-07, 36.248058144, 0.485054844578201
2015-08, 25.9367504544, 0.00934713006430558
2015-09, 34.19110224, 0.390158074798493
2015-10, 34.3105896384, 0.39567057417463
2015-11, 104.91300576, 3.65288246459667
2015-12, 20.019335328, -0.263650254006473
2016-01, 38.1799784304, 0.574183150291871
2016-02, 16.3257614208, -0.434051686557501
2016-03, 9.28709138304, -0.758777680357239
2016-04, 17.302965552, -0.388968797183968
2016-05, 9.259626647808, -0.760044754022408
2016-06, 42.1940809152, 0.759372029952083
2016-07, 26.052734592, 0.0146980080206691
2016-08, 13.030555104, -0.586074602855277
2016-09, 32.5675229472, 0.315254947284515
2016-10, 91.834344864, 3.0495041084243
2016-11, 5.88416486400001, -0.91577022153259
2016-12, 16.8026760288, -0.412049437665365
2017-01, 1.58313980736001, -1.11419614978074
2017-02, 7.52126515200001, -0.840243308760896
2017-03, 16.415534304, -0.429910053470994
2017-04, 14.152375296, -0.534319914148809
2017-05, 15.4271836224, -0.475507184119748
2017-06, 8.21472952320001, -0.808250630329518
2017-07, 4.39773321600001, -0.984346101851281
2017-08, 7.54030131840001, -0.839365083468445
2017-09, 16.3591960608, -0.432509193921379
2017-10, 19.8389706624, -0.271971299739418
2017-11, 5.46083985600001, -0.935300137437958
2017-12, 19.193544, -0.30174777928006
2018-01, 32.98663813248, 0.334590644841936
2018-02, 13.5662102208, -0.561362386029703
2018-03, 20.217060864, -0.254528272036478
2018-04, 35.731988997408, 0.461246218005645
2018-05, 47.98682713152, 1.02661786784944
2018-06, 9.68875672320001, -0.740247023847039
2018-07, 7.60505846400001, -0.836377540601997
2018-08, 22.676612256, -0.141057933778812
2018-09, 29.711721024, 0.183503762382907
2018-10, 0.214588828800006, -1.17733365646801
2018-11, 7.45609536000001, -0.843249888890295
2018-12, 18.7703568, -0.321271337473031
2019-01, 16.6983230592, -0.416863716723415
2019-02, 4.29831368640001, -0.988932778791565
2019-03, 21.03569136, -0.216761108645911
2019-04, 26.494960896, 0.0350999270309946
2019-05, 28.76594738112, 0.139870904975722
2019-06, 28.125391104, 0.110319118550648
2019-07, 47.731247136, 1.0148267954458
2019-08, 11.4848743104, -0.657383916845888
2019-09, 9.35207536320001, -0.755779672576605
2019-10, 36.0188771328, 0.474481677882973
2019-11, 50.296435488, 1.13317064910253
2019-12, 19.7740095264, -0.274968253614624
2020-01, 0.0912717849600065, -1.18302283487793
2020-02, 4.07492985600001, -0.999238495061299
2020-03, 27.343726848, 0.0742573766326944
2020-04, 60.56904384, 1.60709298643663
2020-05, 39.419216825472, 0.63135487694417
2020-06, 21.013032096, -0.217806483977003
2020-07, 10.385082144, -0.708122352131463
2020-08, 2.4446824704, -1.07444925214871
2020-09, 6.4683345312, -0.888819806935581
2020-10, 20.4753671424, -0.2426114237529
2020-11, 7.479458784, -0.842172027442569
2020-12, 14.934046464, -0.498257853348729
2021-01, 26.9115278688, 0.0543180639092618
2021-02, 36.9973960128, 0.519625222622986
2021-03, 56.1156544224, 1.40163779438339
2021-04, 53.47861488, 1.27997911717573
2021-05, 8.833308768, -0.779712744772448
2021-06, 32.8527289152, 0.328412801097746
2021-07, 23.3301514464, -0.110907186272362
2021-08, 23.5050066432, -0.102840317496396
2021-09, 12.3528942432, -0.617338193178727
2021-10, 34.4754261504, 0.403275235266361
2021-11, 43.571300544, 0.822909461063843
2021-12, 42.581473632, 0.77724422516493
2022-01, 46.605286656, 0.962881096345576
2022-02, 20.0571973632, -0.261903505410269
2022-03, 58.3146609984, 1.50308801039479
2022-04, 30.145760064, 0.203527965514432
2022-05, 39.99443472, 0.657892305385899
2022-06, 6.9061695552, -0.868620477726227
2022-07, 8.489895552, -0.795555964763061
2022-08, 7.2830980224, -0.851231046136692
2022-09, 10.6356398112, -0.696562982669735
2022-10, 62.6679785664, 1.70392643100707
2022-11, 45.8284576032, 0.927042424433167
2022-12, 45.3589095456, 0.90538002815334
2023-01, 6.55295198688, -0.884916017264935
2023-02, 31.031481888, 0.244390358265556
2023-03, 11.7428774112, -0.645481055529582
2023-04, 34.6175388576, 0.409831543465143
2023-05, 6.03056718432, -0.909016013890315
2023-06, 19.3803138432, -0.29313123345257
2023-07, 46.77122304, 0.970536499555681
2023-08, 34.810599744, 0.418738323846065
2023-09, 34.582588416, 0.408219119978687
2023-10, 14.494901184, -0.518517630651182
2023-11, 5.87960207999999, -0.915980723596326
2023-12, 33.96028149504, 0.379509259696403
2024-01, 13.6359743328, -0.558143848936869
2024-02, 35.55291744, 0.452984829259102
2024-03, 10.216944288, -0.715879319298848
2024-04, 62.342453952, 1.68890849390386
2024-05, 54.8093912256, 1.34137390753128
2024-06, 58.0546300032, 1.49109159304861
2024-07, 30.894360768, 0.238064334780428
2024-08, 18.5872515264, -0.329718819969122
2024-09, 12.5919405792, -0.606309893996444
2024-10, 96.12292896, 3.24735607834141
2024-11, 0.472614030719992, -1.1654297755261
2024-12, 39.275105472, 0.624706362065227
2025-01, 40.045887648, 0.660266063935323
2025-02, 32.780772576, 0.325093126552475
2025-03, 16.7703940512, -0.413538752720872
2025-04, 19.64932579872, -0.280720483391605
2025-05, 5.30274136031999, -0.942593943064947
2025-06, 9.61713371519999, -0.743551320301762
2025-07, 57.2520630816, 1.45406551570598
2025-08, 22.8956264064, -0.130953810803404
2025-09, 68.042376864, 1.95187196885745
2025-10, 24.72861312, -0.046389762623515
2025-11, 5.22296985599999, -0.946274166868343
2025-12, 7.67763619199999, -0.833029198553557
2026-01, 15.12124220736, -0.489621658801811
2026-02, 25.46261568, -0.0125268724086179
2026-03, 5.20263319679999, -0.947212389832889
2026-04, 5.26165459199999, -0.944489463327036
2026-05, 42.515859353472, 0.774217138842065
2026-06, 25.767557568, 0.00154148952634251
2026-07, 53.89499376, 1.29918857647413
2026-08, 69.178874688, 2.00430380375947
2026-09, 60.4827832032, 1.60311338931666
2026-10, 48.19532832, 1.03623697987975
2026-11, 19.87851609792, -0.270146888198519
2026-12, 38.61781056, 0.594382345969334
2027-01, 14.467337856, -0.519789252851003
2027-02, 13.0110771744, -0.586973208701636
2027-03, 9.36783100799998, -0.755052792727404
2027-04, 43.423261468128, 0.816079742413041
2027-05, 34.580604672, 0.408127600808391
2027-06, 31.2756999552, 0.255657253026915
2027-07, 51.0578163072, 1.16829662344831
2027-08, 59.839072704, 1.573416084222
2027-09, 47.63747808, 1.01050080065788
2027-10, 163.38297024, 6.35036895300234
2027-11, 30.895333632, 0.238109217439729
2027-12, 36.367069824, 0.490545396891984
2028-01, 2.13911904671999, -1.08854628836308
2028-02, 0.0752316249599878, -1.18376284071266
2028-03, 6.08921107199999, -0.906310503530402
2028-04, 11.5917587136, -0.652452851195045
2028-05, 54.3731579712, 1.3212484752687
2028-06, 58.684169952, 1.52013514593772
2028-07, 21.936909888, -0.175183782167247
2028-08, 8.37617811839999, -0.800802269312076
2028-09, 38.38388256, 0.583590179001701
2028-10, 40.596215904, 0.685655219683069
2028-11, 10.38654792, -0.708054729190519
2028-12, 5.95719619199999, -0.912400952844602
2029-01, 5.99258856959999, -0.910768140832185
2029-02, 10.85450112, -0.686465910975349
2029-03, 20.78372652192, -0.228385397326753
2029-04, 3.84275085119999, -1.00994997289286
2029-05, 8.18035208639999, -0.809836618487691
2029-06, 43.1181792, 0.802004904101673
2029-07, 102.35269728, 3.53476374172123
2029-08, 33.94632672, 0.378865462193635
2029-09, 6.66570297599999, -0.879714299213446
2029-10, 56.28502944, 1.40945183746538
2029-11, 21.770055936, -0.18288151697964
2029-12, 2.97429518591999, -1.05001579888927
2030-01, 0.262449590399987, -1.17512562095971
2030-02, 7.76107267199999, -0.829179892684437
2030-03, 3.23507692799999, -1.03798474616092
2030-04, 19.611469852128, -0.282466951092516
2030-05, 23.260566528, -0.114117456346068
2030-06, 21.99973824, -0.172285223358189
2030-07, 21.12767712, -0.212517385446616
2030-08, 28.142247744, 0.11109679233657
2030-09, 13.5572152032, -0.561777367271008
2030-10, 29.2971441888, 0.164377439640903
2030-11, 3.98410341119999, -1.00342873375593
2030-12, 15.581066256, -0.468407875463963
2031-01, 11.954755008, -0.635706174363725
2031-02, 4.71982895999999, -0.969486354198961
2031-03, 16.670428128, -0.418150637293253
2031-04, 47.359652832, 0.997683453165312
2031-05, 11.572239744, -0.65335335040403
2031-06, 48.075039648, 1.0306875140931
2031-07, 34.853147424, 0.420701242635801
2031-08, 18.25949952, -0.344839516837584
2031-09, 18.6285582432, -0.327813152479166
2031-10, 2.90412691199999, -1.05325298181725
2031-11, 60.683769216, 1.61238579197174
2031-12, 18.553281984, -0.331285990095805
2032-01, 17.697841632, -0.370751360250875
2032-02, 5.32111196159999, -0.941746423331057
2032-03, 16.1715754368, -0.441164990152611
2032-04, 15.3356757408, -0.479728860606024
2032-05, 9.30113279999999, -0.758129885667017
2032-06, 28.199784096, 0.113751207017552
2032-07, 12.0907492992, -0.629432136637265
2032-08, 2.17380032639999, -1.08694628254523
2032-09, 48.900738528, 1.06878077431825
2032-10, 49.3277999904, 1.08848306992913
2032-11, 12.987908928, -0.588042065715316
2032-12, 1.96604521919999, -1.09653097443881
2033-01, 25.836635232, 0.00472835763799254
2033-02, 27.582424992, 0.0852696121278563
2033-03, 24.5396265984, -0.0551085739489632
2033-04, 17.242434144, -0.391761387476374
2033-05, 27.320907744, 0.0732046271524279
2033-06, 55.968350112, 1.39484197381941
2033-07, 31.084666272, 0.24684399678766
2033-08, 32.1749457984, 0.297143570546685
2033-09, 15.8769883296, -0.454755638759937
2033-10, 30.959521056, 0.241070476446903
2033-11, 19.3674881952, -0.293722939168363
2033-12, 21.90151008, -0.17681693697795
2034-01, 1.94123208959999, -1.09767571742654
2034-02, 6.46098189119999, -0.889159017797611
2034-03, 22.90208256, -0.130655958953177
2034-04, 24.8350405536, -0.0414797790672587
2034-05, 22.15973376, -0.164903899335783
2034-06, 21.037969728, -0.216655997124974
2034-07, 55.804177152, 1.38726792541182
2034-08, 16.8233739264, -0.411094549123685
2034-09, 13.988935872, -0.541860121190727
2034-10, 7.693396416, -0.832302107444945
2034-11, 85.695173856, 2.76627611279662
2034-12, 15.190223328, -0.486439244676263
2035-01, 19.339021728, -0.295036227304034
2035-02, 2.5376537088, -1.07016006433023
2035-03, 5.995245888, -0.910645546598664
2035-04, 25.718081472, -0.000741068734911628
2035-05, 32.2526595744, 0.300728861945223
2035-06, 31.702191264, 0.27533324484839
2035-07, 19.09948896, -0.306086967815966
2035-08, 27.6823073664, 0.089877642212534
2035-09, 15.1059317472, -0.490328000250454
2035-10, 5.84834688, -0.917422668711945
2035-11, 36.18253584, 0.482032001460353
2035-12, 1.6912355904, -1.10920919764562
2036-01, 0.336654489599998, -1.17170221007267
2036-02, 10.77625924992, -0.690075565765555
2036-03, 2.52220176, -1.070872933296
2036-04, 24.913173888, -0.0378751315236437
2036-05, 21.436672464, -0.198262019074615
2036-06, 6.8439979296, -0.871488738747243
2036-07, 19.524743712, -0.286468024006916
2036-08, 1.7594164224, -1.10606370448988
2036-09, 1.6685441856, -1.1102560557786
2036-10, 63.4574227104, 1.74034709468849
2036-11, 44.585474976, 0.869697959253239
2036-12, 4.492617696, -0.979968647460199
2037-01, 68.5286784, 1.97430727960746
2037-02, 28.413853056, 0.123627185775578
2037-03, 41.99860368, 0.750353772365775
2037-04, 56.723585472, 1.42968443006655
2037-05, 49.41401028192, 1.09246034439141
2037-06, 104.81203008, 3.64822399533164
2037-07, 26.760436992, 0.0473475517443573
2037-08, 34.183087776, 0.389788330972854
2037-09, 9.9168462432, -0.729724212625606
2037-10, 52.2115075584, 1.22152166966787
2037-11, 25.4367412128, -0.0137205797468627
2037-12, 0.580442025600001, -1.16045517768176
2038-01, 9.77662747584, -0.736193144730121
2038-02, 2.4468300288, -1.07435017547201
2038-03, 12.17093472, -0.625732816976328
2038-04, 19.280974752, -0.297714199402107
2038-05, 9.31170485952, -0.757642148279737
2038-06, 67.538097216, 1.9286072456965
2038-07, 31.295235168, 0.256558501608897
2038-08, 7.1524966464, -0.857256284056029
2038-09, 15.8025300192, -0.458190740662935
2038-10, 40.5417050208, 0.683140383694869
2038-11, 28.9631169504, 0.148967237661874
2038-12, 20.3523068448, -0.248288757286235
2039-01, 9.6543084384, -0.741836280547008
2039-02, 19.563328224, -0.284687944256443
2039-03, 10.649289888, -0.695933242288308
2039-04, 52.041534912, 1.21368005524002
2039-05, 38.344694112, 0.581782236925428
2039-06, 70.800512832, 2.07911737721426
2039-07, 39.926034432, 0.654736687722643
2039-08, 20.97741456, -0.21944968357469
2039-09, 27.34876224, 0.074489682261826
2039-10, 29.528989344, 0.175073515465752
2039-11, 56.4660504, 1.41780316105624
2039-12, 14.45455152, -0.520379144924701
2040-01, 4.76695993536, -0.967311987062779
2040-02, 15.3776140416, -0.477794055261762
2040-03, 43.726791168, 0.830082953660324
2040-04, 33.043675228128, 0.337222026547342
2040-05, 46.6638794208, 0.965584248173561
2040-06, 46.5610098528, 0.960838405205877
2040-07, 97.290199872, 3.30120761633073
2040-08, 13.1762960064, -0.579350909442285
2040-09, 1.38499657920001, -1.12333740179764
2040-10, 3.45819162240001, -1.02769144636398
2040-11, 39.06588096, 0.615053879817588
2040-12, 5.19991660800001, -0.947337718480643
2041-01, 3.48912092160001, -1.02626453654063
2041-02, 6.55772253696001, -0.884695930003081
2041-03, 6.86944108800001, -0.87031492965369
2041-04, 18.43418304, -0.336780568296435
2041-05, 16.385252832, -0.431307076067048
2041-06, 13.4232064704, -0.567959802120614
2041-07, 33.644019168, 0.364918634209125
2041-08, 26.254291104, 0.023996730409258
2041-09, 10.2501558432, -0.714347118583358
2041-10, 2.71954333440001, -1.06176866522813
2041-11, 28.13397408, 0.110715090431189
2041-12, 38.6504722656, 0.595889179611664
2042-01, 26.34385052736, 0.0281285156184938
2042-02, 15.303877344, -0.481195865870758
2042-03, 8.42389751232001, -0.798600755740468
2042-04, 35.945157024, 0.471080632591081
2042-05, 13.296439008, -0.573808164096453
2042-06, 10.3126186368, -0.711465424652764
2042-07, 112.30692768, 3.99399785012677
2042-08, 87.4325556864, 2.8464294710958
2042-09, 43.268884128, 0.808957610685841
2042-10, 79.0779172608, 2.46099184565856
2042-11, 95.45430528, 3.21650941444024
2042-12, 9.28113120000001, -0.759052650820481
2043-01, 18.942738624, -0.313318576679996
2043-02, 15.351920928, -0.478979395930214
2043-03, 37.593207648, 0.547112734371631
2043-04, 19.268333136, -0.298297414881284
2043-05, 32.73939317952, 0.32318410601696
2043-06, 16.700400288, -0.416767884672359
2043-07, 21.2198912352, -0.208263127179068
2043-08, 49.8942353664, 1.11461532068221
2043-09, 3.80955337920001, -1.01148152388601
2043-10, 20.13732576, -0.258206816526875
2043-11, 11.760769728, -0.644655601243035
2043-12, 14.276024496, -0.5286154118583
2044-01, 3.23925782400002, -1.03779186233467
2044-02, 8.21089353600002, -0.808427601937654
2044-03, 44.6765328, 0.873898872527055
2044-04, 4.68886838400002, -0.970914706963939
2044-05, 33.414948576, 0.354350561655866
2044-06, 19.9114742592, -0.268626377701785
2044-07, 20.106007488, -0.2596516714419
2044-08, 31.879681056, 0.283521659532885
2044-09, 8.63272192320002, -0.78896673198472
2044-10, 89.523747072, 2.94290567999201
2044-11, 7.58263991040002, -0.837411810863034
2044-12, 5.24977666560001, -0.945037446317263
2045-01, 35.9119008, 0.469546371099848
2045-02, 31.655777184, 0.273191951369161
2045-03, 2.54217537504001, -1.06995145921655
2045-04, 22.5843831072, -0.145312885614985
2045-05, 2.26623631680001, -1.08268178816143
2045-06, 12.1300784928, -0.627617701323692
2045-07, 16.216060032, -0.439112712618985
2045-08, 5.39247853440001, -0.938453957403226
2045-09, 24.199874496, -0.0707828900492391
2045-10, 11.959646976, -0.635480485538718
2045-11, 50.273689824, 1.13212128774486
2045-12, 51.595962336, 1.19312375742021
2046-01, 31.818081312, 0.280679782021807
2046-02, 23.087568672, -0.122098637508625
2046-03, 77.41795104, 2.38441002298019
2046-04, 33.48240624, 0.357462691769126
2046-05, 20.9504448, -0.2206939217719
2046-06, 52.143736608, 1.21839508622223
2046-07, 18.340394112, -0.341107479870472
2046-08, 5.87048947200001, -0.916401129819806
2046-09, 15.1970094432, -0.486126170190523
2046-10, 48.8467477728, 1.06628993421006
2046-11, 9.48876336000001, -0.749473631042727
2046-12, 2.66230722240001, -1.06440922846675
2047-01, 35.295175008, 0.441093993784991
2047-02, 11.3982814656, -0.661378840238059
2047-03, 25.9762248864, 0.0111682658885614
2047-04, 42.192791136, 0.759312526547284
2047-05, 7.13025545472001, -0.858282371801702
2047-06, 6.74729809920001, -0.875949943542815
2047-07, 21.144670272, -0.211733413738696
2047-08, 12.1735243872, -0.625613343801621
2047-09, 1.68157926720001, -1.10965468793438
2047-10, 14.8888721376, -0.50034195133255
2047-11, 17.379000576, -0.385460954281896
2047-12, 12.374146656, -0.616357722318451
2048-01, 23.46705648, -0.104591131839713
2048-02, 13.14264096, -0.580903570432215
2048-03, 13.4956498464, -0.564617658343508
2048-04, 5.26031340480001, -0.94455133841765
2048-05, 4.71820602240001, -0.969561227722254
2048-06, 3.18741004800001, -1.04018383702557
2048-07, 25.51404528, -0.0101541900863708
2048-08, 5.27805711360001, -0.943732740096822
2048-09, 15.3502484832, -0.47905655344674
2048-10, 20.844100224, -0.225600082728665
2048-11, 27.601298208, 0.0861403197741757
2048-12, 5.99176773504001, -0.910806009679112
2049-01, 38.5808571504, 0.592677516421668
2049-02, 36.559435968, 0.499420125633169
2049-03, 51.231921984, 1.17632891344369
2049-04, 34.694793504, 0.413395653118431
2049-05, 15.817633344, -0.457493955314418
2049-06, 34.418309184, 0.400640168758403
2049-07, 13.631274432, -0.558360676824787
2049-08, 2.71300199040001, -1.06207044730057
2049-09, 86.100197184, 2.7849616886215
2049-10, 49.679626752, 1.10471444520216
2049-11, 47.55975264, 1.00691497114575
2049-12, 81.92055744, 2.59213581920098
2050-01, 26.869152384, 0.052363089270501
2050-02, 5.94832809600001, -0.912810078612858
2050-03, 22.7616597504, -0.137134304458065
2050-04, 47.82007584, 1.01892486923383
2050-05, 20.0100865536, -0.264076942207845
2050-06, 17.265366432, -0.390703416301287
2050-07, 20.7686757024, -0.229079760366918
2050-08, 24.78525696, -0.0437765235971139
2050-09, 6.88160041920001, -0.869753964174888
2050-10, 30.091360032, 0.201018243598336
2050-11, 34.636124448, 0.410688981628975
2050-12, 25.83441216, 0.00462579717406745
2051-01, 14.613247584, -0.513057770742072
2051-02, 23.6635206624, -0.0955273418717722
2051-03, 41.31053568, 0.718610053182584
2051-04, 33.445488816, 0.35575952240153
2051-05, 49.308494688, 1.08759242816388
2051-06, 15.2886146112, -0.481900005438317
2051-07, 11.166230592, -0.672084406792198
2051-08, 28.484466912, 0.126884925439836
2051-09, 50.842944864, 1.15838362247541
2051-10, 84.39521328, 2.70630299462551
2051-11, 76.58060544, 2.34577944637195
2051-12, 25.6397215968, -0.0043561676402215
2052-01, 29.9660084064, 0.195235200640077
2052-02, 18.8047665504, -0.319683858540918
2052-03, 22.748272416, -0.13775192333266
2052-04, 33.956965745568, 0.379356289030537
2052-05, 2.83876507699201, -1.05626842176765
2052-06, 17.7048925632, -0.370426068593666
2052-07, 87.587378784, 2.85357216765092
2052-08, 8.21316205440001, -0.808322944823748
2052-09, 12.9120111072, -0.591543578807178
2052-10, 59.6699971488, 1.56561585670813
2052-11, 17.96560128, -0.358398384854981
2052-12, 7.97942448000001, -0.819106326588797
2053-01, 16.4952299232, -0.426233330594745
2053-02, 0.570004387200008, -1.16093671360889
2053-03, 1.41497971200001, -1.12195414295137
2053-04, 21.4637354496, -0.197013479954724
2053-05, 22.397300064, -0.153943880788831
2053-06, 17.0311436352, -0.401509183591614
2053-07, 83.65816512, 2.67229959697363
2053-08, 11.2587067584, -0.66781805890603
2053-09, 56.7834721632, 1.43244727662861
2053-10, 25.0891521984, -0.029756448388154
2053-11, 23.9863896, -0.0806319232675793
2053-12, 21.3671815488, -0.201467952351402
2054-01, 21.07540093824, -0.214929124451713
2054-02, 1.18829227392001, -1.13241226973066
2054-03, 5.88986121600001, -0.915507422800115
2054-04, 43.24612590144, 0.807907669759903
2054-05, 11.610823392, -0.651573310513823
2054-06, 23.545020384, -0.100994300894223
2054-07, 27.739831968, 0.0925315147939001
2054-08, 9.33359984640001, -0.756632032542573
2054-09, 4.93741120320001, -0.959448291642076
2054-10, 64.6956146304, 1.79747054266657
2054-11, 23.1422072544, -0.119577910173139
2054-12, 34.906972896, 0.423184457475135
2055-01, 16.3130925024, -0.434636161621076
2055-02, 6.29786275200001, -0.896684448638993
2055-03, 11.473055136, -0.657929189338041
2055-04, 11.499700067424, -0.656699936966503
2055-05, 16.014377376, -0.448417254606382
2055-06, 86.31665856, 2.79494804045555
2055-07, 25.646818752, -0.00402874345879127
2055-08, 23.0599246464, -0.123373982657272
2055-09, 41.253794208, 0.715992309946147
2055-10, 7.13188558080001, -0.858207166640996
2055-11, 18.44112096, -0.336460490361993
2055-12, 6.34175913600001, -0.89465930797433
2056-01, 29.3041233216, 0.164699418910024
2056-02, 2.67614668800001, -1.06377075071505
2056-03, 12.83811607296, -0.594952694208486
2056-04, 83.953603008, 2.6859294959847
2056-05, 0.776840198400021, -1.15139443303813
2056-06, 6.32482110720002, -0.895440736597291
2056-07, 28.01729952, 0.105332360136418
2056-08, 12.4373971584, -0.613439687783519
2056-09, 2.55194452800002, -1.06950076357568
2056-10, 64.51149312, 1.78897617652583
2056-11, 37.9140912, 0.561916558071023
2056-12, 23.82610667904, -0.0880265064088036
2057-01, 6.79977936000002, -0.873528743305026
2057-02, 1.86420960000002, -1.1012291166264
2057-03, 4.97919934080002, -0.957520414012012
2057-04, 14.491014048, -0.518696961987054
2057-05, 54.361507968, 1.3207110074166
2057-06, 23.7628960416, -0.0909427017910708
2057-07, 36.100907712, 0.47826612312757
2057-08, 6.68248928640002, -0.878939870053159
2057-09, 35.0151393888, 0.42817467177441
2057-10, 40.8602965536, 0.697838466081124
2057-11, 33.70548672, 0.367754413099534
2057-12, 29.64183552, 0.180279624922726
2058-01, 16.9536306528, -0.405085211464379
2058-02, 10.347537024, -0.709854479982169
2058-03, 62.27532288, 1.68581143097107
2058-04, 11.952829152, -0.635795022896212
2058-05, 12.459930624, -0.612400116107129
2058-06, 35.465118624, 0.448934268907915
2058-07, 69.53266368, 2.02062570568218
2058-08, 21.8564500608, -0.178895761448604
2058-09, 12.1735192032, -0.625613582963216
2058-10, 6.51779879040002, -0.886537794759967
2058-11, 56.9585651328, 1.44052511494973
2058-12, 25.10525232, -0.0290136762509732
2059-01, 6.60624422400002, -0.882457402985849
2059-02, 8.53692480000002, -0.793386290774575
2059-03, 10.644081696, -0.696173519970601
2059-04, 28.26754416, 0.116877288223844
2059-05, 31.513581792, 0.266631828542941
2059-06, 16.802074944, -0.412077168452288
2059-07, 27.968270112, 0.103070409632587
2059-08, 1.99875479040002, -1.09502193253776
2059-09, 1.87686115200002, -1.10064544275417
2059-10, 53.355627072, 1.2743051279187
2059-11, 11.034971712, -0.678139978373815
2059-12, 30.390334272, 0.214811290677357
2060-01, 35.0068336704, 0.427791491053167
2060-02, 4.71270605760002, -0.969814966216311
2060-03, 20.271633696, -0.25201057806722
2060-04, 9.23860512000002, -0.761014573103572
2060-05, 64.12139712, 1.77097926651332
2060-06, 26.8390288512, 0.0509733531310367
2060-07, 19.5638544, -0.284663669354565
2060-08, 7.08046963200002, -0.860579219171042
2060-09, 3.67730435520002, -1.01758277533225
2060-10, 91.132209216, 3.01711138439321
2060-11, 32.324920128, 0.304062571290085
2060-12, 9.40134816000002, -0.753506493435895
2061-01, 41.53254048, 0.728852148482061
2061-02, 20.1364704, -0.258246278190026
2061-03, 21.8261304, -0.180294545868407
2061-04, 11.535414336, -0.655052274653317
2061-05, 15.02937519552, -0.493859903606173
2061-06, 9.63291571200002, -0.74282322471445
2061-07, 105.61250016, 3.68515333579518
2061-08, 82.93456512, 2.63891662435907
2061-09, 83.3036238432, 2.65594298871749
2061-10, 12.7989958464, -0.59675748891817
2061-11, 11.005207776, -0.67951312467065
2061-12, 4.82442376320002, -0.964660918252509
2062-01, 20.57639328, -0.237950626648345
2062-02, 24.52343150592, -0.0558557275265615
2062-03, 8.43971184000002, -0.797871168582011
2062-04, 1.87006043520002, -1.1009591908784
2062-05, 12.472979184, -0.611798126442757
2062-06, 21.1372289856, -0.212076714263997
2062-07, 22.6324276416, -0.143096371828149
2062-08, 9.10375718400002, -0.767235724229357
2062-09, 78.244445664, 2.42253999451015
2062-10, 22.988230272, -0.12668157156995
2062-11, 33.65478960192, 0.365415523513434
2062-12, 73.877472576, 2.22107158239677
2063-01, 34.205497344, 0.390822186687128
2063-02, 23.100767136, -0.121489732088135
2063-03, 23.3422098624, -0.110350876472606
2063-04, 77.196524256, 2.37419459419854
2063-05, 46.072305792, 0.938292255014733
2063-06, 7.36377920640001, -0.847508854655235
2063-07, 29.8811849472, 0.191321907086254
2063-08, 50.767915968, 1.15492219685287
2063-09, 48.8521111392, 1.0665373707961
2063-10, 81.8453337984, 2.58866540907452
2063-11, 20.421631008, -0.24509051704075
2063-12, 7.27823923200001, -0.851455204327492
2064-01, 3.79111212000001, -1.01233230339244
2064-02, 34.7893488, 0.41775792074824
2064-03, 37.393110432, 0.537881335971993
2064-04, 4.51346596416, -0.979006821637858
2064-05, 2.78625110688, -1.05869113103538
2064-06, 58.553870544, 1.51412383918129
2064-07, 77.721367104, 2.39840799168574
2064-08, 36.365847264, 0.490488994615865
2064-09, 10.1735147232, -0.717882923461895
2064-10, 15.6043459584, -0.467333876475994
2064-11, 66.8678112, 1.89768389064391
2064-12, 32.371392096, 0.306206535407123
2065-01, 2.15510025600001, -1.08780900219428
2065-02, 33.899249088, 0.376693556030265
2065-03, 47.239531776, 0.992141720270232
2065-04, 31.037764067424, 0.24468018389252
2065-05, 25.15269847392, -0.026824768488428
2065-06, 19.8068308128, -0.2734540577812
2065-07, 15.8168875392, -0.457528362695864
2065-08, 14.889483936, -0.500313726278331
2065-09, 72.3873456, 2.15232521972122
2065-10, 63.7362964224, 1.75321281261361
2065-11, 48.921346656, 1.06973152137831
2065-12, 30.6780132672, 0.228083236529412
2066-01, 8.70348672, -0.785702028732026
2066-02, 16.2625706208, -0.436966966748065
2066-03, 8.5257296064, -0.793902776182763
2066-04, 32.1017233536, 0.293765484767899
2066-05, 32.343169536, 0.304904499824491
2066-06, 27.80333424, 0.0954611646102885
2066-07, 3.1043406816, -1.04401620626775
2066-08, 7.3974726144, -0.845954423869503
2066-09, 25.7412887712, 0.000329589962782616
2066-10, 22.25900379168, -0.160324119417292
2066-11, 20.846870208, -0.225472290716484
2066-12, 2.998310688, -1.04890785410173
2067-01, 1.80842956992, -1.10380250415625
2067-02, 15.261708096, -0.48314132586407
2067-03, 15.10382592, -0.490425151676309
2067-04, 9.5532880896, -0.746496810587782
2067-05, 21.6031040064, -0.190583771946176
2067-06, 9.2548204992, -0.760266483606933
2067-07, 71.80792992, 2.12559412826477
2067-08, 18.0347788224, -0.355206908896603
2067-09, 0.9370224288, -1.14400449521228
2067-10, 29.2142709504, 0.160554118679063
2067-11, 17.202653856, -0.393596633834726
2067-12, 11.84993838144, -0.640541844034819
2068-01, 12.50590690656, -0.610279020223187
2068-02, 14.6856302208, -0.509718429141651
2068-03, 42.4586448, 0.771577570196805
2068-04, 4.972780944, -0.957816523968624
2068-05, 36.5087620224, 0.497082305099398
2068-06, 34.775548992, 0.417121272582748
2068-07, 65.488570848, 1.83405323434248
2068-08, 33.921645696, 0.377726813840551
2068-09, 7.7580057312, -0.829321384669977
2068-10, 8.0592807168, -0.815422193689134
2068-11, 21.38563296, -0.20061670448685
2068-12, 4.00631387904, -1.00240406344131
2069-01, 24.4283724288, -0.0602412368801584
2069-02, 8.098966656, -0.813591300071808
2069-03, 23.624376192, -0.0973332550605157
2069-04, 22.85649792, -0.13275898657723
2069-05, 20.87554077792, -0.224149586390221
2069-06, 38.8942096896, 0.607133900107153
2069-07, 9.990490752, -0.726326655106973
2069-08, 10.2188801664, -0.715790008387278
2069-09, 13.6473552, -0.55761879755756
2069-10, 55.10887231392, 1.35519033783803
2069-11, 18.852543072, -0.317479709408536
2069-12, 53.616743424, 1.28635161773079
2070-01, 27.53339904, 0.0830078210650883
2070-02, 1.25562426912, -1.12930593729306
2070-03, 13.633160544, -0.558273661864527
2070-04, 5.044502016, -0.954507703373733
2070-05, 42.132050208, 0.75651027014042
2070-06, 22.6622714112, -0.141719542442753
2070-07, 27.357602688, 0.0748975325015779
2070-08, 4.503607776, -0.979461624879116
2070-09, 7.2577834272, -0.852398924022693
2070-10, 49.2951390624, 1.08697627216104
2070-11, 55.295489376, 1.36379983517472
2070-12, 14.7847290336, -0.505146548332035
2071-01, 5.4760507488, -0.934598389486348
2071-02, 15.579049248, -0.468500929254493
2071-03, 21.246659424, -0.207028188381871
2071-04, 36.291619296, 0.487064519459731
2071-05, 5.697608256, -0.924376929846479
2071-06, 10.901179584, -0.684312420254783
2071-07, 9.923417568, -0.729421047401947
2071-08, 7.88706288, -0.823367389003719
2071-09, 31.197312, 0.252040858662966
2071-10, 119.691165888, 4.33466648179769
2071-11, 12.4442233632, -0.613124763781446
2071-12, 8.649662976, -0.788185163850828
2072-01, 5.23779048, -0.945590423798798
2072-02, 6.9642909216, -0.865939073659267
2072-03, 6.7807781424, -0.874405356249726
2072-04, 47.17976112, 0.98938422694187
2072-05, 15.27120961632, -0.48270297733914
2072-06, 34.94570688, 0.424971433051593
2072-07, 11.1535331616, -0.672670197244545
2072-08, 11.7782688384, -0.643848287363457
2072-09, 22.5791172, -0.145555825963034
2072-10, 51.32469744, 1.18060906892594
2072-11, 10.8280355904, -0.687686886721433
2072-12, 21.3575196096, -0.201913701731884
2073-01, 8.39955023424, -0.799724006870076
2073-02, 13.061579616, -0.584643300430628
2073-03, 48.935926656, 1.07040416336383
2073-04, 79.413499008, 2.47647376422783
2073-05, 57.759077376, 1.47745640059424
2073-06, 38.517048288, 0.589733722189957
2073-07, 97.02926496, 3.28916949717446
2073-08, 25.173894528, -0.0258468977132906
2073-09, 52.508209824, 1.23520990019192
2073-10, 41.64952337568, 0.734249103709891
2073-11, 16.8944419008, -0.407815858903718
2073-12, 3.83589440639999, -1.01026629200423
2074-01, 6.17492591999999, -0.902356086140345
2074-02, 7.83594760319999, -0.825725570161265
2074-03, 5.90614547327999, -0.914756155643086
2074-04, 65.028674016, 1.81283609317584
2074-05, 48.26268576, 1.03934448620217
2074-06, 24.521795712, -0.0559311941706114
2074-07, 21.84921216, -0.179229678867335
2074-08, 22.0951485504, -0.167883510009336
2074-09, 0.701609644799985, -1.15486516204671
2074-10, 39.143916576, 0.61865401916514
2074-11, 5.36847609599999, -0.939561299503545
2074-12, 23.93610912, -0.082951591436301
2075-01, 15.3483914016, -0.479142229102068
2075-02, 21.069389952, -0.215206438698584
2075-03, 47.1066117696, 0.986009513341571
2075-04, 51.793846848, 1.20225307367912
2075-05, 24.6830238144, -0.0484930054930033
2075-06, 27.5665324032, 0.0845364144265228
2075-07, 10.498419072, -0.70289360204351
2075-08, 10.734347232, -0.69200915856053
2075-09, 32.442107904, 0.309468978582746
2075-10, 8.98268132159998, -0.772821506704185
2075-11, 21.90254688, -0.17676910465898
2075-12, 15.5013228576, -0.472086802612912
2076-01, 17.167603104, -0.395213685098043
2076-02, 30.817144224, 0.234501982964863
2076-03, 39.928041504, 0.654829283120116
2076-04, 46.815430464, 0.972575989916035
2076-05, 35.19536847552, 0.436489462634445
2076-06, 17.0379146304, -0.401196806660527
2076-07, 25.390793088, -0.0158403765847414
2076-08, 32.3236376064, 0.304003402711519
2076-09, 14.568826752, -0.515107106588081
2076-10, 64.02970944, 1.76674929510573
2076-11, 18.03732192, -0.355089584190223
2076-12, 20.8615114656, -0.22479682263812
2077-01, 39.439685376, 0.632299184658012
2077-02, 11.79834336, -0.642922158003557
2077-03, 21.8632944096, -0.178580000380949
2077-04, 26.006856192, 0.0125814279062413
2077-05, 21.6559082304, -0.188147671941028
2077-06, 18.81410112, -0.31925321221515
2077-07, 20.5848559872, -0.237560203316805
2077-08, 4.22569232639999, -0.992283133783429
2077-09, 21.023788896, -0.217310223667688
2077-10, 28.8863190144, 0.145424198145093
2077-11, 4.16142575999999, -0.995248043990952
2077-12, 18.139421664, -0.350379256719374
2078-01, 14.3724314304, -0.524167719692836
2078-02, 0.621028209599987, -1.15858275166048
2078-03, 1.75121827199999, -1.10644192260803
2078-04, 23.063842368, -0.12319324026799
2078-05, 7.35283267199999, -0.848013868278922
2078-06, 98.51718528, 3.35781405673113
2078-07, 12.433203648, -0.613633153569647
2078-08, 10.768712832, -0.690423716488
2078-09, 10.7626830624, -0.69070189729705
2078-10, 59.043710592, 1.53672239764991
2078-11, 23.3446180032, -0.110239777939745
2078-12, 37.711557504, 0.552572753721805
2079-01, 4.84548160319998, -0.963689423924095
2079-02, 99.93707424, 3.42332001895806
2079-03, 5.86408014719998, -0.916696821243628
2079-04, 25.550989056, -0.00844980498066805
2079-05, 2.14924594751998, -1.08807908818056
2079-06, 3.34152829439998, -1.0330736584753
2079-07, 3.46233830399998, -1.02750014100426
2079-08, 9.02236769279998, -0.770990593156726
2079-09, 18.6432721632, -0.327134332152448
2079-10, 57.707424, 1.47507339446315
2079-11, 47.960176032, 1.02538833091546
2079-12, 28.596945024, 0.132074054423575
2080-01, 0.317283263999981, -1.1725958931762
2080-02, 8.61950133215998, -0.789576658226619
2080-03, 4.18419907199998, -0.994197407104773
2080-04, 20.379676032, -0.247026091688141
2080-05, 2.29062226751998, -1.08155675288632
2080-06, 72.022639104, 2.13549964347976
2080-07, 61.290318816, 1.6403686950759
2080-08, 21.856488768, -0.178893975708696
2080-09, 75.63083616, 2.30196225197671
2080-10, 3.85513655039998, -1.00937856402441
2080-11, 5.52137039999999, -0.932507587005819
2080-12, 17.4363980832, -0.38281294514563
2081-01, 4.96375171199998, -0.958233083676456
2081-02, 1.67603668991999, -1.10991039233675
2081-03, 37.018850688, 0.520615024771487
2081-04, 34.439726448, 0.401628244957396
2081-05, 21.65591737152, -0.188147250219415
2081-06, 11.1819414816, -0.671359591704764
2081-07, 78.504983136, 2.43455977794415
2081-08, 96.791628672, 3.27820624994597
2081-09, 20.0798622432, -0.260857870987449
2081-10, 21.781393344, -0.182358470571702
2081-11, 17.46875376, -0.38132023000945
2081-12, 45.7177384224, 0.92193444297856
2082-01, 38.3433984576, 0.581722462470821
2082-02, 9.60361055999999, -0.744175205210142
2082-03, 63.36574272, 1.73611747803727
2082-04, 29.375622432, 0.167997999402629
2082-05, 22.42133497152, -0.152835040739724
2082-06, 17.0982091296, -0.398415146053005
2082-07, 43.541080416, 0.821515268546662
2082-08, 6.29395228799999, -0.896864856202043
2082-09, 14.254689312, -0.52959970133204
2082-10, 5.52916540799999, -0.932147967687695
2082-11, 1.78309987199999, -1.1049710787997
2082-12, 18.295635024, -0.343172421010545
2083-01, 22.5764604, -0.145678396280395
2083-02, 3.58256328191999, -1.02195361371641
2083-03, 32.89195592352, 0.330222522137682
2083-04, 32.31772128, 0.303730455555369
2083-05, 26.69265548352, 0.0442204812062678
2083-06, 20.5530919776, -0.23902562214296
2083-07, 9.67920019199999, -0.740687910275094
2083-08, 15.928464672, -0.452380799997309
2083-09, 41.2939739232, 0.717845983705382
2083-10, 17.7311251584, -0.369215839175243
2083-11, 27.618703488, 0.0869433048288867
2083-12, 15.9626802816, -0.450802277666923
2084-01, 19.77753691008, -0.27480551929623
2084-02, 47.030905152, 0.982516821326532
2084-03, 24.6907695744, -0.0481356582100306
2084-04, 16.250126723424, -0.437541060564153
2084-05, 41.9546957184, 0.74832809757355
2084-06, 24.6634551648, -0.049395796667272
2084-07, 34.410489984, 0.400279433352837
2084-08, 5.45219078399999, -0.935699158628834
2084-09, 6.4458209376, -0.889858461825858
2084-10, 37.18481904, 0.528271902811427
2084-11, 25.013054016, -0.033267205075657
2084-12, 16.8015236256, -0.4121026032879
2085-01, 2.5242491808, -1.07077847642412
2085-02, 6.47294112, -0.88860728395637
2085-03, 0.600669907199998, -1.15952197312468
2085-04, 7.200854208, -0.855025328894891
2085-05, 50.73069528, 1.15320503653197
2085-06, 37.992888, 0.565551814312752
2085-07, 9.5524783488, -0.746534167628897
2085-08, 8.6541969024, -0.787975993119972
2085-09, 1.402078032, -1.12254935637056
2085-10, 36.138175488, 0.479985455832951
2085-11, 0.194078159999994, -1.17827990729009
2085-12, 2.38227816959999, -1.07732824753931
2086-01, 0.0203755823999943, -1.18629360047845
2086-02, 8.11613062079999, -0.812799447989338
2086-03, 17.6861233728, -0.371291977063982
2086-04, 14.194112544, -0.532394384288401
2086-05, 20.0308149504, -0.263120646598782
2086-06, 9.67948271999999, -0.740674875968175
2086-07, 30.816014976, 0.234449885597451
2086-08, 14.0835262464, -0.537496235234126
2086-09, 45.042895584, 0.890800860898072
2086-10, 61.8325324704, 1.6653834871932
2086-11, 80.76960576, 2.53903716191224
2086-12, 17.426066112, -0.383289606162247
2087-01, 5.23323590399999, -0.945800547190007
2087-02, 7.753895424, -0.829511011912507
2087-03, 8.14828846752, -0.81131585965822
2087-04, 12.380782176, -0.616051595477042
2087-05, 17.9947592064, -0.357053196548584
2087-06, 34.4849458752, 0.403714423647091
2087-07, 21.061683072, -0.215561992269596
2087-08, 13.386030624, -0.569674893693713
2087-09, -5.70030134205979e-15, -1.18723361914797
2087-10, 73.87222464, 2.22082947114225
2087-11, 62.83761408, 1.7117524919592
2087-12, 5.008175136, -0.956183628249649
2088-01, 11.158035552, -0.672462481413391
2088-02, 2.00877117696, -1.09455983088183
2088-03, 6.551167248, -0.884998355420207
2088-04, 11.01137112, -0.679228781464505
2088-05, 36.6511271904, 0.50365026046785
2088-06, 23.760862272, -0.0910365288707573
2088-07, 85.542819552, 2.75924731296503
2088-08, 24.652677024, -0.0498930415251524
2088-09, 10.1735147232, -0.717882923461895
2088-10, 68.735127744, 1.98383173068132
2088-11, 12.0400773408, -0.631769865492425
2088-12, 2.892047328, -1.05381026819351
2089-01, 9.99582438816, -0.726080590112687
2089-02, 19.67943168, -0.279331561597371
2089-03, 67.654534176, 1.93397901441817
2089-04, 43.07383224, 0.799958976308391
2089-05, 9.62064793152001, -0.743389193453817
2089-06, 55.628287056, 1.37915331200947
2089-07, 13.61712384, -0.559013508258197
2089-08, 14.2672817664, -0.529018753901988
2089-09, 11.339029728, -0.664112393490777
2089-10, 46.837592064, 0.973598405734022
2089-11, 11.88867609792, -0.638754696262013
2089-12, 5.96428444800001, -0.912073939223908
2090-01, 55.848632544, 1.38931885566847
2090-02, 12.57155424, -0.607250408926274
2090-03, 9.394762752, -0.753810308381888
2090-04, 5.320869696, -0.941757600149589
2090-05, 25.34402315232, -0.017998087311649
2090-06, 40.8223721376, 0.696088839573729
2090-07, 33.241266432, 0.346337811162789
2090-08, 6.4850324544, -0.888049455480488
2090-09, 3.8508981984, -1.00957409855834
2090-10, 28.6978676544, 0.136730076268286
2090-11, 38.94575904, 0.609512107062242
2090-12, 13.4778816, -0.565437388695884
2091-01, 23.5620784224, -0.10020733568034
2091-02, 23.53156704, -0.101614965093126
2091-03, 3.086675424, -1.04483118527644
2091-04, 54.50667552, 1.3274082495572
2091-05, 18.531259488, -0.332301988410997
2091-06, 36.791775936, 0.510139029432247
2091-07, 6.32843625600001, -0.895273953273096
2091-08, 5.0175284544, -0.955752116956113
2091-09, 6.131547936, -0.904357310645522
2091-10, 29.3162407488, 0.165258451165934
2091-11, 10.441395072, -0.705524379586867
2091-12, 5.557330944, -0.930848562882605
2092-01, 1.54108204128, -1.11613646660396
2092-02, 18.1675483632, -0.349081643633233
2092-03, 3.5924472, -1.02149762343644
2092-04, 6.28943482944, -0.897073267196233
2092-05, 10.7717904, -0.69028173422119
2092-06, 42.325806528, 0.76544913404929
2092-07, 25.7180495904, -0.000742539578720041
2092-08, 5.22437264640001, -0.946209449740776
2092-09, 5.45237412480001, -0.935690700280429
2092-10, 12.5640154944, -0.607598205689559
2092-11, 18.01744245504, -0.356006714696513
2092-12, 51.425680032, 1.18526785707309
2093-01, 12.483338112, -0.611320221785846
2093-02, 6.85029484800001, -0.871198233144004
2093-03, 7.6281092928, -0.835314100598441
2093-04, 1.75121827200001, -1.10644192260803
2093-05, 9.80188229952001, -0.735028024377308
2093-06, 26.259281568, 0.0242269633045674
2093-07, 48.03446448, 1.02881559629021
2093-08, 6.64159098240001, -0.880826695595467
2093-09, 5.25617277120001, -0.94474236475551
2093-10, 59.5748957184, 1.5612283934043
2093-11, 15.51706848, -0.471360385142793
2093-12, 25.602771168, -0.0060608596699711
2094-01, 78.66224928, 2.44181518338687
2094-02, 10.4065161696, -0.707133502643314
2094-03, 5.48201088000001, -0.934323421414721
2094-04, 24.61034487744, -0.0518460167729802
2094-05, 50.810302944, 1.15687770163316
2094-06, 27.5996780352, 0.0860655738037318
2094-07, 29.429188704, 0.17046925616222
2094-08, 28.99153728, 0.15027839725935
2094-09, 32.6036893824, 0.31692347010907
2094-10, 73.475215776, 2.20251363914301
2094-11, 37.29960576, 0.533567538425406
2094-12, 8.15342544, -0.811078867657637
2095-01, 26.8534307808, 0.051637779915771
2095-02, 10.2751504128, -0.713194004939812
2095-03, 10.172332512, -0.717937464263601
2095-04, 23.753837952, -0.0913605928317799
2095-05, 1.73565778752001, -1.10715979882039
2095-06, 2.93171253120001, -1.05198033122257
2095-07, 6.91719782400001, -0.868111693321394
2095-08, 13.047113664, -0.585310680861059
2095-09, 21.5864104032, -0.19135392409994
2095-10, 14.04062542368, -0.539475446110307
2095-11, 22.48055577792, -0.150102914484523
2095-12, 8.28084729600001, -0.805200315516474
2096-01, 7.80014810880001, -0.827377164330931
2096-02, 6.29680089600001, -0.896733436905672
2096-03, 15.411253536, -0.476242111756617
2096-04, 36.75997728, 0.508672012209433
2096-05, 36.67764526848, 0.504873660515301
2096-06, 66.024337248, 1.85877058517029
2096-07, 41.3529099552, 0.720564972016972
2096-08, 4.94535542400001, -0.959081788456048
2096-09, 3.38523174720001, -1.03105741860799
2096-10, 67.837572576, 1.94242341172969
2096-11, 41.83014528, 0.742582017039776
2096-12, 17.8133485824, -0.365422497119318
2097-01, 15.086032704, -0.491246033990367
2097-02, 9.57272169600001, -0.745600249573059
2097-03, 3.19126029120001, -1.04000620772305
2097-04, 48.339574848, 1.042891730977
2097-05, 15.087890304, -0.491160334418879
2097-06, 19.663308576, -0.280075394017622
2097-07, 31.837947264, 0.281596289113541
2097-08, 56.355637248, 1.41270929810778
2097-09, 3.74981555520002, -1.01423750252427
2097-10, 0.214588828800015, -1.17733365646801
2097-11, 12.0860201088, -0.629650315788194
2097-12, 14.1647916672, -0.533747090240929
2098-01, 38.05888877856, 0.568596731647202
2098-02, 21.4814203632, -0.196197594124984
2098-03, 18.546706944, -0.331589326718608
2098-04, 6.90445080000002, -0.868699771752998
2098-05, 28.317632832, 0.119188107413556
2098-06, 6.10678897920002, -0.905499554394581
2098-07, 61.236527904, 1.6378870746472
2098-08, 31.590139104, 0.270163766975694
2098-09, 11.6306368992, -0.650659222940224
2098-10, 63.58844736, 1.74639186015205
2098-11, 25.8947201376, 0.00740807960173542
2098-12, 17.961286896, -0.358597427092295
2099-01, 3.97349258400002, -1.00391825967334
2099-02, 18.5262918336, -0.332531168995289
2099-03, 2.41898685120002, -1.07563470841193
2099-04, 17.342190008928, -0.387159193851397
2099-05, 16.923835008, -0.406459820632969
2099-06, 16.6485102624, -0.419161808530255
2099-07, 39.398018112, 0.630376883479135
2099-08, 24.3031186944, -0.0660197636703008
2099-09, 20.390373216, -0.246532581737167
2099-10, 27.48744288, 0.0808876535267378
2099-11, 14.111963424, -0.536184298361467
2099-12, 12.0626900352, -0.63072663862966
2100-01, 10.9243679616, -0.683242634496909
2100-02, 9.22452883200002, -0.761663976554123
2100-03, 10.0727672256, -0.722530865630727
2100-04, 47.562903648, 1.00706034153515
2100-05, 11.6120583936, -0.651516334249876
2100-06, 22.4114012352, -0.153293329362624
2100-07, 17.524612224, -0.378743223964669
2100-08, 51.164859168, 1.17323499947191
2100-09, 2.19217734720002, -1.08609846664957
2100-10, 15.0664290624, -0.492150439505401
2100-11, 14.8872959424, -0.500414668415464
2100-12, 7.35758795520002, -0.847794485347964
